begin;
--set client_min_messages to ERROR;
--USERS
INSERT INTO act_id_user (id_, rev_, first_, last_, email_, pwd_, picture_id_) VALUES ('test_flow@kcell.kz', 1, 'Kcell', 'Test', 'test_flow@kcell.kz', '{SHA}ieSV55Qc+eQOaYDRSha/AjzNTJE=', NULL);
INSERT INTO act_id_user (id_, rev_, first_, last_, email_, pwd_, picture_id_) VALUES ('Aigerim.Segizbayeva@kcell.kz', 1, 'Aigerim', 'Segizbayeva', 'Aigerim.Segizbayeva@kcell.kz', '{SHA}ieSV55Qc+eQOaYDRSha/AjzNTJE=', NULL);
INSERT INTO act_id_user (id_, rev_, first_, last_, email_, pwd_, picture_id_) VALUES ('Ainur.Beknazarova@kcell.kz', 1, 'Ainur', 'Beknazarova', 'Ainur.Beknazarova@kcell.kz', '{SHA}ieSV55Qc+eQOaYDRSha/AjzNTJE=', NULL);
INSERT INTO act_id_user (id_, rev_, first_, last_, email_, pwd_, picture_id_) VALUES ('Aleksandr.Kobelev@kcell.kz', 1, 'Aleksandr', 'Kobelev', 'Aleksandr.Kobelev@kcell.kz', '{SHA}ieSV55Qc+eQOaYDRSha/AjzNTJE=', NULL);
INSERT INTO act_id_user (id_, rev_, first_, last_, email_, pwd_, picture_id_) VALUES ('Alexander.Shanygin@kcell.kz', 1, 'Alexander', 'Shanygin', 'Alexander.Shanygin@kcell.kz', '{SHA}ieSV55Qc+eQOaYDRSha/AjzNTJE=', NULL);
INSERT INTO act_id_user (id_, rev_, first_, last_, email_, pwd_, picture_id_) VALUES ('Alexey.Khudaev@kcell.kz', 1, 'Alexey', 'Khudaev', 'Alexey.Khudaev@kcell.kz', '{SHA}ieSV55Qc+eQOaYDRSha/AjzNTJE=', NULL);
INSERT INTO act_id_user (id_, rev_, first_, last_, email_, pwd_, picture_id_) VALUES ('Alexey.Kolesnikov@kcell.kz', 1, 'Alexey', 'Kolesnikov', 'Alexey.Kolesnikov@kcell.kz', '{SHA}ieSV55Qc+eQOaYDRSha/AjzNTJE=', NULL);
INSERT INTO act_id_user (id_, rev_, first_, last_, email_, pwd_, picture_id_) VALUES ('Alexey.Kolyagin@kcell.kz', 1, 'Alexey', 'Kolyagin', 'Alexey.Kolyagin@kcell.kz', '{SHA}ieSV55Qc+eQOaYDRSha/AjzNTJE=', NULL);
INSERT INTO act_id_user (id_, rev_, first_, last_, email_, pwd_, picture_id_) VALUES ('Alibek.Nurkassymov@kcell.kz', 1, 'Alibek', 'Nurkassymov', 'Alibek.Nurkassymov@kcell.kz', '{SHA}ieSV55Qc+eQOaYDRSha/AjzNTJE=', NULL);
INSERT INTO act_id_user (id_, rev_, first_, last_, email_, pwd_, picture_id_) VALUES ('Amanbek.Suimenbayev@kcell.kz', 1, 'Amanbek', 'Suimenbayev', 'Amanbek.Suimenbayev@kcell.kz', '{SHA}ieSV55Qc+eQOaYDRSha/AjzNTJE=', NULL);
INSERT INTO act_id_user (id_, rev_, first_, last_, email_, pwd_, picture_id_) VALUES ('Anastassiya.Shenojak@kcell.kz', 1, 'Anastassiya', 'Shenojak', 'Anastassiya.Shenojak@kcell.kz', '{SHA}ieSV55Qc+eQOaYDRSha/AjzNTJE=', NULL);
INSERT INTO act_id_user (id_, rev_, first_, last_, email_, pwd_, picture_id_) VALUES ('Andrei.Lugovoy@kcell.kz', 1, 'Andrei', 'Lugovoy', 'Andrei.Lugovoy@kcell.kz', '{SHA}ieSV55Qc+eQOaYDRSha/AjzNTJE=', NULL);
INSERT INTO act_id_user (id_, rev_, first_, last_, email_, pwd_, picture_id_) VALUES ('Andrey.Medvedev@kcell.kz', 1, 'Andrey', 'Medvedev', 'Andrey.Medvedev@kcell.kz', '{SHA}ieSV55Qc+eQOaYDRSha/AjzNTJE=', NULL);
INSERT INTO act_id_user (id_, rev_, first_, last_, email_, pwd_, picture_id_) VALUES ('Anna.Martynova@kcell.kz', 1, 'Anna', 'Martynova', 'Anna.Martynova@kcell.kz', '{SHA}ieSV55Qc+eQOaYDRSha/AjzNTJE=', NULL);
INSERT INTO act_id_user (id_, rev_, first_, last_, email_, pwd_, picture_id_) VALUES ('Arman.Utepov@kcell.kz', 1, 'Arman', 'Utepov', 'Arman.Utepov@kcell.kz', '{SHA}ieSV55Qc+eQOaYDRSha/AjzNTJE=', NULL);
INSERT INTO act_id_user (id_, rev_, first_, last_, email_, pwd_, picture_id_) VALUES ('Askar.Bekmurzayev@kcell.kz', 1, 'Askar', 'Bekmurzayev', 'Askar.Bekmurzayev@kcell.kz', '{SHA}ieSV55Qc+eQOaYDRSha/AjzNTJE=', NULL);
INSERT INTO act_id_user (id_, rev_, first_, last_, email_, pwd_, picture_id_) VALUES ('Askar.Pernebekov@kcell.kz', 1, 'Askar', 'Pernebekov', 'Askar.Pernebekov@kcell.kz', '{SHA}ieSV55Qc+eQOaYDRSha/AjzNTJE=', NULL);
INSERT INTO act_id_user (id_, rev_, first_, last_, email_, pwd_, picture_id_) VALUES ('Askhat.Tatepbaev@kcell.kz', 1, 'Askhat', 'Tatepbaev', 'Askhat.Tatepbaev@kcell.kz', '{SHA}ieSV55Qc+eQOaYDRSha/AjzNTJE=', NULL);
INSERT INTO act_id_user (id_, rev_, first_, last_, email_, pwd_, picture_id_) VALUES ('Aslan.Shalov@kcell.kz', 1, 'Aslan', 'Shalov', 'Aslan.Shalov@kcell.kz', '{SHA}ieSV55Qc+eQOaYDRSha/AjzNTJE=', NULL);
INSERT INTO act_id_user (id_, rev_, first_, last_, email_, pwd_, picture_id_) VALUES ('Asset.Rashitov@kcell.kz', 1, 'Asset', 'Rashitov', 'Asset.Rashitov@kcell.kz', '{SHA}ieSV55Qc+eQOaYDRSha/AjzNTJE=', NULL);
INSERT INTO act_id_user (id_, rev_, first_, last_, email_, pwd_, picture_id_) VALUES ('Bahytzhan.Sandybayev@kcell.kz', 1, 'Bahytzhan', 'Sandybayev', 'Bahytzhan.Sandybayev@kcell.kz', '{SHA}ieSV55Qc+eQOaYDRSha/AjzNTJE=', NULL);
INSERT INTO act_id_user (id_, rev_, first_, last_, email_, pwd_, picture_id_) VALUES ('Begaly.Kokin@kcell.kz', 1, 'Begaly', 'Kokin', 'Begaly.Kokin@kcell.kz', '{SHA}ieSV55Qc+eQOaYDRSha/AjzNTJE=', NULL);
INSERT INTO act_id_user (id_, rev_, first_, last_, email_, pwd_, picture_id_) VALUES ('Beibit.Bitenov@kcell.kz', 1, 'Beibit', 'Bitenov', 'Beibit.Bitenov@kcell.kz', '{SHA}ieSV55Qc+eQOaYDRSha/AjzNTJE=', NULL);
INSERT INTO act_id_user (id_, rev_, first_, last_, email_, pwd_, picture_id_) VALUES ('Bella.Mamatova@kcell.kz', 1, 'Bella', 'Mamatova', 'Bella.Mamatova@kcell.kz', '{SHA}ieSV55Qc+eQOaYDRSha/AjzNTJE=', NULL);
INSERT INTO act_id_user (id_, rev_, first_, last_, email_, pwd_, picture_id_) VALUES ('Bogembay.Tleuzhanov@kcell.kz', 1, 'Bogembay', 'Tleuzhanov', 'Bogembay.Tleuzhanov@kcell.kz', '{SHA}ieSV55Qc+eQOaYDRSha/AjzNTJE=', NULL);
INSERT INTO act_id_user (id_, rev_, first_, last_, email_, pwd_, picture_id_) VALUES ('Bolat.Idirissov@kcell.kz', 1, 'Bolat', 'Idirissov', 'Bolat.Idirissov@kcell.kz', '{SHA}ieSV55Qc+eQOaYDRSha/AjzNTJE=', NULL);
INSERT INTO act_id_user (id_, rev_, first_, last_, email_, pwd_, picture_id_) VALUES ('Daniyar.Uzibayev@kcell.kz', 1, 'Daniyar', 'Uzibayev', 'Daniyar.Uzibayev@kcell.kz', '{SHA}ieSV55Qc+eQOaYDRSha/AjzNTJE=', NULL);
INSERT INTO act_id_user (id_, rev_, first_, last_, email_, pwd_, picture_id_) VALUES ('Daniyar.Yespayev@kcell.kz', 1, 'Daniyar', 'Yespayev', 'Daniyar.Yespayev@kcell.kz', '{SHA}ieSV55Qc+eQOaYDRSha/AjzNTJE=', NULL);
INSERT INTO act_id_user (id_, rev_, first_, last_, email_, pwd_, picture_id_) VALUES ('Dauren.Beispaev@kcell.kz', 1, 'Dauren', 'Beispaev', 'Dauren.Beispaev@kcell.kz', '{SHA}ieSV55Qc+eQOaYDRSha/AjzNTJE=', NULL);
INSERT INTO act_id_user (id_, rev_, first_, last_, email_, pwd_, picture_id_) VALUES ('Dmitriy.Saidashev@kcell.kz', 1, 'Dmitriy', 'Saidashev', 'Dmitriy.Saidashev@kcell.kz', '{SHA}ieSV55Qc+eQOaYDRSha/AjzNTJE=', NULL);
INSERT INTO act_id_user (id_, rev_, first_, last_, email_, pwd_, picture_id_) VALUES ('Evgeniy.Semenov@kcell.kz', 1, 'Evgeniy', 'Semenov', 'Evgeniy.Semenov@kcell.kz', '{SHA}ieSV55Qc+eQOaYDRSha/AjzNTJE=', NULL);
INSERT INTO act_id_user (id_, rev_, first_, last_, email_, pwd_, picture_id_) VALUES ('Farida.Jumanazarova@kcell.kz', 1, 'Farida', 'Jumanazarova', 'Farida.Jumanazarova@kcell.kz', '{SHA}ieSV55Qc+eQOaYDRSha/AjzNTJE=', NULL);
INSERT INTO act_id_user (id_, rev_, first_, last_, email_, pwd_, picture_id_) VALUES ('Galym.Tulenbayev@kcell.kz', 1, 'Galym', 'Tulenbayev', 'Galym.Tulenbayev@kcell.kz', '{SHA}ieSV55Qc+eQOaYDRSha/AjzNTJE=', NULL);
INSERT INTO act_id_user (id_, rev_, first_, last_, email_, pwd_, picture_id_) VALUES ('Gaukhar.Kaisarova@kcell.kz', 1, 'Gaukhar', 'Kaisarova', 'Gaukhar.Kaisarova@kcell.kz', '{SHA}ieSV55Qc+eQOaYDRSha/AjzNTJE=', NULL);
INSERT INTO act_id_user (id_, rev_, first_, last_, email_, pwd_, picture_id_) VALUES ('Gulzhan.Imandosova@kcell.kz', 1, 'Gulzhan', 'Imandosova', 'Gulzhan.Imandosova@kcell.kz', '{SHA}ieSV55Qc+eQOaYDRSha/AjzNTJE=', NULL);
INSERT INTO act_id_user (id_, rev_, first_, last_, email_, pwd_, picture_id_) VALUES ('Kairat.Parmanov@kcell.kz', 1, 'Kairat', 'Parmanov', 'Kairat.Parmanov@kcell.kz', '{SHA}ieSV55Qc+eQOaYDRSha/AjzNTJE=', NULL);
INSERT INTO act_id_user (id_, rev_, first_, last_, email_, pwd_, picture_id_) VALUES ('Kali.Esimbekov@kcell.kz', 1, 'Kali', 'Esimbekov', 'Kali.Esimbekov@kcell.kz', '{SHA}ieSV55Qc+eQOaYDRSha/AjzNTJE=', NULL);
INSERT INTO act_id_user (id_, rev_, first_, last_, email_, pwd_, picture_id_) VALUES ('Kanat.Kulmukhambetov@kcell.kz', 1, 'Kanat', 'Kulmukhambetov', 'Kanat.Kulmukhambetov@kcell.kz', '{SHA}ieSV55Qc+eQOaYDRSha/AjzNTJE=', NULL);
INSERT INTO act_id_user (id_, rev_, first_, last_, email_, pwd_, picture_id_) VALUES ('Kerey.Zatilda@kcell.kz', 1, 'Kerey', 'Zatilda', 'Kerey.Zatilda@kcell.kz', '{SHA}ieSV55Qc+eQOaYDRSha/AjzNTJE=', NULL);
INSERT INTO act_id_user (id_, rev_, first_, last_, email_, pwd_, picture_id_) VALUES ('Kirill.Kassatkin@kcell.kz', 1, 'Kirill', 'Kassatkin', 'Kirill.Kassatkin@kcell.kz', '{SHA}ieSV55Qc+eQOaYDRSha/AjzNTJE=', NULL);
INSERT INTO act_id_user (id_, rev_, first_, last_, email_, pwd_, picture_id_) VALUES ('Kuanysh.Khozhamuratov@kcell.kz', 1, 'Kuanysh', 'Khozhamuratov', 'Kuanysh.Khozhamuratov@kcell.kz', '{SHA}ieSV55Qc+eQOaYDRSha/AjzNTJE=', NULL);
INSERT INTO act_id_user (id_, rev_, first_, last_, email_, pwd_, picture_id_) VALUES ('Kuanysh.Kussainbekov@kcell.kz', 1, 'Kuanysh', 'Kussainbekov', 'Kuanysh.Kussainbekov@kcell.kz', '{SHA}ieSV55Qc+eQOaYDRSha/AjzNTJE=', NULL);
INSERT INTO act_id_user (id_, rev_, first_, last_, email_, pwd_, picture_id_) VALUES ('Lazizbek.Kurbantayev@kcell.kz', 1, 'Lazizbek', 'Kurbantayev', 'Lazizbek.Kurbantayev@kcell.kz', '{SHA}ieSV55Qc+eQOaYDRSha/AjzNTJE=', NULL);
INSERT INTO act_id_user (id_, rev_, first_, last_, email_, pwd_, picture_id_) VALUES ('Leila.Raisova@kcell.kz', 1, 'Leila', 'Raisova', 'Leila.Raisova@kcell.kz', '{SHA}ieSV55Qc+eQOaYDRSha/AjzNTJE=', NULL);
INSERT INTO act_id_user (id_, rev_, first_, last_, email_, pwd_, picture_id_) VALUES ('Lyudmila.Jabrailova@kcell.kz', 1, 'Lyudmila', 'Jabrailova', 'Lyudmila.Jabrailova@kcell.kz', '{SHA}ieSV55Qc+eQOaYDRSha/AjzNTJE=', NULL);
INSERT INTO act_id_user (id_, rev_, first_, last_, email_, pwd_, picture_id_) VALUES ('Lyudmila.Vilkova@kcell.kz', 1, 'Lyudmila', 'Vilkova', 'Lyudmila.Vilkova@kcell.kz', '{SHA}ieSV55Qc+eQOaYDRSha/AjzNTJE=', NULL);
INSERT INTO act_id_user (id_, rev_, first_, last_, email_, pwd_, picture_id_) VALUES ('Makhabbat.Sasanova@kcell.kz', 1, 'Makhabbat', 'Sasanova', 'Makhabbat.Sasanova@kcell.kz', '{SHA}ieSV55Qc+eQOaYDRSha/AjzNTJE=', NULL);
INSERT INTO act_id_user (id_, rev_, first_, last_, email_, pwd_, picture_id_) VALUES ('Maral.Amantay@kcell.kz', 1, 'Maral', 'Amantay', 'Maral.Amantay@kcell.kz', '{SHA}ieSV55Qc+eQOaYDRSha/AjzNTJE=', NULL);
INSERT INTO act_id_user (id_, rev_, first_, last_, email_, pwd_, picture_id_) VALUES ('Marina.Paramonova@kcell.kz', 1, 'Marina', 'Paramonova', 'Marina.Paramonova@kcell.kz', '{SHA}ieSV55Qc+eQOaYDRSha/AjzNTJE=', NULL);
INSERT INTO act_id_user (id_, rev_, first_, last_, email_, pwd_, picture_id_) VALUES ('Maulen.Kempirbayev@kcell.kz', 1, 'Maulen', 'Kempirbayev', 'Maulen.Kempirbayev@kcell.kz', '{SHA}ieSV55Qc+eQOaYDRSha/AjzNTJE=', NULL);
INSERT INTO act_id_user (id_, rev_, first_, last_, email_, pwd_, picture_id_) VALUES ('Maxim.Goikolov@kcell.kz', 1, 'Maxim', 'Goikolov', 'Maxim.Goikolov@kcell.kz', '{SHA}ieSV55Qc+eQOaYDRSha/AjzNTJE=', NULL);
INSERT INTO act_id_user (id_, rev_, first_, last_, email_, pwd_, picture_id_) VALUES ('Nurzhan.Kochshigulov@kcell.kz', 1, 'Nurzhan', 'Kochshigulov', 'Nurzhan.Kochshigulov@kcell.kz', '{SHA}ieSV55Qc+eQOaYDRSha/AjzNTJE=', NULL);
INSERT INTO act_id_user (id_, rev_, first_, last_, email_, pwd_, picture_id_) VALUES ('Nurzhan.Mynbayev@kcell.kz', 1, 'Nurzhan', 'Mynbayev', 'Nurzhan.Mynbayev@kcell.kz', '{SHA}ieSV55Qc+eQOaYDRSha/AjzNTJE=', NULL);
INSERT INTO act_id_user (id_, rev_, first_, last_, email_, pwd_, picture_id_) VALUES ('Rinat.Kurbangaliyev@kcell.kz', 1, 'Rinat', 'Kurbangaliyev', 'Rinat.Kurbangaliyev@kcell.kz', '{SHA}ieSV55Qc+eQOaYDRSha/AjzNTJE=', NULL);
INSERT INTO act_id_user (id_, rev_, first_, last_, email_, pwd_, picture_id_) VALUES ('Ruslan.Tubekbayev@kcell.kz', 1, 'Ruslan', 'Tubekbayev', 'Ruslan.Tubekbayev@kcell.kz', '{SHA}ieSV55Qc+eQOaYDRSha/AjzNTJE=', NULL);
INSERT INTO act_id_user (id_, rev_, first_, last_, email_, pwd_, picture_id_) VALUES ('Samat.Akhmetov@kcell.kz', 1, 'Samat', 'Akhmetov', 'Samat.Akhmetov@kcell.kz', '{SHA}ieSV55Qc+eQOaYDRSha/AjzNTJE=', NULL);
INSERT INTO act_id_user (id_, rev_, first_, last_, email_, pwd_, picture_id_) VALUES ('Sara.Turabayeva@kcell.kz', 1, 'Sara', 'Turabayeva', 'Sara.Turabayeva@kcell.kz', '{SHA}ieSV55Qc+eQOaYDRSha/AjzNTJE=', NULL);
INSERT INTO act_id_user (id_, rev_, first_, last_, email_, pwd_, picture_id_) VALUES ('LSE_Revision_Alm', 2, 'LSE_REVISION', 'Alm', '', '{SHA}ieSV55Qc+eQOaYDRSha/AjzNTJE=', NULL);
INSERT INTO act_id_user (id_, rev_, first_, last_, email_, pwd_, picture_id_) VALUES ('Abai.Shapagatin@kcell.kz', 2, 'Abai', 'Shapagatin', 'Abai.Shapagatin@kcell.kz', '{SHA}ieSV55Qc+eQOaYDRSha/AjzNTJE=', NULL);
INSERT INTO act_id_user (id_, rev_, first_, last_, email_, pwd_, picture_id_) VALUES ('Yernaz.Kalingarayev@kcell.kz', 1, 'Yernaz', 'Kalingarayev', 'Yernaz.Kalingarayev@kcell.kz', '{SHA}ieSV55Qc+eQOaYDRSha/AjzNTJE=', NULL);
INSERT INTO act_id_user (id_, rev_, first_, last_, email_, pwd_, picture_id_) VALUES ('Askar.Slambekov@kcell.kz', 1, 'Askar', 'Slambekov', 'Askar.Slambekov@kcell.kz', '{SHA}ieSV55Qc+eQOaYDRSha/AjzNTJE=', NULL);
INSERT INTO act_id_user (id_, rev_, first_, last_, email_, pwd_, picture_id_) VALUES ('Anzor.Israilov@kcell.kz', 1, 'Anzor', 'Israilov', 'Anzor.Israilov@kcell.kz', '{SHA}ieSV55Qc+eQOaYDRSha/AjzNTJE=', NULL);
INSERT INTO act_id_user (id_, rev_, first_, last_, email_, pwd_, picture_id_) VALUES ('Adilet.Baishalov@kcell.kz', 1, 'Adilet', 'Baishalov', 'Adilet.Baishalov@kcell.kz', '{SHA}ieSV55Qc+eQOaYDRSha/AjzNTJE=', NULL);
INSERT INTO act_id_user (id_, rev_, first_, last_, email_, pwd_, picture_id_) VALUES ('Aidos.Kenzhebayev@kcell.kz', 1, 'Aidos', 'Kenzhebayev', 'Aidos.Kenzhebayev@kcell.kz', '{SHA}ieSV55Qc+eQOaYDRSha/AjzNTJE=', NULL);
INSERT INTO act_id_user (id_, rev_, first_, last_, email_, pwd_, picture_id_) VALUES ('Aigerim.Iskakova@kcell.kz', 1, 'Aigerim', 'Iskakova', 'Aigerim.Iskakova@kcell.kz', '{SHA}ieSV55Qc+eQOaYDRSha/AjzNTJE=', NULL);
INSERT INTO act_id_user (id_, rev_, first_, last_, email_, pwd_, picture_id_) VALUES ('Aigerim.Satybekova@kcell.kz', 1, 'Aigerim', 'Satybekova', 'Aigerim.Satybekova@kcell.kz', '{SHA}ieSV55Qc+eQOaYDRSha/AjzNTJE=', NULL);
INSERT INTO act_id_user (id_, rev_, first_, last_, email_, pwd_, picture_id_) VALUES ('Margarita.Kim@kcell.kz', 1, 'Margarita', 'Kim', 'Margarita.Kim@kcell.kz', '{SHA}ieSV55Qc+eQOaYDRSha/AjzNTJE=', NULL);
INSERT INTO act_id_user (id_, rev_, first_, last_, email_, pwd_, picture_id_) VALUES ('Makhambet.Sameke2@kcell.kz', 1, 'Makhambet', 'Sameke2', 'Makhambet.Sameke2@kcell.kz', '{SHA}ieSV55Qc+eQOaYDRSha/AjzNTJE=', NULL);
INSERT INTO act_id_user (id_, rev_, first_, last_, email_, pwd_, picture_id_) VALUES ('Ernat.Suleimenov@kcell.kz', 1, 'Ernat', 'Suleimenov', 'Ernat.Suleimenov@kcell.kz', '{SHA}ieSV55Qc+eQOaYDRSha/AjzNTJE=', NULL);
INSERT INTO act_id_user (id_, rev_, first_, last_, email_, pwd_, picture_id_) VALUES ('Dana.Sabitova@kcell.kz', 1, 'Dana', 'Sabitova', 'Dana.Sabitova@kcell.kz', '{SHA}ieSV55Qc+eQOaYDRSha/AjzNTJE=', NULL);
INSERT INTO act_id_user (id_, rev_, first_, last_, email_, pwd_, picture_id_) VALUES ('Askhat.Tatepbayev@kcell.kz', 1, 'Askhat', 'Tatepbayev', 'Askhat.Tatepbayev@kcell.kz', '{SHA}ieSV55Qc+eQOaYDRSha/AjzNTJE=', NULL);
INSERT INTO act_id_user (id_, rev_, first_, last_, email_, pwd_, picture_id_) VALUES ('Keremet.Ibragimova@kcell.kz', 1, 'Keremet', 'Ibragimova', 'Keremet.Ibragimova@kcell.kz', '{SHA}ieSV55Qc+eQOaYDRSha/AjzNTJE=', NULL);
INSERT INTO act_id_user (id_, rev_, first_, last_, email_, pwd_, picture_id_) VALUES ('Chingis.Zholdassov@kcell.kz', 1, 'Chingis', 'Zholdassov', 'Chingis.Zholdassov@kcell.kz', '{SHA}ieSV55Qc+eQOaYDRSha/AjzNTJE=', NULL);
INSERT INTO act_id_user (id_, rev_, first_, last_, email_, pwd_, picture_id_) VALUES ('Alexandr.Kim@kcell.kz', 1, 'Alexandr', 'Kim', 'Alexandr.Kim@kcell.kz', '{SHA}ieSV55Qc+eQOaYDRSha/AjzNTJE=', NULL);
INSERT INTO act_id_user (id_, rev_, first_, last_, email_, pwd_, picture_id_) VALUES ('Kirill.Strashenko@kcell.kz', 1, 'Kirill', 'Strashenko', 'Kirill.Strashenko@kcell.kz', '{SHA}ieSV55Qc+eQOaYDRSha/AjzNTJE=', NULL);
INSERT INTO act_id_user (id_, rev_, first_, last_, email_, pwd_, picture_id_) VALUES ('rollout-almaty-main@lse.kz', 1, 'Rollout', 'Almaty-Main', 'rollout-almaty-main@lse.kz', '{SHA}ieSV55Qc+eQOaYDRSha/AjzNTJE=', NULL);
INSERT INTO act_id_user (id_, rev_, first_, last_, email_, pwd_, picture_id_) VALUES ('rn-rs-almaty@lse.kz', 1, 'RN', 'RS-Almaty', 'rn-rs-almaty@lse.kz', '{SHA}ieSV55Qc+eQOaYDRSha/AjzNTJE=', NULL);
INSERT INTO act_id_user (id_, rev_, first_, last_, email_, pwd_, picture_id_) VALUES ('botagoz.ch@lse.kz', 1, 'Botagoz', 'Ch', 'botagoz.ch@lse.kz', '{SHA}ieSV55Qc+eQOaYDRSha/AjzNTJE=', NULL);
INSERT INTO act_id_user (id_, rev_, first_, last_, email_, pwd_, picture_id_) VALUES ('anuarbek.m@lse.kz', 1, 'Anuarbek', 'M', 'anuarbek.m@lse.kz', '{SHA}ieSV55Qc+eQOaYDRSha/AjzNTJE=', NULL);
INSERT INTO act_id_user (id_, rev_, first_, last_, email_, pwd_, picture_id_) VALUES ('zhandos.k@lse.kz', 1, 'Zhandos', 'K', 'zhandos.k@lse.kz', '{SHA}ieSV55Qc+eQOaYDRSha/AjzNTJE=', NULL);
INSERT INTO act_id_user (id_, rev_, first_, last_, email_, pwd_, picture_id_) VALUES ('kairat.b@lse.kz', 1, 'Kairat', 'B', 'kairat.b@lse.kz', '{SHA}ieSV55Qc+eQOaYDRSha/AjzNTJE=', NULL);
INSERT INTO act_id_user (id_, rev_, first_, last_, email_, pwd_, picture_id_) VALUES ('gulzhaina.t@lse.kz', 1, 'Guzhaina', 'T', 'gulzhaina.t@lse.kz', '{SHA}ieSV55Qc+eQOaYDRSha/AjzNTJE=', NULL);
INSERT INTO act_id_user (id_, rev_, first_, last_, email_, pwd_, picture_id_) VALUES ('meirkhan.k@lse.kz', 1, 'Meirkhan', 'K', 'meirkhan.k@lse.kz', '{SHA}ieSV55Qc+eQOaYDRSha/AjzNTJE=', NULL);
INSERT INTO act_id_user (id_, rev_, first_, last_, email_, pwd_, picture_id_) VALUES ('beibit.a@lse.kz', 1, 'Beibit', 'A', 'beibit.a@lse.kz', '{SHA}ieSV55Qc+eQOaYDRSha/AjzNTJE=', NULL);
INSERT INTO act_id_user (id_, rev_, first_, last_, email_, pwd_, picture_id_) VALUES ('Nikolay.Ustinov@kcell.kz', 1, 'Nikolay', 'Ustinov', 'Nikolay.Ustinov@kcell.kz', '{SHA}ieSV55Qc+eQOaYDRSha/AjzNTJE=', NULL);
INSERT INTO act_id_user (id_, rev_, first_, last_, email_, pwd_, picture_id_) VALUES ('nazym.s@lse.kz', 2, 'Nazym', 'S', 'nazym.s@lse.kz', '{SHA}ieSV55Qc+eQOaYDRSha/AjzNTJE=', NULL);
INSERT INTO act_id_user (id_, rev_, first_, last_, email_, pwd_, picture_id_) VALUES ('Evgeniy.Degtyarev@kcell.kz', 1, 'Evgeniy', 'Degtyarev', 'Evgeniy.Degtyarev@kcell.kz', '{SHA}ieSV55Qc+eQOaYDRSha/AjzNTJE=', NULL);
INSERT INTO act_id_user (id_, rev_, first_, last_, email_, pwd_, picture_id_) VALUES ('demo', 2, 'Demo', 'Demo', 'demo@camunda.org', '{SHA}ieSV55Qc+eQOaYDRSha/AjzNTJE=', NULL);
INSERT INTO act_id_user (id_, rev_, first_, last_, email_, pwd_, picture_id_) VALUES ('Ikhtiyar.Ibrayev@kcell.kz', 1, 'Ikhtiyar', 'Ibrayev', 'Ikhtiyar.Ibrayev@kcell.kz', '{SHA}ieSV55Qc+eQOaYDRSha/AjzNTJE=', NULL);
INSERT INTO act_id_user (id_, rev_, first_, last_, email_, pwd_, picture_id_) VALUES ('Nurlan.Shokparov@kcell.kz', 1, 'Nurlan', 'Shokparov', 'Nurlan.Shokparov@kcell.kz', '{SHA}ieSV55Qc+eQOaYDRSha/AjzNTJE=', NULL);
INSERT INTO act_id_user (id_, rev_, first_, last_, email_, pwd_, picture_id_) VALUES ('Alexey.Zharskiy@kcell.kz', 1, 'Alexey', 'Zharskiy', 'Alexey.Zharskiy@kcell.kz', '{SHA}ieSV55Qc+eQOaYDRSha/AjzNTJE=', NULL);
INSERT INTO act_id_user (id_, rev_, first_, last_, email_, pwd_, picture_id_) VALUES ('Askhat.Kapay@kcell.kz', 1, 'Askhat', 'Kapay', 'Askhat.Kapay@kcell.kz', '{SHA}ieSV55Qc+eQOaYDRSha/AjzNTJE=', NULL);
INSERT INTO act_id_user (id_, rev_, first_, last_, email_, pwd_, picture_id_) VALUES ('Georgiy.Kan@kcell.kz', 1, 'Georgiy', 'Kan', 'Georgiy.Kan@kcell.kz', '{SHA}ieSV55Qc+eQOaYDRSha/AjzNTJE=', NULL);
INSERT INTO act_id_user (id_, rev_, first_, last_, email_, pwd_, picture_id_) VALUES ('Saule.Beisembekova@kcell.kz', 1, 'Saule', 'Beisembekova', 'Saule.Beisembekova@kcell.kz', '{SHA}ieSV55Qc+eQOaYDRSha/AjzNTJE=', NULL);
INSERT INTO act_id_user (id_, rev_, first_, last_, email_, pwd_, picture_id_) VALUES ('Sergey.Chekh@kcell.kz', 1, 'Sergey', 'Chekh', 'Sergey.Chekh@kcell.kz', '{SHA}ieSV55Qc+eQOaYDRSha/AjzNTJE=', NULL);
INSERT INTO act_id_user (id_, rev_, first_, last_, email_, pwd_, picture_id_) VALUES ('Sergey.Chumachenko@kcell.kz', 1, 'Sergey', 'Chumachenko', 'Sergey.Chumachenko@kcell.kz', '{SHA}ieSV55Qc+eQOaYDRSha/AjzNTJE=', NULL);
INSERT INTO act_id_user (id_, rev_, first_, last_, email_, pwd_, picture_id_) VALUES ('Sergey.Grigor@kcell.kz', 1, 'Sergey', 'Grigor', 'Sergey.Grigor@kcell.kz', '{SHA}ieSV55Qc+eQOaYDRSha/AjzNTJE=', NULL);
INSERT INTO act_id_user (id_, rev_, first_, last_, email_, pwd_, picture_id_) VALUES ('Sergey.Lee@kcell.kz', 1, 'Sergey', 'Lee', 'Sergey.Lee@kcell.kz', '{SHA}ieSV55Qc+eQOaYDRSha/AjzNTJE=', NULL);
INSERT INTO act_id_user (id_, rev_, first_, last_, email_, pwd_, picture_id_) VALUES ('Sergey.Michshenko@kcell.kz', 1, 'Sergey', 'Michshenko', 'Sergey.Michshenko@kcell.kz', '{SHA}ieSV55Qc+eQOaYDRSha/AjzNTJE=', NULL);
INSERT INTO act_id_user (id_, rev_, first_, last_, email_, pwd_, picture_id_) VALUES ('Shyngys.Kassabekov@kcell.kz', 1, 'Shyngys', 'Kassabekov', 'Shyngys.Kassabekov@kcell.kz', '{SHA}ieSV55Qc+eQOaYDRSha/AjzNTJE=', NULL);
INSERT INTO act_id_user (id_, rev_, first_, last_, email_, pwd_, picture_id_) VALUES ('Tatyana.Solovyova@kcell.kz', 1, 'Tatyana', 'Solovyova', 'Tatyana.Solovyova@kcell.kz', '{SHA}ieSV55Qc+eQOaYDRSha/AjzNTJE=', NULL);
INSERT INTO act_id_user (id_, rev_, first_, last_, email_, pwd_, picture_id_) VALUES ('Temirlan.Kaliyev@kcell.kz', 1, 'Temirlan', 'Kaliyev', 'Temirlan.Kaliyev@kcell.kz', '{SHA}ieSV55Qc+eQOaYDRSha/AjzNTJE=', NULL);
INSERT INTO act_id_user (id_, rev_, first_, last_, email_, pwd_, picture_id_) VALUES ('Valeriy.Pogorelov@kcell.kz', 1, 'Valeriy', 'Pogorelov', 'Valeriy.Pogorelov@kcell.kz', '{SHA}ieSV55Qc+eQOaYDRSha/AjzNTJE=', NULL);
INSERT INTO act_id_user (id_, rev_, first_, last_, email_, pwd_, picture_id_) VALUES ('Vassiliy.Gopkalo@kcell.kz', 1, 'Vassiliy', 'Gopkalo', 'Vassiliy.Gopkalo@kcell.kz', '{SHA}ieSV55Qc+eQOaYDRSha/AjzNTJE=', NULL);
INSERT INTO act_id_user (id_, rev_, first_, last_, email_, pwd_, picture_id_) VALUES ('Vladimir.Grachyov@kcell.kz', 1, 'Vladimir', 'Grachyov', 'Vladimir.Grachyov@kcell.kz', '{SHA}ieSV55Qc+eQOaYDRSha/AjzNTJE=', NULL);
INSERT INTO act_id_user (id_, rev_, first_, last_, email_, pwd_, picture_id_) VALUES ('Vladimir.Yefanov@kcell.kz', 1, 'Vladimir', 'Yefanov', 'Vladimir.Yefanov@kcell.kz', '{SHA}ieSV55Qc+eQOaYDRSha/AjzNTJE=', NULL);
INSERT INTO act_id_user (id_, rev_, first_, last_, email_, pwd_, picture_id_) VALUES ('Vladislav.Posashkov@kcell.kz', 1, 'Vladislav', 'Posashkov', 'Vladislav.Posashkov@kcell.kz', '{SHA}ieSV55Qc+eQOaYDRSha/AjzNTJE=', NULL);
INSERT INTO act_id_user (id_, rev_, first_, last_, email_, pwd_, picture_id_) VALUES ('Yerkebulan.Dauletbayev@kcell.kz', 1, 'Yerkebulan', 'Dauletbayev', 'Yerkebulan.Dauletbayev@kcell.kz', '{SHA}ieSV55Qc+eQOaYDRSha/AjzNTJE=', NULL);
INSERT INTO act_id_user (id_, rev_, first_, last_, email_, pwd_, picture_id_) VALUES ('Yermek.Tanabekov@kcell.kz', 1, 'Yermek', 'Tanabekov', 'Yermek.Tanabekov@kcell.kz', '{SHA}ieSV55Qc+eQOaYDRSha/AjzNTJE=', NULL);
INSERT INTO act_id_user (id_, rev_, first_, last_, email_, pwd_, picture_id_) VALUES ('Yevgeniy.Elunin@kcell.kz', 1, 'Yevgeniy', 'Elunin', 'Yevgeniy.Elunin@kcell.kz', '{SHA}ieSV55Qc+eQOaYDRSha/AjzNTJE=', NULL);
INSERT INTO act_id_user (id_, rev_, first_, last_, email_, pwd_, picture_id_) VALUES ('Zhanat.Seitkanov@kcell.kz', 1, 'Zhanat', 'Seitkanov', 'Zhanat.Seitkanov@kcell.kz', '{SHA}ieSV55Qc+eQOaYDRSha/AjzNTJE=', NULL);
INSERT INTO act_id_user (id_, rev_, first_, last_, email_, pwd_, picture_id_) VALUES ('Zhandos.Bolatov@kcell.kz', 1, 'Zhandos', 'Bolatov', 'Zhandos.Bolatov@kcell.kz', '{SHA}ieSV55Qc+eQOaYDRSha/AjzNTJE=', NULL);
INSERT INTO act_id_user (id_, rev_, first_, last_, email_, pwd_, picture_id_) VALUES ('Konstantin.Pominov@kcell.kz', 1, 'Konstantin', 'Pominov', 'Konstantin.Pominov@kcell.kz', '{SHA}ieSV55Qc+eQOaYDRSha/AjzNTJE=', NULL);
INSERT INTO act_id_user (id_, rev_, first_, last_, email_, pwd_, picture_id_) VALUES ('Alexander.Buss@kcell.kz', 1, 'Alexander', 'Buss', 'Alexander.Buss@kcell.kz', '{SHA}ieSV55Qc+eQOaYDRSha/AjzNTJE=', NULL);
INSERT INTO act_id_user (id_, rev_, first_, last_, email_, pwd_, picture_id_) VALUES ('Igor.Orlov@kcell.kz', 1, 'Igor', 'Orlov', 'Igor.Orlov@kcell.kz', '{SHA}ieSV55Qc+eQOaYDRSha/AjzNTJE=', NULL);
INSERT INTO act_id_user (id_, rev_, first_, last_, email_, pwd_, picture_id_) VALUES ('Evgeniy.Tsoy@kcell.kz', 1, 'Evgeniy', 'Tsoy', 'Evgeniy.Tsoy@kcell.kz', '{SHA}ieSV55Qc+eQOaYDRSha/AjzNTJE=', NULL);
INSERT INTO act_id_user (id_, rev_, first_, last_, email_, pwd_, picture_id_) VALUES ('Valeriy.Zhilyaev@kcell.kz', 1, 'Valeriy', 'Zhilyaev', 'Valeriy.Zhilyaev@kcell.kz', '{SHA}ieSV55Qc+eQOaYDRSha/AjzNTJE=', NULL);
INSERT INTO act_id_user (id_, rev_, first_, last_, email_, pwd_, picture_id_) VALUES ('Pavel.Zaitsev@kcell.kz', 1, 'Pavel', 'Zaitsev', 'Pavel.Zaitsev@kcell.kz', '{SHA}ieSV55Qc+eQOaYDRSha/AjzNTJE=', NULL);
INSERT INTO act_id_user (id_, rev_, first_, last_, email_, pwd_, picture_id_) VALUES ('Stanislav.Khvan@kcell.kz', 1, 'Stanislav', 'Khvan', 'Stanislav.Khvan@kcell.kz', '{SHA}ieSV55Qc+eQOaYDRSha/AjzNTJE=', NULL);
INSERT INTO act_id_user (id_, rev_, first_, last_, email_, pwd_, picture_id_) VALUES ('Dastan.Kazhibayev@kcell.kz', 1, 'Dastan', 'Kazhibayev', 'Dastan.Kazhibayev@kcell.kz', '{SHA}ieSV55Qc+eQOaYDRSha/AjzNTJE=', NULL);
INSERT INTO act_id_user (id_, rev_, first_, last_, email_, pwd_, picture_id_) VALUES ('Altynay.Ashken@kcell.kz', 1, 'Altynay', 'Ashken', 'Altynay.Ashken@kcell.kz', '{SHA}ieSV55Qc+eQOaYDRSha/AjzNTJE=', NULL);
INSERT INTO act_id_user (id_, rev_, first_, last_, email_, pwd_, picture_id_) VALUES ('Makhambet.Sandybayev@kcell.kz', 1, 'Makhambet', 'Sandybayev', 'Makhambet.Sandybayev@kcell.kz', '{SHA}ieSV55Qc+eQOaYDRSha/AjzNTJE=', NULL);
INSERT INTO act_id_user (id_, rev_, first_, last_, email_, pwd_, picture_id_) VALUES ('Dulat.Kumekov@kcell.kz', 1, 'Dulat', 'Kumekov', 'Dulat.Kumekov@kcell.kz', '{SHA}ieSV55Qc+eQOaYDRSha/AjzNTJE=', NULL);
INSERT INTO act_id_user (id_, rev_, first_, last_, email_, pwd_, picture_id_) VALUES ('Andrey.Orlov@kcell.kz', 1, 'Andrey', 'Orlov', 'Andrey.Orlov@kcell.kz', '{SHA}ieSV55Qc+eQOaYDRSha/AjzNTJE=', NULL);
INSERT INTO act_id_user (id_, rev_, first_, last_, email_, pwd_, picture_id_) VALUES ('Alexandr.Galat@kcell.kz', 1, 'Alexandr', 'Galat', 'Alexandr.Galat@kcell.kz', '{SHA}ieSV55Qc+eQOaYDRSha/AjzNTJE=', NULL);
INSERT INTO act_id_user (id_, rev_, first_, last_, email_, pwd_, picture_id_) VALUES ('Ilya.A.Nevpryaga@kcell.kz', 1, 'Ilya', 'Nevpryaga', 'Ilya.A.Nevpryaga@kcell.kz', '{SHA}ieSV55Qc+eQOaYDRSha/AjzNTJE=', NULL);
INSERT INTO act_id_user (id_, rev_, first_, last_, email_, pwd_, picture_id_) VALUES ('Yuriy.Ivanov@kcell.kz', 1, 'Yuriy', 'Ivanov', 'Yuriy.Ivanov@kcell.kz', '{SHA}ieSV55Qc+eQOaYDRSha/AjzNTJE=', NULL);
INSERT INTO act_id_user (id_, rev_, first_, last_, email_, pwd_, picture_id_) VALUES ('Erzhan.Beimbetov@kcell.kz', 1, 'Erzhan', 'Beimbetov', 'Erzhan.Beimbetov@kcell.kz', '{SHA}ieSV55Qc+eQOaYDRSha/AjzNTJE=', NULL);
INSERT INTO act_id_user (id_, rev_, first_, last_, email_, pwd_, picture_id_) VALUES ('Kenzhekhan.Mussayev@kcell.kz', 1, 'Kenzhekhan', 'Mussayev', 'Kenzhekhan.Mussayev@kcell.kz', '{SHA}ieSV55Qc+eQOaYDRSha/AjzNTJE=', NULL);
INSERT INTO act_id_user (id_, rev_, first_, last_, email_, pwd_, picture_id_) VALUES ('Erbol.Abenov@kcell.kz', 1, 'Erbol', 'Abenov', 'Erbol.Abenov@kcell.kz', '{SHA}ieSV55Qc+eQOaYDRSha/AjzNTJE=', NULL);
INSERT INTO act_id_user (id_, rev_, first_, last_, email_, pwd_, picture_id_) VALUES ('Aida.Ildebaeva@kcell.kz', 1, 'Aida', 'Ildebaeva', 'Aida.Ildebaeva@kcell.kz', '{SHA}ieSV55Qc+eQOaYDRSha/AjzNTJE=', NULL);
INSERT INTO act_id_user (id_, rev_, first_, last_, email_, pwd_, picture_id_) VALUES ('Azamat.Mukhametalin@kcell.kz', 1, 'Azamat', 'Mukhametalin', 'Azamat.Mukhametalin@kcell.kz', '{SHA}ieSV55Qc+eQOaYDRSha/AjzNTJE=', NULL);
INSERT INTO act_id_user (id_, rev_, first_, last_, email_, pwd_, picture_id_) VALUES ('aknur.s@lse.kz', 1, 'Aknur', 'Sagalova', 'aknur.s@lse.kz', '{SHA}ieSV55Qc+eQOaYDRSha/AjzNTJE=', NULL);
INSERT INTO act_id_user (id_, rev_, first_, last_, email_, pwd_, picture_id_) VALUES ('Zhienbay.Taraziev@kcell.kz', 1, 'Zhienbay', 'Taraziev', 'Zhienbay.Taraziev@kcell.kz', '{SHA}ieSV55Qc+eQOaYDRSha/AjzNTJE=', NULL);
INSERT INTO act_id_user (id_, rev_, first_, last_, email_, pwd_, picture_id_) VALUES ('Talgat.Zhanabayev@kcell.kz', 1, 'Talgat', 'Zhanabayev', 'Talgat.Zhanabayev@kcell.kz', '{SHA}ieSV55Qc+eQOaYDRSha/AjzNTJE=', NULL);
INSERT INTO act_id_user (id_, rev_, first_, last_, email_, pwd_, picture_id_) VALUES ('Victor.Aredacov@kcell.kz', 1, 'Victor', 'Aredacov', 'Victor.Aredacov@kcell.kz', '{SHA}ieSV55Qc+eQOaYDRSha/AjzNTJE=', NULL);
INSERT INTO act_id_user (id_, rev_, first_, last_, email_, pwd_, picture_id_) VALUES ('Nurlan.Dumyshev@kcell.kz', 1, 'Nurlan', 'Dumyshev', 'Nurlan.Dumyshev@kcell.kz', '{SHA}ieSV55Qc+eQOaYDRSha/AjzNTJE=', NULL);
INSERT INTO act_id_user (id_, rev_, first_, last_, email_, pwd_, picture_id_) VALUES ('Nurlan.Sumbaev@kcell.kz', 1, 'Nurlan', 'Sumbaev', 'Nurlan.Sumbaev@kcell.kz', '{SHA}ieSV55Qc+eQOaYDRSha/AjzNTJE=', NULL);
INSERT INTO act_id_user (id_, rev_, first_, last_, email_, pwd_, picture_id_) VALUES ('Berik.Akhmetzhanov@kcell.kz', 1, 'Berik', 'Akhmetzhanov', 'Berik.Akhmetzhanov@kcell.kz', '{SHA}ieSV55Qc+eQOaYDRSha/AjzNTJE=', NULL);
INSERT INTO act_id_user (id_, rev_, first_, last_, email_, pwd_, picture_id_) VALUES ('Ilya.Nevpryaga2@kcell.kz', 1, 'Ilya', 'Nevpryaga2', 'Ilya.Nevpryaga2@kcell.kz', '{SHA}ieSV55Qc+eQOaYDRSha/AjzNTJE=', NULL);
INSERT INTO act_id_user (id_, rev_, first_, last_, email_, pwd_, picture_id_) VALUES ('Mikhail.Komissarov@kcell.kz', 1, 'Mikhail', 'Komissarov', 'Mikhail.Komissarov@kcell.kz', '{SHA}ieSV55Qc+eQOaYDRSha/AjzNTJE=', NULL);
INSERT INTO act_id_user (id_, rev_, first_, last_, email_, pwd_, picture_id_) VALUES ('Roman.Stupko@kcell.kz', 1, 'Roman', 'Stupko', 'Roman.Stupko@kcell.kz', '{SHA}ieSV55Qc+eQOaYDRSha/AjzNTJE=', NULL);
INSERT INTO act_id_user (id_, rev_, first_, last_, email_, pwd_, picture_id_) VALUES ('Oleg.Yelayev@kcell.kz', 1, 'Oleg', 'Yelayev', 'Oleg.Yelayev@kcell.kz', '{SHA}ieSV55Qc+eQOaYDRSha/AjzNTJE=', NULL);
INSERT INTO act_id_user (id_, rev_, first_, last_, email_, pwd_, picture_id_) VALUES ('Artyom.Myakishev@kcell.kz', 1, 'Artyom', 'Myakishev', 'Artyom.Myakishev@kcell.kz', '{SHA}ieSV55Qc+eQOaYDRSha/AjzNTJE=', NULL);
INSERT INTO act_id_user (id_, rev_, first_, last_, email_, pwd_, picture_id_) VALUES ('Farkhat.Baterikov@kcell.kz', 1, 'Farkhat', 'Baterikov', 'Farkhat.Baterikov@kcell.kz', '{SHA}ieSV55Qc+eQOaYDRSha/AjzNTJE=', NULL);
INSERT INTO act_id_user (id_, rev_, first_, last_, email_, pwd_, picture_id_) VALUES ('Oleg.Babkin@kcell.kz', 1, 'Oleg', 'Babkin', 'Oleg.Babkin@kcell.kz', '{SHA}ieSV55Qc+eQOaYDRSha/AjzNTJE=', NULL);
INSERT INTO act_id_user (id_, rev_, first_, last_, email_, pwd_, picture_id_) VALUES ('Rishad.Makirov@kcell.kz', 1, 'Rishad', 'Makirov', 'Rishad.Makirov@kcell.kz', '{SHA}ieSV55Qc+eQOaYDRSha/AjzNTJE=', NULL);
INSERT INTO act_id_user (id_, rev_, first_, last_, email_, pwd_, picture_id_) VALUES ('Nurlan.Bekseitov@kcell.kz', 1, 'Nurlan', 'Bekseitov', 'Nurlan.Bekseitov@kcell.kz', '{SHA}ieSV55Qc+eQOaYDRSha/AjzNTJE=', NULL);
INSERT INTO act_id_user (id_, rev_, first_, last_, email_, pwd_, picture_id_) VALUES ('Bulat.Smagulov@kcell.kz', 1, 'Bulat', 'Smagulov', 'Bulat.Smagulov@kcell.kz', '{SHA}ieSV55Qc+eQOaYDRSha/AjzNTJE=', NULL);
INSERT INTO act_id_user (id_, rev_, first_, last_, email_, pwd_, picture_id_) VALUES ('Erzhan.Smagulov@kcell.kz', 1, 'Erzhan', 'Smagulov', 'Erzhan.Smagulov@kcell.kz', '{SHA}ieSV55Qc+eQOaYDRSha/AjzNTJE=', NULL);
INSERT INTO act_id_user (id_, rev_, first_, last_, email_, pwd_, picture_id_) VALUES ('Vladimir.Vladimirov@kcell.kz', 1, 'Vladimir', 'Vladimirov', 'Vladimir.Vladimirov@kcell.kz', '{SHA}ieSV55Qc+eQOaYDRSha/AjzNTJE=', NULL);
INSERT INTO act_id_user (id_, rev_, first_, last_, email_, pwd_, picture_id_) VALUES ('Viktor.Maximenko@kcell.kz', 1, 'Viktor', 'Maximenko', 'Viktor.Maximenko@kcell.kz', '{SHA}ieSV55Qc+eQOaYDRSha/AjzNTJE=', NULL);
INSERT INTO act_id_user (id_, rev_, first_, last_, email_, pwd_, picture_id_) VALUES ('Timur.Akylkhanov@kcell.kz', 1, 'Timur', 'Akylkhanov', 'Timur.Akylkhanov@kcell.kz', '{SHA}ieSV55Qc+eQOaYDRSha/AjzNTJE=', NULL);
INSERT INTO act_id_user (id_, rev_, first_, last_, email_, pwd_, picture_id_) VALUES ('Marat.Bakezhanov@kcell.kz', 1, 'Marat', 'Bakezhanov', 'Marat.Bakezhanov@kcell.kz', '{SHA}ieSV55Qc+eQOaYDRSha/AjzNTJE=', NULL);
INSERT INTO act_id_user (id_, rev_, first_, last_, email_, pwd_, picture_id_) VALUES ('Baurzhan.Khamzin@kcell.kz', 1, 'Baurzhan', 'Khamzin', 'Baurzhan.Khamzin@kcell.kz', '{SHA}ieSV55Qc+eQOaYDRSha/AjzNTJE=', NULL);
INSERT INTO act_id_user (id_, rev_, first_, last_, email_, pwd_, picture_id_) VALUES ('Kanat.Mussabekov@kcell.kz', 1, 'Kanat', 'Mussabekov', 'Kanat.Mussabekov@kcell.kz', '{SHA}ieSV55Qc+eQOaYDRSha/AjzNTJE=', NULL);
INSERT INTO act_id_user (id_, rev_, first_, last_, email_, pwd_, picture_id_) VALUES ('Amangeldy.Kamerdenov@kcell.kz', 1, 'Amangeldy', 'Kamerdenov', 'Amangeldy.Kamerdenov@kcell.kz', '{SHA}ieSV55Qc+eQOaYDRSha/AjzNTJE=', NULL);
INSERT INTO act_id_user (id_, rev_, first_, last_, email_, pwd_, picture_id_) VALUES ('Nurbolat.Uteyev@kcell.kz', 1, 'Nurbolat', 'Uteyev', 'Nurbolat.Uteyev@kcell.kz', '{SHA}ieSV55Qc+eQOaYDRSha/AjzNTJE=', NULL);
INSERT INTO act_id_user (id_, rev_, first_, last_, email_, pwd_, picture_id_) VALUES ('Yerbolat.Kairzhanov@kcell.kz', 1, 'Yerbolat', 'Kairzhanov', 'Yerbolat.Kairzhanov@kcell.kz', '{SHA}ieSV55Qc+eQOaYDRSha/AjzNTJE=', NULL);

--freephone
--users
INSERT INTO act_id_user (id_, rev_, first_, last_, email_, pwd_, picture_id_) VALUES ('Nazym.Muralimova@kcell.kz', 1, 'Nazym', 'Muralimova', 'Nazym.Muralimova@kcell.kz', '{SHA}ieSV55Qc+eQOaYDRSha/AjzNTJE=', NULL);
INSERT INTO act_id_user (id_, rev_, first_, last_, email_, pwd_, picture_id_) VALUES ('Sagida.Adiyeva@kcell.kz', 1, 'Sagida', 'Adiyeva', 'Sagida.Adiyeva@kcell.kz', '{SHA}ieSV55Qc+eQOaYDRSha/AjzNTJE=', NULL);

INSERT INTO act_id_user (id_, rev_, first_, last_, email_, pwd_, picture_id_) VALUES ('Aibek.Dosbayev@kcell.kz', 1, 'Aibek','Dosbayev','Aibek.Dosbayev@kcell.kz', '{SHA}ieSV55Qc+eQOaYDRSha/AjzNTJE=', NULL);
INSERT INTO act_id_user (id_, rev_, first_, last_, email_, pwd_, picture_id_) VALUES ('Aidarkhan.Kursarin@kcell.kz', 1, 'Aidarkhan','Kursarin','Aidarkhan.Kursarin@kcell.kz', '{SHA}ieSV55Qc+eQOaYDRSha/AjzNTJE=', NULL);
INSERT INTO act_id_user (id_, rev_, first_, last_, email_, pwd_, picture_id_) VALUES ('Aigerim.Anarbayeva@kcell.kz', 1, 'Aigerim','Anarbayeva','Aigerim.Anarbayeva@kcell.kz', '{SHA}ieSV55Qc+eQOaYDRSha/AjzNTJE=', NULL);
INSERT INTO act_id_user (id_, rev_, first_, last_, email_, pwd_, picture_id_) VALUES ('Aigul.Demesinova@kcell.kz', 1, 'Aigul','Demesinova','Aigul.Demesinova@kcell.kz', '{SHA}ieSV55Qc+eQOaYDRSha/AjzNTJE=', NULL);
INSERT INTO act_id_user (id_, rev_, first_, last_, email_, pwd_, picture_id_) VALUES ('Ainur.Manabaeva@kcell.kz', 1, 'Ainur','Manabaeva','Ainur.Manabaeva@kcell.kz', '{SHA}ieSV55Qc+eQOaYDRSha/AjzNTJE=', NULL);
INSERT INTO act_id_user (id_, rev_, first_, last_, email_, pwd_, picture_id_) VALUES ('Aisulu.Zhakupova@kcell.kz', 1, 'Aisulu','Zhakupova','Aisulu.Zhakupova@kcell.kz', '{SHA}ieSV55Qc+eQOaYDRSha/AjzNTJE=', NULL);
INSERT INTO act_id_user (id_, rev_, first_, last_, email_, pwd_, picture_id_) VALUES ('Almas.Serikbekuly@kcell.kz', 1, 'Almas','Serikbekuly','Almas.Serikbekuly@kcell.kz', '{SHA}ieSV55Qc+eQOaYDRSha/AjzNTJE=', NULL);
INSERT INTO act_id_user (id_, rev_, first_, last_, email_, pwd_, picture_id_) VALUES ('Rauan.Daniyarov@kcell.kz', 1, 'Rauan','Daniyarov','Rauan.Daniyarov@kcell.kz', '{SHA}ieSV55Qc+eQOaYDRSha/AjzNTJE=', NULL);
INSERT INTO act_id_user (id_, rev_, first_, last_, email_, pwd_, picture_id_) VALUES ('Alexey.Dergachev@kcell.kz', 1, 'Alexey','Dergachev','Alexey.Dergachev@kcell.kz', '{SHA}ieSV55Qc+eQOaYDRSha/AjzNTJE=', NULL);
INSERT INTO act_id_user (id_, rev_, first_, last_, email_, pwd_, picture_id_) VALUES ('Aliya.Kaldybekova@kcell.kz', 1, 'Aliya','Kaldybekova','Aliya.Kaldybekova@kcell.kz', '{SHA}ieSV55Qc+eQOaYDRSha/AjzNTJE=', NULL);
INSERT INTO act_id_user (id_, rev_, first_, last_, email_, pwd_, picture_id_) VALUES ('Anar.Sarsenova@kcell.kz', 1, 'Anar','Sarsenova','Anar.Sarsenova@kcell.kz', '{SHA}ieSV55Qc+eQOaYDRSha/AjzNTJE=', NULL);
INSERT INTO act_id_user (id_, rev_, first_, last_, email_, pwd_, picture_id_) VALUES ('Anton.Iterman@kcell.kz', 1, 'Anton','Iterman','Anton.Iterman@kcell.kz', '{SHA}ieSV55Qc+eQOaYDRSha/AjzNTJE=', NULL);
INSERT INTO act_id_user (id_, rev_, first_, last_, email_, pwd_, picture_id_) VALUES ('Baglan.Bitenova@kcell.kz', 1, 'Baglan','Bitenova','Baglan.Bitenova@kcell.kz', '{SHA}ieSV55Qc+eQOaYDRSha/AjzNTJE=', NULL);
INSERT INTO act_id_user (id_, rev_, first_, last_, email_, pwd_, picture_id_) VALUES ('Assylzhan.Almussin@kcell.kz', 1, 'Assylzhan','Almussin','Assylzhan.Almussin@kcell.kz', '{SHA}ieSV55Qc+eQOaYDRSha/AjzNTJE=', NULL);
INSERT INTO act_id_user (id_, rev_, first_, last_, email_, pwd_, picture_id_) VALUES ('Anastassiya.Kromiadi@kcell.kz', 1, 'Anastassiya','Kromiadi','Anastassiya.Kromiadi@kcell.kz', '{SHA}ieSV55Qc+eQOaYDRSha/AjzNTJE=', NULL);
INSERT INTO act_id_user (id_, rev_, first_, last_, email_, pwd_, picture_id_) VALUES ('Bakhtiyar.Bessembayev@kcell.kz', 1, 'Bakhtiyar','Bessembayev','Bakhtiyar.Bessembayev@kcell.kz', '{SHA}ieSV55Qc+eQOaYDRSha/AjzNTJE=', NULL);
INSERT INTO act_id_user (id_, rev_, first_, last_, email_, pwd_, picture_id_) VALUES ('Dalabay.Shalabayev@kcell.kz', 1, 'Dalabay','Shalabayev','Dalabay.Shalabayev@kcell.kz', '{SHA}ieSV55Qc+eQOaYDRSha/AjzNTJE=', NULL);
INSERT INTO act_id_user (id_, rev_, first_, last_, email_, pwd_, picture_id_) VALUES ('Daulet.Nagumanov@kcell.kz', 1, 'Daulet','Nagumanov','Daulet.Nagumanov@kcell.kz', '{SHA}ieSV55Qc+eQOaYDRSha/AjzNTJE=', NULL);
INSERT INTO act_id_user (id_, rev_, first_, last_, email_, pwd_, picture_id_) VALUES ('Diana.Kassenova@kcell.kz', 1, 'Diana','Kassenova','Diana.Kassenova@kcell.kz', '{SHA}ieSV55Qc+eQOaYDRSha/AjzNTJE=', NULL);
INSERT INTO act_id_user (id_, rev_, first_, last_, email_, pwd_, picture_id_) VALUES ('Dinara.Kassymova@kcell.kz', 1, 'Dinara','Kassymova','Dinara.Kassymova@kcell.kz', '{SHA}ieSV55Qc+eQOaYDRSha/AjzNTJE=', NULL);
INSERT INTO act_id_user (id_, rev_, first_, last_, email_, pwd_, picture_id_) VALUES ('Erkin.Akimzhanov@kcell.kz', 1, 'Erkin','Akimzhanov','Erkin.Akimzhanov@kcell.kz', '{SHA}ieSV55Qc+eQOaYDRSha/AjzNTJE=', NULL);
INSERT INTO act_id_user (id_, rev_, first_, last_, email_, pwd_, picture_id_) VALUES ('Mukhammed.Amreyev@kcell.kz', 1, 'Mukhammed','Amreyev','Mukhammed.Amreyev@kcell.kz', '{SHA}ieSV55Qc+eQOaYDRSha/AjzNTJE=', NULL);
INSERT INTO act_id_user (id_, rev_, first_, last_, email_, pwd_, picture_id_) VALUES ('Gaukhar.Baiseitova@kcell.kz', 1, 'Gaukhar','Baiseitova','Gaukhar.Baiseitova@kcell.kz', '{SHA}ieSV55Qc+eQOaYDRSha/AjzNTJE=', NULL);
INSERT INTO act_id_user (id_, rev_, first_, last_, email_, pwd_, picture_id_) VALUES ('Gennadiy.Li@kcell.kz', 1, 'Gennadiy','Li','Gennadiy.Li@kcell.kz', '{SHA}ieSV55Qc+eQOaYDRSha/AjzNTJE=', NULL);
INSERT INTO act_id_user (id_, rev_, first_, last_, email_, pwd_, picture_id_) VALUES ('Gulzhan.Oxykbayeva@kcell.kz', 1, 'Gulzhan','Oxykbayeva','Gulzhan.Oxykbayeva@kcell.kz', '{SHA}ieSV55Qc+eQOaYDRSha/AjzNTJE=', NULL);
INSERT INTO act_id_user (id_, rev_, first_, last_, email_, pwd_, picture_id_) VALUES ('Igor.Azhigaliyev@kcell.kz', 1, 'Igor','Azhigaliyev','Igor.Azhigaliyev@kcell.kz', '{SHA}ieSV55Qc+eQOaYDRSha/AjzNTJE=', NULL);
INSERT INTO act_id_user (id_, rev_, first_, last_, email_, pwd_, picture_id_) VALUES ('Ilona.Vassilyeva@kcell.kz', 1, 'Ilona','Vassilyeva','Ilona.Vassilyeva@kcell.kz', '{SHA}ieSV55Qc+eQOaYDRSha/AjzNTJE=', NULL);
INSERT INTO act_id_user (id_, rev_, first_, last_, email_, pwd_, picture_id_) VALUES ('Inara.Kuatpayeva@kcell.kz', 1, 'Inara','Kuatpayeva','Inara.Kuatpayeva@kcell.kz', '{SHA}ieSV55Qc+eQOaYDRSha/AjzNTJE=', NULL);
INSERT INTO act_id_user (id_, rev_, first_, last_, email_, pwd_, picture_id_) VALUES ('Khasan.Jalalov@kcell.kz', 1, 'Khasan','Jalalov','Khasan.Jalalov@kcell.kz', '{SHA}ieSV55Qc+eQOaYDRSha/AjzNTJE=', NULL);
INSERT INTO act_id_user (id_, rev_, first_, last_, email_, pwd_, picture_id_) VALUES ('Kirill.Chelombitskiy@kcell.kz', 1, 'Kirill','Chelombitskiy','Kirill.Chelombitskiy@kcell.kz', '{SHA}ieSV55Qc+eQOaYDRSha/AjzNTJE=', NULL);
INSERT INTO act_id_user (id_, rev_, first_, last_, email_, pwd_, picture_id_) VALUES ('Klavdiya.Vition@kcell.kz', 1, 'Klavdiya','Vition','Klavdiya.Vition@kcell.kz', '{SHA}ieSV55Qc+eQOaYDRSha/AjzNTJE=', NULL);
INSERT INTO act_id_user (id_, rev_, first_, last_, email_, pwd_, picture_id_) VALUES ('Maxim.Soldatov@kcell.kz', 1, 'Maxim','Soldatov','Maxim.Soldatov@kcell.kz', '{SHA}ieSV55Qc+eQOaYDRSha/AjzNTJE=', NULL);
INSERT INTO act_id_user (id_, rev_, first_, last_, email_, pwd_, picture_id_) VALUES ('Liliya.Tsoy@kcell.kz', 1, 'Liliya','Tsoy','Liliya.Tsoy@kcell.kz', '{SHA}ieSV55Qc+eQOaYDRSha/AjzNTJE=', NULL);
INSERT INTO act_id_user (id_, rev_, first_, last_, email_, pwd_, picture_id_) VALUES ('Oleg.Li@kcell.kz', 1, 'Oleg','Li','Oleg.Li@kcell.kz', '{SHA}ieSV55Qc+eQOaYDRSha/AjzNTJE=', NULL);
INSERT INTO act_id_user (id_, rev_, first_, last_, email_, pwd_, picture_id_) VALUES ('Mariya.Makherina@kcell.kz', 1, 'Mariya','Makherina','Mariya.Makherina@kcell.kz', '{SHA}ieSV55Qc+eQOaYDRSha/AjzNTJE=', NULL);
INSERT INTO act_id_user (id_, rev_, first_, last_, email_, pwd_, picture_id_) VALUES ('Olga.Stepanova@kcell.kz', 1, 'Olga','Stepanova','Olga.Stepanova@kcell.kz', '{SHA}ieSV55Qc+eQOaYDRSha/AjzNTJE=', NULL);
INSERT INTO act_id_user (id_, rev_, first_, last_, email_, pwd_, picture_id_) VALUES ('Sukhrab.Pakhritdinov@kcell.kz', 1, 'Sukhrab','Pakhritdinov','Sukhrab.Pakhritdinov@kcell.kz', '{SHA}ieSV55Qc+eQOaYDRSha/AjzNTJE=', NULL);
INSERT INTO act_id_user (id_, rev_, first_, last_, email_, pwd_, picture_id_) VALUES ('Oxana.Bezverhaya@kcell.kz', 1, 'Oxana','Bezverhaya','Oxana.Bezverhaya@kcell.kz', '{SHA}ieSV55Qc+eQOaYDRSha/AjzNTJE=', NULL);
INSERT INTO act_id_user (id_, rev_, first_, last_, email_, pwd_, picture_id_) VALUES ('Seil.Rahim@kcell.kz', 1, 'Seil','Rahim','Seil.Rahim@kcell.kz', '{SHA}ieSV55Qc+eQOaYDRSha/AjzNTJE=', NULL);
INSERT INTO act_id_user (id_, rev_, first_, last_, email_, pwd_, picture_id_) VALUES ('Ravil.Bairamov@kcell.kz', 1, 'Ravil','Bairamov','Ravil.Bairamov@kcell.kz', '{SHA}ieSV55Qc+eQOaYDRSha/AjzNTJE=', NULL);
INSERT INTO act_id_user (id_, rev_, first_, last_, email_, pwd_, picture_id_) VALUES ('Roman.Mamin@kcell.kz', 1, 'Roman','Mamin','Roman.Mamin@kcell.kz', '{SHA}ieSV55Qc+eQOaYDRSha/AjzNTJE=', NULL);
INSERT INTO act_id_user (id_, rev_, first_, last_, email_, pwd_, picture_id_) VALUES ('Roman.Pak@kcell.kz', 1, 'Roman','Pak','Roman.Pak@kcell.kz', '{SHA}ieSV55Qc+eQOaYDRSha/AjzNTJE=', NULL);
INSERT INTO act_id_user (id_, rev_, first_, last_, email_, pwd_, picture_id_) VALUES ('Askhat.Ashimov@kcell.kz', 1, 'Askhat','Ashimov','Askhat.Ashimov@kcell.kz', '{SHA}ieSV55Qc+eQOaYDRSha/AjzNTJE=', NULL);
INSERT INTO act_id_user (id_, rev_, first_, last_, email_, pwd_, picture_id_) VALUES ('Rustam.Karzhauov@kcell.kz', 1, 'Rustam','Karzhauov','Rustam.Karzhauov@kcell.kz', '{SHA}ieSV55Qc+eQOaYDRSha/AjzNTJE=', NULL);
INSERT INTO act_id_user (id_, rev_, first_, last_, email_, pwd_, picture_id_) VALUES ('Sergey.Agapkin@kcell.kz', 1, 'Sergey','Agapkin','Sergey.Agapkin@kcell.kz', '{SHA}ieSV55Qc+eQOaYDRSha/AjzNTJE=', NULL);
INSERT INTO act_id_user (id_, rev_, first_, last_, email_, pwd_, picture_id_) VALUES ('Stanislav.Savchenko@kcell.kz', 1, 'Stanislav','Savchenko','Stanislav.Savchenko@kcell.kz', '{SHA}ieSV55Qc+eQOaYDRSha/AjzNTJE=', NULL);
INSERT INTO act_id_user (id_, rev_, first_, last_, email_, pwd_, picture_id_) VALUES ('Assel.Alimbayeva@kcell.kz', 1, 'Assel','Alimbayeva','Assel.Alimbayeva@kcell.kz', '{SHA}ieSV55Qc+eQOaYDRSha/AjzNTJE=', NULL);
INSERT INTO act_id_user (id_, rev_, first_, last_, email_, pwd_, picture_id_) VALUES ('Svetlana.Budashova@kcell.kz', 1, 'Svetlana','Budashova','Svetlana.Budashova@kcell.kz', '{SHA}ieSV55Qc+eQOaYDRSha/AjzNTJE=', NULL);
INSERT INTO act_id_user (id_, rev_, first_, last_, email_, pwd_, picture_id_) VALUES ('Umit.Salkeyeva@kcell.kz', 1, 'Umit','Salkeyeva','Umit.Salkeyeva@kcell.kz', '{SHA}ieSV55Qc+eQOaYDRSha/AjzNTJE=', NULL);
INSERT INTO act_id_user (id_, rev_, first_, last_, email_, pwd_, picture_id_) VALUES ('Yerlan.Issanov@kcell.kz', 1, 'Yerlan','Issanov','Yerlan.Issanov@kcell.kz', '{SHA}ieSV55Qc+eQOaYDRSha/AjzNTJE=', NULL);
INSERT INTO act_id_user (id_, rev_, first_, last_, email_, pwd_, picture_id_) VALUES ('Yerlan.Omarov@kcell.kz', 1, 'Yerlan','Omarov','Yerlan.Omarov@kcell.kz', '{SHA}ieSV55Qc+eQOaYDRSha/AjzNTJE=', NULL);
INSERT INTO act_id_user (id_, rev_, first_, last_, email_, pwd_, picture_id_) VALUES ('Yuriy.Nagaitsev@kcell.kz', 1, 'Yuriy','Nagaitsev','Yuriy.Nagaitsev@kcell.kz', '{SHA}ieSV55Qc+eQOaYDRSha/AjzNTJE=', NULL);
INSERT INTO act_id_user (id_, rev_, first_, last_, email_, pwd_, picture_id_) VALUES ('Yekaterina.Zorina@kcell.kz', 1, 'Yekaterina','Zorina','Yekaterina.Zorina@kcell.kz', '{SHA}ieSV55Qc+eQOaYDRSha/AjzNTJE=', NULL);
INSERT INTO act_id_user (id_, rev_, first_, last_, email_, pwd_, picture_id_) VALUES ('Zarema.Seferova@kcell.kz', 1, 'Zarema','Seferova','Zarema.Seferova@kcell.kz', '{SHA}ieSV55Qc+eQOaYDRSha/AjzNTJE=', NULL);
INSERT INTO act_id_user (id_, rev_, first_, last_, email_, pwd_, picture_id_) VALUES ('Zarina.Zhumadilova@kcell.kz', 1, 'Zarina','Zhumadilova','Zarina.Zhumadilova@kcell.kz', '{SHA}ieSV55Qc+eQOaYDRSha/AjzNTJE=', NULL);
INSERT INTO act_id_user (id_, rev_, first_, last_, email_, pwd_, picture_id_) VALUES ('Zhamal.Tlegenova@kcell.kz', 1, 'Zhamal','Tlegenova','Zhamal.Tlegenova@kcell.kz', '{SHA}ieSV55Qc+eQOaYDRSha/AjzNTJE=', NULL);
INSERT INTO act_id_user (id_, rev_, first_, last_, email_, pwd_, picture_id_) VALUES ('Zhanar.Amirkulova@kcell.kz', 1, 'Zhanar','Amirkulova','Zhanar.Amirkulova@kcell.kz', '{SHA}ieSV55Qc+eQOaYDRSha/AjzNTJE=', NULL);
INSERT INTO act_id_user (id_, rev_, first_, last_, email_, pwd_, picture_id_) VALUES ('Zhandos.Bektemirov@kcell.kz', 1, 'Zhandos','Bektemirov','Zhandos.Bektemirov@kcell.kz', '{SHA}ieSV55Qc+eQOaYDRSha/AjzNTJE=', NULL);
INSERT INTO act_id_user (id_, rev_, first_, last_, email_, pwd_, picture_id_) VALUES ('Zhazira.Tazabek@kcell.kz', 1, 'Zhazira','Tazabek','Zhazira.Tazabek@kcell.kz', '{SHA}ieSV55Qc+eQOaYDRSha/AjzNTJE=', NULL);
INSERT INTO act_id_user (id_, rev_, first_, last_, email_, pwd_, picture_id_) VALUES ('Rassul.Rakhimov@kcell.kz', 1, 'Rassul','Rakhimov','Rassul.Rakhimov@kcell.kz', '{SHA}ieSV55Qc+eQOaYDRSha/AjzNTJE=', NULL);
INSERT INTO act_id_user (id_, rev_, first_, last_, email_, pwd_, picture_id_) VALUES ('Rakhilya.Yessirkepova@kcell.kz', 1, 'Rakhilya','Yessirkepova','Rakhilya.Yessirkepova@kcell.kz', '{SHA}ieSV55Qc+eQOaYDRSha/AjzNTJE=', NULL);
INSERT INTO act_id_user (id_, rev_, first_, last_, email_, pwd_, picture_id_) VALUES ('Nurlan.Rakhimov@kcell.kz', 1, 'Nurlan','Rakhimov','Nurlan.Rakhimov@kcell.kz', '{SHA}ieSV55Qc+eQOaYDRSha/AjzNTJE=', NULL);
INSERT INTO act_id_user (id_, rev_, first_, last_, email_, pwd_, picture_id_) VALUES ('Zhaxylyk.Kozhakhmetov@kcell.kz', 1, 'Zhaxylyk','Kozhakhmetov','Zhaxylyk.Kozhakhmetov@kcell.kz', '{SHA}ieSV55Qc+eQOaYDRSha/AjzNTJE=', NULL);
INSERT INTO act_id_user (id_, rev_, first_, last_, email_, pwd_, picture_id_) VALUES ('Asanzhan.Baltushev@kcell.kz', 1, 'Asanzhan','Baltushev','Asanzhan.Baltushev@kcell.kz', '{SHA}ieSV55Qc+eQOaYDRSha/AjzNTJE=', NULL);
INSERT INTO act_id_user (id_, rev_, first_, last_, email_, pwd_, picture_id_) VALUES ('Maksim.Shnytkin@kcell.kz', 1, 'Maksim','Shnytkin','Maksim.Shnytkin@kcell.kz', '{SHA}ieSV55Qc+eQOaYDRSha/AjzNTJE=', NULL);
INSERT INTO act_id_user (id_, rev_, first_, last_, email_, pwd_, picture_id_) VALUES ('Aliya.Mussina@kcell.kz', 1, 'Aliya','Mussina','Aliya.Mussina@kcell.kz', '{SHA}ieSV55Qc+eQOaYDRSha/AjzNTJE=', NULL);
INSERT INTO act_id_user (id_, rev_, first_, last_, email_, pwd_, picture_id_) VALUES ('Nigara.Zairova@kcell.kz', 1, 'Nigara','Zairova','Nigara.Zairova@kcell.kz', '{SHA}ieSV55Qc+eQOaYDRSha/AjzNTJE=', NULL);
INSERT INTO act_id_user (id_, rev_, first_, last_, email_, pwd_, picture_id_) VALUES ('Nursultan.Nagumanov@kcell.kz', 1, 'Nursultan','Nagumanov','Nursultan.Nagumanov@kcell.kz', '{SHA}ieSV55Qc+eQOaYDRSha/AjzNTJE=', NULL);
INSERT INTO act_id_user (id_, rev_, first_, last_, email_, pwd_, picture_id_) VALUES ('Daniyar.Zhalelov@kcell.kz', 1, 'Daniyar','Zhalelov','Daniyar.Zhalelov@kcell.kz', '{SHA}ieSV55Qc+eQOaYDRSha/AjzNTJE=', NULL);
INSERT INTO act_id_user (id_, rev_, first_, last_, email_, pwd_, picture_id_) VALUES ('Natalya.Tsoy@kcell.kz', 1, 'Natalya','Tsoy','Natalya.Tsoy@kcell.kz', '{SHA}ieSV55Qc+eQOaYDRSha/AjzNTJE=', NULL);
INSERT INTO act_id_user (id_, rev_, first_, last_, email_, pwd_, picture_id_) VALUES ('Madi.Smakov@kcell.kz', 1, 'Madi','Smakov','Madi.Smakov@kcell.kz', '{SHA}ieSV55Qc+eQOaYDRSha/AjzNTJE=', NULL);
INSERT INTO act_id_user (id_, rev_, first_, last_, email_, pwd_, picture_id_) VALUES ('Timur.Amirov@kcell.kz', 1, 'Timur','Amirov','Timur.Amirov@kcell.kz', '{SHA}ieSV55Qc+eQOaYDRSha/AjzNTJE=', NULL);
INSERT INTO act_id_user (id_, rev_, first_, last_, email_, pwd_, picture_id_) VALUES ('Baurzhan.Mukhamejanov@kcell.kz', 1, 'Baurzhan','Mukhamejanov','Baurzhan.Mukhamejanov@kcell.kz', '{SHA}ieSV55Qc+eQOaYDRSha/AjzNTJE=', NULL);
INSERT INTO act_id_user (id_, rev_, first_, last_, email_, pwd_, picture_id_) VALUES ('Yeldar.Azimbayev@kcell.kz', 1, 'Yeldar','Azimbayev','Yeldar.Azimbayev@kcell.kz', '{SHA}ieSV55Qc+eQOaYDRSha/AjzNTJE=', NULL);
INSERT INTO act_id_user (id_, rev_, first_, last_, email_, pwd_, picture_id_) VALUES ('Manat.Mukatayev@kcell.kz', 1, 'Manat','Mukatayev','Manat.Mukatayev@kcell.kz', '{SHA}ieSV55Qc+eQOaYDRSha/AjzNTJE=', NULL);
INSERT INTO act_id_user (id_, rev_, first_, last_, email_, pwd_, picture_id_) VALUES ('Kuanysh.Dossumbayev@kcell.kz', 1, 'Kuanysh','Dossumbayev','Kuanysh.Dossumbayev@kcell.kz', '{SHA}ieSV55Qc+eQOaYDRSha/AjzNTJE=', NULL);
INSERT INTO act_id_user (id_, rev_, first_, last_, email_, pwd_, picture_id_) VALUES ('Nurlan.Magzumov@kcell.kz', 1, 'Nurlan','Magzumov','Nurlan.Magzumov@kcell.kz', '{SHA}ieSV55Qc+eQOaYDRSha/AjzNTJE=', NULL);
INSERT INTO act_id_user (id_, rev_, first_, last_, email_, pwd_, picture_id_) VALUES ('Ainur.Syrgabayeva@kcell.kz', 1, 'Ainur','Syrgabayeva','Ainur.Syrgabayeva@kcell.kz', '{SHA}ieSV55Qc+eQOaYDRSha/AjzNTJE=', NULL);
INSERT INTO act_id_user (id_, rev_, first_, last_, email_, pwd_, picture_id_) VALUES ('Askar.Zhumashev@kcell.kz', 1, 'Askar','Zhumashev','Askar.Zhumashev@kcell.kz', '{SHA}ieSV55Qc+eQOaYDRSha/AjzNTJE=', NULL);
INSERT INTO act_id_user (id_, rev_, first_, last_, email_, pwd_, picture_id_) VALUES ('Yerlan.Beissenov@kcell.kz', 1, 'Yerlan','Beissenov','Yerlan.Beissenov@kcell.kz', '{SHA}ieSV55Qc+eQOaYDRSha/AjzNTJE=', NULL);
INSERT INTO act_id_user (id_, rev_, first_, last_, email_, pwd_, picture_id_) VALUES ('Nadezhda.Zhonisova@kcell.kz', 1, 'Nadezhda','Zhonisova','Nadezhda.Zhonisova@kcell.kz', '{SHA}ieSV55Qc+eQOaYDRSha/AjzNTJE=', NULL);
INSERT INTO act_id_user (id_, rev_, first_, last_, email_, pwd_, picture_id_) VALUES ('Olzhas.Akparov@kcell.kz', 1, 'Olzhas','Akparov','Olzhas.Akparov@kcell.kz', '{SHA}ieSV55Qc+eQOaYDRSha/AjzNTJE=', NULL);
INSERT INTO act_id_user (id_, rev_, first_, last_, email_, pwd_, picture_id_) VALUES ('Elmira.Urbisinova@kcell.kz', 1, 'Elmira','Urbisinova','Elmira.Urbisinova@kcell.kz', '{SHA}ieSV55Qc+eQOaYDRSha/AjzNTJE=', NULL);
INSERT INTO act_id_user (id_, rev_, first_, last_, email_, pwd_, picture_id_) VALUES ('Assylbek.Kassiyenov@kcell.kz', 1, 'Assylbek','Kassiyenov','Assylbek.Kassiyenov@kcell.kz', '{SHA}ieSV55Qc+eQOaYDRSha/AjzNTJE=', NULL);
INSERT INTO act_id_user (id_, rev_, first_, last_, email_, pwd_, picture_id_) VALUES ('Assem.Saifutdinova@kcell.kz', 1, 'Assem','Saifutdinova','Assem.Saifutdinova@kcell.kz', '{SHA}ieSV55Qc+eQOaYDRSha/AjzNTJE=', NULL);
INSERT INTO act_id_user (id_, rev_, first_, last_, email_, pwd_, picture_id_) VALUES ('Zhaxylyk.Moldakhmetov@kcell.kz', 1, 'Zhaxylyk', 'Moldakhmetov', 'Zhaxylyk.Moldakhmetov@kcell.kz', '{SHA}ieSV55Qc+eQOaYDRSha/AjzNTJE=', NULL);
INSERT INTO act_id_user (id_, rev_, first_, last_, email_, pwd_, picture_id_) VALUES ('Timur.Mukhamedyanov@kcell.kz', 1, 'Timur', 'Mukhamedyanov', 'Timur.Mukhamedyanov@kcell.kz', '{SHA}ieSV55Qc+eQOaYDRSha/AjzNTJE=', NULL);
INSERT INTO act_id_user (id_, rev_, first_, last_, email_, pwd_, picture_id_) VALUES ('Alexandr.Uzhakin@kcell.kz', 1, 'Alexandr', 'Uzhakin', 'Alexandr.Uzhakin@kcell.kz', '{SHA}ieSV55Qc+eQOaYDRSha/AjzNTJE=', NULL);
INSERT INTO act_id_user (id_, rev_, first_, last_, email_, pwd_, picture_id_) VALUES ('Alexey.Pereverzev@kcell.kz', 1, 'Alexey', 'Pereverzev', 'Alexey.Pereverzev@kcell.kz', '{SHA}ieSV55Qc+eQOaYDRSha/AjzNTJE=', NULL);

--groups
INSERT INTO act_id_group (id_, rev_, name_, type_) VALUES ('b2bDelivery', 1, 'B2B Delivery', 'WORKFLOW');
INSERT INTO act_id_group (id_, rev_, name_, type_) VALUES ('b2bSales', 1, 'B2B Sales', 'WORKFLOW');

--memberships
INSERT INTO act_id_membership (user_id_, group_id_) VALUES ('Nazym.Muralimova@kcell.kz', 'b2bDelivery');
INSERT INTO act_id_membership (user_id_, group_id_) VALUES ('Sagida.Adiyeva@kcell.kz', 'b2bDelivery');

INSERT INTO act_id_membership (user_id_, group_id_) VALUES ('Aibek.Dosbayev@kcell.kz', 'b2bSales');
INSERT INTO act_id_membership (user_id_, group_id_) VALUES ('Aidarkhan.Kursarin@kcell.kz', 'b2bSales');
INSERT INTO act_id_membership (user_id_, group_id_) VALUES ('Aigerim.Anarbayeva@kcell.kz', 'b2bSales');
INSERT INTO act_id_membership (user_id_, group_id_) VALUES ('Aigul.Demesinova@kcell.kz', 'b2bSales');
INSERT INTO act_id_membership (user_id_, group_id_) VALUES ('Ainur.Manabaeva@kcell.kz', 'b2bSales');
INSERT INTO act_id_membership (user_id_, group_id_) VALUES ('Aisulu.Zhakupova@kcell.kz', 'b2bSales');
INSERT INTO act_id_membership (user_id_, group_id_) VALUES ('Almas.Serikbekuly@kcell.kz', 'b2bSales');
INSERT INTO act_id_membership (user_id_, group_id_) VALUES ('Rauan.Daniyarov@kcell.kz', 'b2bSales');
INSERT INTO act_id_membership (user_id_, group_id_) VALUES ('Alexey.Dergachev@kcell.kz', 'b2bSales');
INSERT INTO act_id_membership (user_id_, group_id_) VALUES ('Aliya.Kaldybekova@kcell.kz', 'b2bSales');
INSERT INTO act_id_membership (user_id_, group_id_) VALUES ('Anar.Sarsenova@kcell.kz', 'b2bSales');
INSERT INTO act_id_membership (user_id_, group_id_) VALUES ('Anton.Iterman@kcell.kz', 'b2bSales');
INSERT INTO act_id_membership (user_id_, group_id_) VALUES ('Baglan.Bitenova@kcell.kz', 'b2bSales');
INSERT INTO act_id_membership (user_id_, group_id_) VALUES ('Assylzhan.Almussin@kcell.kz', 'b2bSales');
INSERT INTO act_id_membership (user_id_, group_id_) VALUES ('Anastassiya.Kromiadi@kcell.kz', 'b2bSales');
INSERT INTO act_id_membership (user_id_, group_id_) VALUES ('Bakhtiyar.Bessembayev@kcell.kz', 'b2bSales');
INSERT INTO act_id_membership (user_id_, group_id_) VALUES ('Dalabay.Shalabayev@kcell.kz', 'b2bSales');
INSERT INTO act_id_membership (user_id_, group_id_) VALUES ('Daulet.Nagumanov@kcell.kz', 'b2bSales');
INSERT INTO act_id_membership (user_id_, group_id_) VALUES ('Diana.Kassenova@kcell.kz', 'b2bSales');
INSERT INTO act_id_membership (user_id_, group_id_) VALUES ('Dinara.Kassymova@kcell.kz', 'b2bSales');
INSERT INTO act_id_membership (user_id_, group_id_) VALUES ('Erkin.Akimzhanov@kcell.kz', 'b2bSales');
INSERT INTO act_id_membership (user_id_, group_id_) VALUES ('Mukhammed.Amreyev@kcell.kz', 'b2bSales');
INSERT INTO act_id_membership (user_id_, group_id_) VALUES ('Gaukhar.Baiseitova@kcell.kz', 'b2bSales');
INSERT INTO act_id_membership (user_id_, group_id_) VALUES ('Gennadiy.Li@kcell.kz', 'b2bSales');
INSERT INTO act_id_membership (user_id_, group_id_) VALUES ('Gulzhan.Oxykbayeva@kcell.kz', 'b2bSales');
INSERT INTO act_id_membership (user_id_, group_id_) VALUES ('Igor.Azhigaliyev@kcell.kz', 'b2bSales');
INSERT INTO act_id_membership (user_id_, group_id_) VALUES ('Ilona.Vassilyeva@kcell.kz', 'b2bSales');
INSERT INTO act_id_membership (user_id_, group_id_) VALUES ('Inara.Kuatpayeva@kcell.kz', 'b2bSales');
INSERT INTO act_id_membership (user_id_, group_id_) VALUES ('Khasan.Jalalov@kcell.kz', 'b2bSales');
INSERT INTO act_id_membership (user_id_, group_id_) VALUES ('Kirill.Chelombitskiy@kcell.kz', 'b2bSales');
INSERT INTO act_id_membership (user_id_, group_id_) VALUES ('Klavdiya.Vition@kcell.kz', 'b2bSales');
INSERT INTO act_id_membership (user_id_, group_id_) VALUES ('Maxim.Soldatov@kcell.kz', 'b2bSales');
INSERT INTO act_id_membership (user_id_, group_id_) VALUES ('Liliya.Tsoy@kcell.kz', 'b2bSales');
INSERT INTO act_id_membership (user_id_, group_id_) VALUES ('Oleg.Li@kcell.kz', 'b2bSales');
INSERT INTO act_id_membership (user_id_, group_id_) VALUES ('Mariya.Makherina@kcell.kz', 'b2bSales');
INSERT INTO act_id_membership (user_id_, group_id_) VALUES ('Olga.Stepanova@kcell.kz', 'b2bSales');
INSERT INTO act_id_membership (user_id_, group_id_) VALUES ('Sukhrab.Pakhritdinov@kcell.kz', 'b2bSales');
INSERT INTO act_id_membership (user_id_, group_id_) VALUES ('Oxana.Bezverhaya@kcell.kz', 'b2bSales');
INSERT INTO act_id_membership (user_id_, group_id_) VALUES ('Seil.Rahim@kcell.kz', 'b2bSales');
INSERT INTO act_id_membership (user_id_, group_id_) VALUES ('Ravil.Bairamov@kcell.kz', 'b2bSales');
INSERT INTO act_id_membership (user_id_, group_id_) VALUES ('Roman.Mamin@kcell.kz', 'b2bSales');
INSERT INTO act_id_membership (user_id_, group_id_) VALUES ('Roman.Pak@kcell.kz', 'b2bSales');
INSERT INTO act_id_membership (user_id_, group_id_) VALUES ('Askhat.Ashimov@kcell.kz', 'b2bSales');
INSERT INTO act_id_membership (user_id_, group_id_) VALUES ('Rustam.Karzhauov@kcell.kz', 'b2bSales');
INSERT INTO act_id_membership (user_id_, group_id_) VALUES ('Sergey.Agapkin@kcell.kz', 'b2bSales');
INSERT INTO act_id_membership (user_id_, group_id_) VALUES ('Stanislav.Savchenko@kcell.kz', 'b2bSales');
INSERT INTO act_id_membership (user_id_, group_id_) VALUES ('Assel.Alimbayeva@kcell.kz', 'b2bSales');
INSERT INTO act_id_membership (user_id_, group_id_) VALUES ('Svetlana.Budashova@kcell.kz', 'b2bSales');
INSERT INTO act_id_membership (user_id_, group_id_) VALUES ('Umit.Salkeyeva@kcell.kz', 'b2bSales');
INSERT INTO act_id_membership (user_id_, group_id_) VALUES ('Yerlan.Issanov@kcell.kz', 'b2bSales');
INSERT INTO act_id_membership (user_id_, group_id_) VALUES ('Yerlan.Omarov@kcell.kz', 'b2bSales');
INSERT INTO act_id_membership (user_id_, group_id_) VALUES ('Yuriy.Nagaitsev@kcell.kz', 'b2bSales');
INSERT INTO act_id_membership (user_id_, group_id_) VALUES ('Yekaterina.Zorina@kcell.kz', 'b2bSales');
INSERT INTO act_id_membership (user_id_, group_id_) VALUES ('Zarema.Seferova@kcell.kz', 'b2bSales');
INSERT INTO act_id_membership (user_id_, group_id_) VALUES ('Zarina.Zhumadilova@kcell.kz', 'b2bSales');
INSERT INTO act_id_membership (user_id_, group_id_) VALUES ('Zhamal.Tlegenova@kcell.kz', 'b2bSales');
INSERT INTO act_id_membership (user_id_, group_id_) VALUES ('Zhanar.Amirkulova@kcell.kz', 'b2bSales');
INSERT INTO act_id_membership (user_id_, group_id_) VALUES ('Zhandos.Bektemirov@kcell.kz', 'b2bSales');
INSERT INTO act_id_membership (user_id_, group_id_) VALUES ('Zhazira.Tazabek@kcell.kz', 'b2bSales');
INSERT INTO act_id_membership (user_id_, group_id_) VALUES ('Rassul.Rakhimov@kcell.kz', 'b2bSales');
INSERT INTO act_id_membership (user_id_, group_id_) VALUES ('Rakhilya.Yessirkepova@kcell.kz', 'b2bSales');
INSERT INTO act_id_membership (user_id_, group_id_) VALUES ('Nurlan.Rakhimov@kcell.kz', 'b2bSales');
INSERT INTO act_id_membership (user_id_, group_id_) VALUES ('Zhaxylyk.Kozhakhmetov@kcell.kz', 'b2bSales');
INSERT INTO act_id_membership (user_id_, group_id_) VALUES ('Asanzhan.Baltushev@kcell.kz', 'b2bSales');
INSERT INTO act_id_membership (user_id_, group_id_) VALUES ('Maksim.Shnytkin@kcell.kz', 'b2bSales');
INSERT INTO act_id_membership (user_id_, group_id_) VALUES ('Aliya.Mussina@kcell.kz', 'b2bSales');
INSERT INTO act_id_membership (user_id_, group_id_) VALUES ('Nigara.Zairova@kcell.kz', 'b2bSales');
INSERT INTO act_id_membership (user_id_, group_id_) VALUES ('Nursultan.Nagumanov@kcell.kz', 'b2bSales');
INSERT INTO act_id_membership (user_id_, group_id_) VALUES ('Daniyar.Zhalelov@kcell.kz', 'b2bSales');
INSERT INTO act_id_membership (user_id_, group_id_) VALUES ('Natalya.Tsoy@kcell.kz', 'b2bSales');
INSERT INTO act_id_membership (user_id_, group_id_) VALUES ('Madi.Smakov@kcell.kz', 'b2bSales');
INSERT INTO act_id_membership (user_id_, group_id_) VALUES ('Timur.Amirov@kcell.kz', 'b2bSales');
INSERT INTO act_id_membership (user_id_, group_id_) VALUES ('Baurzhan.Mukhamejanov@kcell.kz', 'b2bSales');
INSERT INTO act_id_membership (user_id_, group_id_) VALUES ('Yeldar.Azimbayev@kcell.kz', 'b2bSales');
INSERT INTO act_id_membership (user_id_, group_id_) VALUES ('Manat.Mukatayev@kcell.kz', 'b2bSales');
INSERT INTO act_id_membership (user_id_, group_id_) VALUES ('Kuanysh.Dossumbayev@kcell.kz', 'b2bSales');
INSERT INTO act_id_membership (user_id_, group_id_) VALUES ('Nurlan.Magzumov@kcell.kz', 'b2bSales');
INSERT INTO act_id_membership (user_id_, group_id_) VALUES ('Ainur.Syrgabayeva@kcell.kz', 'b2bSales');
INSERT INTO act_id_membership (user_id_, group_id_) VALUES ('Askar.Zhumashev@kcell.kz', 'b2bSales');
INSERT INTO act_id_membership (user_id_, group_id_) VALUES ('Yerlan.Beissenov@kcell.kz', 'b2bSales');
INSERT INTO act_id_membership (user_id_, group_id_) VALUES ('Nadezhda.Zhonisova@kcell.kz', 'b2bSales');
INSERT INTO act_id_membership (user_id_, group_id_) VALUES ('Olzhas.Akparov@kcell.kz', 'b2bSales');
INSERT INTO act_id_membership (user_id_, group_id_) VALUES ('Elmira.Urbisinova@kcell.kz', 'b2bSales');
INSERT INTO act_id_membership (user_id_, group_id_) VALUES ('Assylbek.Kassiyenov@kcell.kz', 'b2bSales');
INSERT INTO act_id_membership (user_id_, group_id_) VALUES ('Assem.Saifutdinova@kcell.kz', 'b2bSales');




--GROUPS
INSERT INTO act_id_group (id_, rev_, name_, type_) VALUES ('kcellUsers', 1, 'Kcell Users', 'WORKFLOW');
INSERT INTO act_id_group (id_, rev_, name_, type_) VALUES ('contractor_users', 1, 'Contractor Users', 'WORKFLOW');
INSERT INTO act_id_group (id_, rev_, name_, type_) VALUES ('contractor_users_lse', 1, 'LSE Contractor Users', 'WORKFLOW');
INSERT INTO act_id_group (id_, rev_, name_, type_) VALUES ('revision_managers', 1, 'Revision Managers', 'WORKFLOW');
INSERT INTO act_id_group (id_, rev_, name_, type_) VALUES ('revision_audit', 1, 'Revision Audit', 'WORKFLOW');
INSERT INTO act_id_group (id_, rev_, name_, type_) VALUES ('camunda-admin', 1, 'camunda BPM Administrators', 'SYSTEM');
INSERT INTO act_id_group (id_, rev_, name_, type_) VALUES ('hq_optimization', 1, 'hq_optimization', 'WORKFLOW');
INSERT INTO act_id_group (id_, rev_, name_, type_) VALUES ('hq_transmission_engineer', 1, 'hq_transmission_engineer', 'WORKFLOW');
INSERT INTO act_id_group (id_, rev_, name_, type_) VALUES ('hq_transmission_budget', 1, 'hq_transmission_budget', 'WORKFLOW');
INSERT INTO act_id_group (id_, rev_, name_, type_) VALUES ('hq_infrastructure', 1, 'hq_infrastructure', 'WORKFLOW');
INSERT INTO act_id_group (id_, rev_, name_, type_) VALUES ('hq_operation', 1, 'hq_operation', 'WORKFLOW');
INSERT INTO act_id_group (id_, rev_, name_, type_) VALUES ('hq_leasing', 1, 'hq_leasing', 'WORKFLOW');
INSERT INTO act_id_group (id_, rev_, name_, type_) VALUES ('hq_sap_specialist_optimization', 1, 'hq_sap_specialist_optimization', 'WORKFLOW');
INSERT INTO act_id_group (id_, rev_, name_, type_) VALUES ('hq_sap_specialist_transmission', 1, 'hq_sap_specialist_transmission', 'WORKFLOW');
INSERT INTO act_id_group (id_, rev_, name_, type_) VALUES ('hq_sap_specialist_infrastructure', 1, 'hq_sap_specialist_infrastructure', 'WORKFLOW');
INSERT INTO act_id_group (id_, rev_, name_, type_) VALUES ('hq_sap_specialist_operation', 1, 'hq_sap_specialist_operation', 'WORKFLOW');
INSERT INTO act_id_group (id_, rev_, name_, type_) VALUES ('hq_warehouse', 1, 'hq_warehouse', 'WORKFLOW');
INSERT INTO act_id_group (id_, rev_, name_, type_) VALUES ('hq_permission', 1, 'hq_permission', 'WORKFLOW');
INSERT INTO act_id_group (id_, rev_, name_, type_) VALUES ('alm_engineer', 1, 'alm_engineer', 'WORKFLOW');
INSERT INTO act_id_group (id_, rev_, name_, type_) VALUES ('alm_optimization_head', 1, 'alm_optimization_head', 'WORKFLOW');
INSERT INTO act_id_group (id_, rev_, name_, type_) VALUES ('alm_transmission_head', 1, 'alm_transmission_head', 'WORKFLOW');
INSERT INTO act_id_group (id_, rev_, name_, type_) VALUES ('alm_infrastructure_head', 1, 'alm_infrastructure_head', 'WORKFLOW');
INSERT INTO act_id_group (id_, rev_, name_, type_) VALUES ('alm_operation_head', 1, 'alm_operation_head', 'WORKFLOW');
INSERT INTO act_id_group (id_, rev_, name_, type_) VALUES ('alm_power_engineer', 1, 'alm_power_engineer', 'WORKFLOW');
INSERT INTO act_id_group (id_, rev_, name_, type_) VALUES ('alm_leasing', 1, 'alm_leasing', 'WORKFLOW');
INSERT INTO act_id_group (id_, rev_, name_, type_) VALUES ('alm_contractor_lse', 1, 'alm_contractor_lse', 'WORKFLOW');
INSERT INTO act_id_group (id_, rev_, name_, type_) VALUES ('alm_optimization_planning', 1, 'alm_optimization_planning', 'WORKFLOW');
INSERT INTO act_id_group (id_, rev_, name_, type_) VALUES ('alm_infrastructure_planning', 1, 'alm_infrastructure_planning', 'WORKFLOW');
INSERT INTO act_id_group (id_, rev_, name_, type_) VALUES ('alm_sao_planning', 1, 'alm_sao_planning', 'WORKFLOW');
INSERT INTO act_id_group (id_, rev_, name_, type_) VALUES ('alm_optimization_maintanance', 1, 'alm_optimization_maintanance', 'WORKFLOW');
INSERT INTO act_id_group (id_, rev_, name_, type_) VALUES ('alm_infrastructure_maintanance', 1, 'alm_infrastructure_maintanance', 'WORKFLOW');
INSERT INTO act_id_group (id_, rev_, name_, type_) VALUES ('alm_sao_maintanance', 1, 'alm_sao_maintanance', 'WORKFLOW');
INSERT INTO act_id_group (id_, rev_, name_, type_) VALUES ('astana_engineer', 1, 'astana_engineer', 'WORKFLOW');
INSERT INTO act_id_group (id_, rev_, name_, type_) VALUES ('astana_optimization_head', 1, 'astana_optimization_head', 'WORKFLOW');
INSERT INTO act_id_group (id_, rev_, name_, type_) VALUES ('astana_transmission_head', 1, 'astana_transmission_head', 'WORKFLOW');
INSERT INTO act_id_group (id_, rev_, name_, type_) VALUES ('astana_infrastructure_head', 1, 'astana_infrastructure_head', 'WORKFLOW');
INSERT INTO act_id_group (id_, rev_, name_, type_) VALUES ('astana_operation_head', 1, 'astana_operation_head', 'WORKFLOW');
INSERT INTO act_id_group (id_, rev_, name_, type_) VALUES ('astana_power_engineer', 1, 'astana_power_engineer', 'WORKFLOW');
INSERT INTO act_id_group (id_, rev_, name_, type_) VALUES ('astana_leasing', 1, 'astana_leasing', 'WORKFLOW');
INSERT INTO act_id_group (id_, rev_, name_, type_) VALUES ('astana_contractor_lse', 1, 'astana_contractor_lse', 'WORKFLOW');
INSERT INTO act_id_group (id_, rev_, name_, type_) VALUES ('astana_optimization_planning', 1, 'astana_optimization_planning', 'WORKFLOW');
INSERT INTO act_id_group (id_, rev_, name_, type_) VALUES ('astana_infrastructure_planning', 1, 'astana_infrastructure_planning', 'WORKFLOW');
INSERT INTO act_id_group (id_, rev_, name_, type_) VALUES ('astana_sao_planning', 1, 'astana_sao_planning', 'WORKFLOW');
INSERT INTO act_id_group (id_, rev_, name_, type_) VALUES ('astana_optimization_maintanance', 1, 'astana_optimization_maintanance', 'WORKFLOW');
INSERT INTO act_id_group (id_, rev_, name_, type_) VALUES ('astana_infrastructure_maintanance', 1, 'astana_infrastructure_maintanance', 'WORKFLOW');
INSERT INTO act_id_group (id_, rev_, name_, type_) VALUES ('astana_sao_maintanance', 1, 'astana_sao_maintanance', 'WORKFLOW');
INSERT INTO act_id_group (id_, rev_, name_, type_) VALUES ('nc_kcell_users', 1, 'nc_kcell_users', 'WORKFLOW');
INSERT INTO act_id_group (id_, rev_, name_, type_) VALUES ('nc_engineer', 1, 'nc_engineer', 'WORKFLOW');
INSERT INTO act_id_group (id_, rev_, name_, type_) VALUES ('nc_optimization_head', 1, 'nc_optimization_head', 'WORKFLOW');
INSERT INTO act_id_group (id_, rev_, name_, type_) VALUES ('nc_transmission_head', 1, 'nc_transmission_head', 'WORKFLOW');
INSERT INTO act_id_group (id_, rev_, name_, type_) VALUES ('nc_infrastructure_head', 1, 'nc_infrastructure_head', 'WORKFLOW');
INSERT INTO act_id_group (id_, rev_, name_, type_) VALUES ('nc_operation_head', 1, 'nc_operation_head', 'WORKFLOW');
INSERT INTO act_id_group (id_, rev_, name_, type_) VALUES ('nc_power_engineer', 1, 'nc_power_engineer', 'WORKFLOW');
INSERT INTO act_id_group (id_, rev_, name_, type_) VALUES ('nc_leasing', 1, 'nc_leasing', 'WORKFLOW');
INSERT INTO act_id_group (id_, rev_, name_, type_) VALUES ('nc_contractor_lse', 1, 'nc_contractor_lse', 'WORKFLOW');
INSERT INTO act_id_group (id_, rev_, name_, type_) VALUES ('nc_optimization_planning', 1, 'nc_optimization_planning', 'WORKFLOW');
INSERT INTO act_id_group (id_, rev_, name_, type_) VALUES ('nc_infrastructure_planning', 1, 'nc_infrastructure_planning', 'WORKFLOW');
INSERT INTO act_id_group (id_, rev_, name_, type_) VALUES ('nc_sao_planning', 1, 'nc_sao_planning', 'WORKFLOW');
INSERT INTO act_id_group (id_, rev_, name_, type_) VALUES ('nc_optimization_maintanance', 1, 'nc_optimization_maintanance', 'WORKFLOW');
INSERT INTO act_id_group (id_, rev_, name_, type_) VALUES ('nc_infrastructure_maintanance', 1, 'nc_infrastructure_maintanance', 'WORKFLOW');
INSERT INTO act_id_group (id_, rev_, name_, type_) VALUES ('nc_sao_maintanance', 1, 'nc_sao_maintanance', 'WORKFLOW');
INSERT INTO act_id_group (id_, rev_, name_, type_) VALUES ('east_engineer', 1, 'east_engineer', 'WORKFLOW');
INSERT INTO act_id_group (id_, rev_, name_, type_) VALUES ('east_optimization_head', 1, 'east_optimization_head', 'WORKFLOW');
INSERT INTO act_id_group (id_, rev_, name_, type_) VALUES ('east_transmission_head', 1, 'east_transmission_head', 'WORKFLOW');
INSERT INTO act_id_group (id_, rev_, name_, type_) VALUES ('east_infrastructure_head', 1, 'east_infrastructure_head', 'WORKFLOW');
INSERT INTO act_id_group (id_, rev_, name_, type_) VALUES ('east_operation_head', 1, 'east_operation_head', 'WORKFLOW');
INSERT INTO act_id_group (id_, rev_, name_, type_) VALUES ('east_power_engineer', 1, 'east_power_engineer', 'WORKFLOW');
INSERT INTO act_id_group (id_, rev_, name_, type_) VALUES ('east_leasing', 1, 'east_leasing', 'WORKFLOW');
INSERT INTO act_id_group (id_, rev_, name_, type_) VALUES ('east_contractor_lse', 1, 'east_contractor_lse', 'WORKFLOW');
INSERT INTO act_id_group (id_, rev_, name_, type_) VALUES ('east_optimization_planning', 1, 'east_optimization_planning', 'WORKFLOW');
INSERT INTO act_id_group (id_, rev_, name_, type_) VALUES ('east_infrastructure_planning', 1, 'east_infrastructure_planning', 'WORKFLOW');
INSERT INTO act_id_group (id_, rev_, name_, type_) VALUES ('east_sao_planning', 1, 'east_sao_planning', 'WORKFLOW');
INSERT INTO act_id_group (id_, rev_, name_, type_) VALUES ('east_optimization_maintanance', 1, 'east_optimization_maintanance', 'WORKFLOW');
INSERT INTO act_id_group (id_, rev_, name_, type_) VALUES ('east_infrastructure_maintanance', 1, 'east_infrastructure_maintanance', 'WORKFLOW');
INSERT INTO act_id_group (id_, rev_, name_, type_) VALUES ('east_sao_maintanance', 1, 'east_sao_maintanance', 'WORKFLOW');
INSERT INTO act_id_group (id_, rev_, name_, type_) VALUES ('south_engineer', 1, 'south_engineer', 'WORKFLOW');
INSERT INTO act_id_group (id_, rev_, name_, type_) VALUES ('south_optimization_head', 1, 'south_optimization_head', 'WORKFLOW');
INSERT INTO act_id_group (id_, rev_, name_, type_) VALUES ('south_transmission_head', 1, 'south_transmission_head', 'WORKFLOW');
INSERT INTO act_id_group (id_, rev_, name_, type_) VALUES ('south_infrastructure_head', 1, 'south_infrastructure_head', 'WORKFLOW');
INSERT INTO act_id_group (id_, rev_, name_, type_) VALUES ('south_operation_head', 1, 'south_operation_head', 'WORKFLOW');
INSERT INTO act_id_group (id_, rev_, name_, type_) VALUES ('south_power_engineer', 1, 'south_power_engineer', 'WORKFLOW');
INSERT INTO act_id_group (id_, rev_, name_, type_) VALUES ('south_leasing', 1, 'south_leasing', 'WORKFLOW');
INSERT INTO act_id_group (id_, rev_, name_, type_) VALUES ('south_contractor_lse', 1, 'south_contractor_lse', 'WORKFLOW');
INSERT INTO act_id_group (id_, rev_, name_, type_) VALUES ('south_optimization_planning', 1, 'south_optimization_planning', 'WORKFLOW');
INSERT INTO act_id_group (id_, rev_, name_, type_) VALUES ('south_infrastructure_planning', 1, 'south_infrastructure_planning', 'WORKFLOW');
INSERT INTO act_id_group (id_, rev_, name_, type_) VALUES ('south_sao_planning', 1, 'south_sao_planning', 'WORKFLOW');
INSERT INTO act_id_group (id_, rev_, name_, type_) VALUES ('south_optimization_maintanance', 1, 'south_optimization_maintanance', 'WORKFLOW');
INSERT INTO act_id_group (id_, rev_, name_, type_) VALUES ('south_infrastructure_maintanance', 1, 'south_infrastructure_maintanance', 'WORKFLOW');
INSERT INTO act_id_group (id_, rev_, name_, type_) VALUES ('south_sao_maintanance', 1, 'south_sao_maintanance', 'WORKFLOW');
INSERT INTO act_id_group (id_, rev_, name_, type_) VALUES ('west_engineer', 1, 'west_engineer', 'WORKFLOW');
INSERT INTO act_id_group (id_, rev_, name_, type_) VALUES ('west_optimization_head', 1, 'west_optimization_head', 'WORKFLOW');
INSERT INTO act_id_group (id_, rev_, name_, type_) VALUES ('west_transmission_head', 1, 'west_transmission_head', 'WORKFLOW');
INSERT INTO act_id_group (id_, rev_, name_, type_) VALUES ('west_infrastructure_head', 1, 'west_infrastructure_head', 'WORKFLOW');
INSERT INTO act_id_group (id_, rev_, name_, type_) VALUES ('west_operation_head', 1, 'west_operation_head', 'WORKFLOW');
INSERT INTO act_id_group (id_, rev_, name_, type_) VALUES ('west_power_engineer', 1, 'west_power_engineer', 'WORKFLOW');
INSERT INTO act_id_group (id_, rev_, name_, type_) VALUES ('west_leasing', 1, 'west_leasing', 'WORKFLOW');
INSERT INTO act_id_group (id_, rev_, name_, type_) VALUES ('west_contractor_lse', 1, 'west_contractor_lse', 'WORKFLOW');
INSERT INTO act_id_group (id_, rev_, name_, type_) VALUES ('west_optimization_planning', 1, 'west_optimization_planning', 'WORKFLOW');
INSERT INTO act_id_group (id_, rev_, name_, type_) VALUES ('west_infrastructure_planning', 1, 'west_infrastructure_planning', 'WORKFLOW');
INSERT INTO act_id_group (id_, rev_, name_, type_) VALUES ('west_sao_planning', 1, 'south_sao_planning', 'WORKFLOW');
INSERT INTO act_id_group (id_, rev_, name_, type_) VALUES ('west_optimization_maintanance', 1, 'west_optimization_maintanance', 'WORKFLOW');
INSERT INTO act_id_group (id_, rev_, name_, type_) VALUES ('west_infrastructure_maintanance', 1, 'west_infrastructure_maintanance', 'WORKFLOW');
INSERT INTO act_id_group (id_, rev_, name_, type_) VALUES ('west_sao_maintanance', 1, 'south_sao_maintanance', 'WORKFLOW');
INSERT INTO act_id_group (id_, rev_, name_, type_) VALUES ('nc_infrastructure_maintenance', 1, 'nc_infrastructure_maintenance', 'WORKFLOW');
INSERT INTO act_id_group (id_, rev_, name_, type_) VALUES ('nc_optimization_maintenance', 1, 'nc_optimization_maintenance', 'WORKFLOW');
INSERT INTO act_id_group (id_, rev_, name_, type_) VALUES ('nc_sao_maintenance', 1, 'nc_sao_maintenance', 'WORKFLOW');
INSERT INTO act_id_group (id_, rev_, name_, type_) VALUES ('warehouse_alm', 1, 'warehouse_alm', 'WORKFLOW');
INSERT INTO act_id_group (id_, rev_, name_, type_) VALUES ('warehouse_astana', 1, 'warehouse_astana', 'WORKFLOW');
INSERT INTO act_id_group (id_, rev_, name_, type_) VALUES ('warehouse_atyrau', 1, 'warehouse_atyrau', 'WORKFLOW');
INSERT INTO act_id_group (id_, rev_, name_, type_) VALUES ('warehouse_aktau', 1, 'warehouse_aktau', 'WORKFLOW');
INSERT INTO act_id_group (id_, rev_, name_, type_) VALUES ('south_transmission_mlapprover', 1, 'south_transmission_mlapprover', 'WORKFLOW');
INSERT INTO act_id_group (id_, rev_, name_, type_) VALUES ('south_infrastructure_mlapprover', 1, 'south_infrastructure_mlapprover', 'WORKFLOW');
INSERT INTO act_id_group (id_, rev_, name_, type_) VALUES ('south_sao_mlapprover', 1, 'south_sao_mlapprover', 'WORKFLOW');
INSERT INTO act_id_group (id_, rev_, name_, type_) VALUES ('west_optimization_mlapprover', 1, 'west_optimization_mlapprover', 'WORKFLOW');
INSERT INTO act_id_group (id_, rev_, name_, type_) VALUES ('west_transmission_mlapprover', 1, 'west_transmission_mlapprover', 'WORKFLOW');
INSERT INTO act_id_group (id_, rev_, name_, type_) VALUES ('west_infrastructure_mlapprover', 1, 'west_infrastructure_mlapprover', 'WORKFLOW');
INSERT INTO act_id_group (id_, rev_, name_, type_) VALUES ('west_sao_mlapprover', 1, 'west_sao_mlapprover', 'WORKFLOW');
INSERT INTO act_id_group (id_, rev_, name_, type_) VALUES ('nc_optimization_mlapprover', 1, 'nc_optimization_mlapprover', 'WORKFLOW');
INSERT INTO act_id_group (id_, rev_, name_, type_) VALUES ('nc_transmission_mlapprover', 1, 'nc_transmission_mlapprover', 'WORKFLOW');
INSERT INTO act_id_group (id_, rev_, name_, type_) VALUES ('nc_infrastructure_mlapprover', 1, 'nc_infrastructure_mlapprover', 'WORKFLOW');
INSERT INTO act_id_group (id_, rev_, name_, type_) VALUES ('nc_sao_mlapprover', 1, 'nc_sao_mlapprover', 'WORKFLOW');
INSERT INTO act_id_group (id_, rev_, name_, type_) VALUES ('alm_optimization_mlapprover', 1, 'alm_optimization_mlapprover', 'WORKFLOW');
INSERT INTO act_id_group (id_, rev_, name_, type_) VALUES ('alm_transmission_mlapprover', 1, 'alm_transmission_mlapprover', 'WORKFLOW');
INSERT INTO act_id_group (id_, rev_, name_, type_) VALUES ('alm_infrastructure_mlapprover', 1, 'alm_infrastructure_mlapprover', 'WORKFLOW');
INSERT INTO act_id_group (id_, rev_, name_, type_) VALUES ('alm_sao_mlapprover', 1, 'alm_sao_mlapprover', 'WORKFLOW');
INSERT INTO act_id_group (id_, rev_, name_, type_) VALUES ('astana_optimization_mlapprover', 1, 'astana_optimization_mlapprover', 'WORKFLOW');
INSERT INTO act_id_group (id_, rev_, name_, type_) VALUES ('astana_transmission_mlapprover', 1, 'astana_transmission_mlapprover', 'WORKFLOW');
INSERT INTO act_id_group (id_, rev_, name_, type_) VALUES ('astana_infrastructure_mlapprover', 1, 'astana_infrastructure_mlapprover', 'WORKFLOW');
INSERT INTO act_id_group (id_, rev_, name_, type_) VALUES ('astana_sao_mlapprover', 1, 'astana_sao_mlapprover', 'WORKFLOW');
INSERT INTO act_id_group (id_, rev_, name_, type_) VALUES ('east_optimization_mlapprover', 1, 'east_optimization_mlapprover', 'WORKFLOW');
INSERT INTO act_id_group (id_, rev_, name_, type_) VALUES ('east_transmission_mlapprover', 1, 'east_transmission_mlapprover', 'WORKFLOW');
INSERT INTO act_id_group (id_, rev_, name_, type_) VALUES ('east_infrastructure_mlapprover', 1, 'east_infrastructure_mlapprover', 'WORKFLOW');
INSERT INTO act_id_group (id_, rev_, name_, type_) VALUES ('east_sao_mlapprover', 1, 'east_sao_mlapprover', 'WORKFLOW');
INSERT INTO act_id_group (id_, rev_, name_, type_) VALUES ('south_optimization_mlapprover', 1, 'south_optimization_mlapprover', 'WORKFLOW');
INSERT INTO act_id_group (id_, rev_, name_, type_) VALUES ('east_kcell_users', 1, 'east_kcell_users', 'WORKFLOW');
INSERT INTO act_id_group (id_, rev_, name_, type_) VALUES ('west_kcell_users', 1, 'west_kcell_users', 'WORKFLOW');
INSERT INTO act_id_group (id_, rev_, name_, type_) VALUES ('south_kcell_users', 1, 'south_kcell_users', 'WORKFLOW');


--MEMBERSHIPS
INSERT INTO act_id_membership (user_id_, group_id_) VALUES ('demo', 'kcellUsers');
INSERT INTO act_id_membership (user_id_, group_id_) VALUES ('demo', 'camunda-admin');
INSERT INTO act_id_membership (user_id_, group_id_) VALUES ('demo', 'revision_managers');
INSERT INTO act_id_membership (user_id_, group_id_) VALUES ('demo', 'revision_audit');
INSERT INTO act_id_membership (user_id_, group_id_) VALUES ('test_flow@kcell.kz', 'kcellUsers');
INSERT INTO act_id_membership (user_id_, group_id_) VALUES ('test_flow@kcell.kz', 'camunda-admin');
INSERT INTO act_id_membership (user_id_, group_id_) VALUES ('test_flow@kcell.kz', 'revision_managers');
INSERT INTO act_id_membership (user_id_, group_id_) VALUES ('test_flow@kcell.kz', 'revision_audit');
INSERT INTO act_id_membership (user_id_, group_id_) VALUES ('Yernaz.Kalingarayev@kcell.kz', 'camunda-admin');
INSERT INTO act_id_membership (user_id_, group_id_) VALUES ('Yernaz.Kalingarayev@kcell.kz', 'revision_managers');
INSERT INTO act_id_membership (user_id_, group_id_) VALUES ('Yernaz.Kalingarayev@kcell.kz', 'revision_audit');
INSERT INTO act_id_membership (user_id_, group_id_) VALUES ('Askar.Slambekov@kcell.kz', 'camunda-admin');
INSERT INTO act_id_membership (user_id_, group_id_) VALUES ('Askar.Slambekov@kcell.kz', 'revision_managers');
INSERT INTO act_id_membership (user_id_, group_id_) VALUES ('Askar.Slambekov@kcell.kz', 'revision_audit');
INSERT INTO act_id_membership (user_id_, group_id_) VALUES ('Anzor.Israilov@kcell.kz', 'camunda-admin');
INSERT INTO act_id_membership (user_id_, group_id_) VALUES ('Yernaz.Kalingarayev@kcell.kz', 'kcellUsers');
INSERT INTO act_id_membership (user_id_, group_id_) VALUES ('Askar.Slambekov@kcell.kz', 'kcellUsers');
INSERT INTO act_id_membership (user_id_, group_id_) VALUES ('Anzor.Israilov@kcell.kz', 'kcellUsers');
INSERT INTO act_id_membership (user_id_, group_id_) VALUES ('Abai.Shapagatin@kcell.kz', 'kcellUsers');
INSERT INTO act_id_membership (user_id_, group_id_) VALUES ('Adilet.Baishalov@kcell.kz', 'kcellUsers');
INSERT INTO act_id_membership (user_id_, group_id_) VALUES ('Aidos.Kenzhebayev@kcell.kz', 'kcellUsers');
INSERT INTO act_id_membership (user_id_, group_id_) VALUES ('Aigerim.Iskakova@kcell.kz', 'kcellUsers');
INSERT INTO act_id_membership (user_id_, group_id_) VALUES ('Aigerim.Satybekova@kcell.kz', 'kcellUsers');
INSERT INTO act_id_membership (user_id_, group_id_) VALUES ('Aigerim.Segizbayeva@kcell.kz', 'kcellUsers');
INSERT INTO act_id_membership (user_id_, group_id_) VALUES ('Ainur.Beknazarova@kcell.kz', 'kcellUsers');
INSERT INTO act_id_membership (user_id_, group_id_) VALUES ('Aleksandr.Kobelev@kcell.kz', 'kcellUsers');
INSERT INTO act_id_membership (user_id_, group_id_) VALUES ('Alexander.Shanygin@kcell.kz', 'kcellUsers');
INSERT INTO act_id_membership (user_id_, group_id_) VALUES ('Alexey.Khudaev@kcell.kz', 'kcellUsers');
INSERT INTO act_id_membership (user_id_, group_id_) VALUES ('Alexey.Kolesnikov@kcell.kz', 'kcellUsers');
INSERT INTO act_id_membership (user_id_, group_id_) VALUES ('Alexey.Kolyagin@kcell.kz', 'kcellUsers');
INSERT INTO act_id_membership (user_id_, group_id_) VALUES ('Alibek.Nurkassymov@kcell.kz', 'kcellUsers');
INSERT INTO act_id_membership (user_id_, group_id_) VALUES ('Amanbek.Suimenbayev@kcell.kz', 'kcellUsers');
INSERT INTO act_id_membership (user_id_, group_id_) VALUES ('Anastassiya.Shenojak@kcell.kz', 'kcellUsers');
INSERT INTO act_id_membership (user_id_, group_id_) VALUES ('Andrei.Lugovoy@kcell.kz', 'kcellUsers');
INSERT INTO act_id_membership (user_id_, group_id_) VALUES ('Andrey.Medvedev@kcell.kz', 'kcellUsers');
INSERT INTO act_id_membership (user_id_, group_id_) VALUES ('Anna.Martynova@kcell.kz', 'kcellUsers');
INSERT INTO act_id_membership (user_id_, group_id_) VALUES ('Arman.Utepov@kcell.kz', 'kcellUsers');
INSERT INTO act_id_membership (user_id_, group_id_) VALUES ('Askar.Bekmurzayev@kcell.kz', 'kcellUsers');
INSERT INTO act_id_membership (user_id_, group_id_) VALUES ('Askar.Pernebekov@kcell.kz', 'kcellUsers');
INSERT INTO act_id_membership (user_id_, group_id_) VALUES ('Askhat.Tatepbaev@kcell.kz', 'kcellUsers');
INSERT INTO act_id_membership (user_id_, group_id_) VALUES ('Aslan.Shalov@kcell.kz', 'kcellUsers');
INSERT INTO act_id_membership (user_id_, group_id_) VALUES ('Asset.Rashitov@kcell.kz', 'kcellUsers');
INSERT INTO act_id_membership (user_id_, group_id_) VALUES ('Bahytzhan.Sandybayev@kcell.kz', 'kcellUsers');
INSERT INTO act_id_membership (user_id_, group_id_) VALUES ('Begaly.Kokin@kcell.kz', 'kcellUsers');
INSERT INTO act_id_membership (user_id_, group_id_) VALUES ('Beibit.Bitenov@kcell.kz', 'kcellUsers');
INSERT INTO act_id_membership (user_id_, group_id_) VALUES ('Bella.Mamatova@kcell.kz', 'kcellUsers');
INSERT INTO act_id_membership (user_id_, group_id_) VALUES ('Bogembay.Tleuzhanov@kcell.kz', 'kcellUsers');
INSERT INTO act_id_membership (user_id_, group_id_) VALUES ('Bolat.Idirissov@kcell.kz', 'kcellUsers');
INSERT INTO act_id_membership (user_id_, group_id_) VALUES ('Daniyar.Uzibayev@kcell.kz', 'kcellUsers');
INSERT INTO act_id_membership (user_id_, group_id_) VALUES ('Daniyar.Yespayev@kcell.kz', 'kcellUsers');
INSERT INTO act_id_membership (user_id_, group_id_) VALUES ('Dauren.Beispaev@kcell.kz', 'kcellUsers');
INSERT INTO act_id_membership (user_id_, group_id_) VALUES ('Dmitriy.Saidashev@kcell.kz', 'kcellUsers');
INSERT INTO act_id_membership (user_id_, group_id_) VALUES ('Evgeniy.Semenov@kcell.kz', 'kcellUsers');
INSERT INTO act_id_membership (user_id_, group_id_) VALUES ('Farida.Jumanazarova@kcell.kz', 'kcellUsers');
INSERT INTO act_id_membership (user_id_, group_id_) VALUES ('Galym.Tulenbayev@kcell.kz', 'kcellUsers');
INSERT INTO act_id_membership (user_id_, group_id_) VALUES ('Gaukhar.Kaisarova@kcell.kz', 'kcellUsers');
INSERT INTO act_id_membership (user_id_, group_id_) VALUES ('Georgiy.Kan@kcell.kz', 'kcellUsers');
INSERT INTO act_id_membership (user_id_, group_id_) VALUES ('Gulzhan.Imandosova@kcell.kz', 'kcellUsers');
INSERT INTO act_id_membership (user_id_, group_id_) VALUES ('Kairat.Parmanov@kcell.kz', 'kcellUsers');
INSERT INTO act_id_membership (user_id_, group_id_) VALUES ('Kali.Esimbekov@kcell.kz', 'kcellUsers');
INSERT INTO act_id_membership (user_id_, group_id_) VALUES ('Kanat.Kulmukhambetov@kcell.kz', 'kcellUsers');
INSERT INTO act_id_membership (user_id_, group_id_) VALUES ('Kerey.Zatilda@kcell.kz', 'kcellUsers');
INSERT INTO act_id_membership (user_id_, group_id_) VALUES ('Kirill.Kassatkin@kcell.kz', 'kcellUsers');
INSERT INTO act_id_membership (user_id_, group_id_) VALUES ('Kuanysh.Khozhamuratov@kcell.kz', 'kcellUsers');
INSERT INTO act_id_membership (user_id_, group_id_) VALUES ('Kuanysh.Kussainbekov@kcell.kz', 'kcellUsers');
INSERT INTO act_id_membership (user_id_, group_id_) VALUES ('Lazizbek.Kurbantayev@kcell.kz', 'kcellUsers');
INSERT INTO act_id_membership (user_id_, group_id_) VALUES ('Leila.Raisova@kcell.kz', 'kcellUsers');
INSERT INTO act_id_membership (user_id_, group_id_) VALUES ('Lyudmila.Jabrailova@kcell.kz', 'kcellUsers');
INSERT INTO act_id_membership (user_id_, group_id_) VALUES ('Lyudmila.Vilkova@kcell.kz', 'kcellUsers');
INSERT INTO act_id_membership (user_id_, group_id_) VALUES ('Makhabbat.Sasanova@kcell.kz', 'kcellUsers');
INSERT INTO act_id_membership (user_id_, group_id_) VALUES ('Maral.Amantay@kcell.kz', 'kcellUsers');
INSERT INTO act_id_membership (user_id_, group_id_) VALUES ('Margarita.Kim@kcell.kz', 'kcellUsers');
INSERT INTO act_id_membership (user_id_, group_id_) VALUES ('Marina.Paramonova@kcell.kz', 'kcellUsers');
INSERT INTO act_id_membership (user_id_, group_id_) VALUES ('Maulen.Kempirbayev@kcell.kz', 'kcellUsers');
INSERT INTO act_id_membership (user_id_, group_id_) VALUES ('Maxim.Goikolov@kcell.kz', 'kcellUsers');
INSERT INTO act_id_membership (user_id_, group_id_) VALUES ('Nurzhan.Kochshigulov@kcell.kz', 'kcellUsers');
INSERT INTO act_id_membership (user_id_, group_id_) VALUES ('Nurzhan.Mynbayev@kcell.kz', 'kcellUsers');
INSERT INTO act_id_membership (user_id_, group_id_) VALUES ('Rinat.Kurbangaliyev@kcell.kz', 'kcellUsers');
INSERT INTO act_id_membership (user_id_, group_id_) VALUES ('Ruslan.Tubekbayev@kcell.kz', 'kcellUsers');
INSERT INTO act_id_membership (user_id_, group_id_) VALUES ('Samat.Akhmetov@kcell.kz', 'kcellUsers');
INSERT INTO act_id_membership (user_id_, group_id_) VALUES ('Sara.Turabayeva@kcell.kz', 'kcellUsers');
INSERT INTO act_id_membership (user_id_, group_id_) VALUES ('Saule.Beisembekova@kcell.kz', 'kcellUsers');
INSERT INTO act_id_membership (user_id_, group_id_) VALUES ('Sergey.Chekh@kcell.kz', 'kcellUsers');
INSERT INTO act_id_membership (user_id_, group_id_) VALUES ('Sergey.Chumachenko@kcell.kz', 'kcellUsers');
INSERT INTO act_id_membership (user_id_, group_id_) VALUES ('Sergey.Grigor@kcell.kz', 'kcellUsers');
INSERT INTO act_id_membership (user_id_, group_id_) VALUES ('Sergey.Lee@kcell.kz', 'kcellUsers');
INSERT INTO act_id_membership (user_id_, group_id_) VALUES ('Sergey.Michshenko@kcell.kz', 'kcellUsers');
INSERT INTO act_id_membership (user_id_, group_id_) VALUES ('Shyngys.Kassabekov@kcell.kz', 'kcellUsers');
INSERT INTO act_id_membership (user_id_, group_id_) VALUES ('Tatyana.Solovyova@kcell.kz', 'kcellUsers');
INSERT INTO act_id_membership (user_id_, group_id_) VALUES ('Temirlan.Kaliyev@kcell.kz', 'kcellUsers');
INSERT INTO act_id_membership (user_id_, group_id_) VALUES ('Valeriy.Pogorelov@kcell.kz', 'kcellUsers');
INSERT INTO act_id_membership (user_id_, group_id_) VALUES ('Vassiliy.Gopkalo@kcell.kz', 'kcellUsers');
INSERT INTO act_id_membership (user_id_, group_id_) VALUES ('Vladimir.Grachyov@kcell.kz', 'kcellUsers');
INSERT INTO act_id_membership (user_id_, group_id_) VALUES ('Vladimir.Yefanov@kcell.kz', 'kcellUsers');
INSERT INTO act_id_membership (user_id_, group_id_) VALUES ('Vladislav.Posashkov@kcell.kz', 'kcellUsers');
INSERT INTO act_id_membership (user_id_, group_id_) VALUES ('Yerkebulan.Dauletbayev@kcell.kz', 'kcellUsers');
INSERT INTO act_id_membership (user_id_, group_id_) VALUES ('Yermek.Tanabekov@kcell.kz', 'kcellUsers');
INSERT INTO act_id_membership (user_id_, group_id_) VALUES ('Yevgeniy.Elunin@kcell.kz', 'kcellUsers');
INSERT INTO act_id_membership (user_id_, group_id_) VALUES ('Zhanat.Seitkanov@kcell.kz', 'kcellUsers');
INSERT INTO act_id_membership (user_id_, group_id_) VALUES ('Zhandos.Bolatov@kcell.kz', 'kcellUsers');
INSERT INTO act_id_membership (user_id_, group_id_) VALUES ('Makhambet.Sameke2@kcell.kz', 'kcellUsers');
INSERT INTO act_id_membership (user_id_, group_id_) VALUES ('Ernat.Suleimenov@kcell.kz', 'kcellUsers');
INSERT INTO act_id_membership (user_id_, group_id_) VALUES ('Dana.Sabitova@kcell.kz', 'kcellUsers');
INSERT INTO act_id_membership (user_id_, group_id_) VALUES ('Askhat.Tatepbayev@kcell.kz', 'kcellUsers');
INSERT INTO act_id_membership (user_id_, group_id_) VALUES ('Keremet.Ibragimova@kcell.kz', 'kcellUsers');
INSERT INTO act_id_membership (user_id_, group_id_) VALUES ('Chingis.Zholdassov@kcell.kz', 'kcellUsers');
INSERT INTO act_id_membership (user_id_, group_id_) VALUES ('Kirill.Strashenko@kcell.kz', 'kcellUsers');
INSERT INTO act_id_membership (user_id_, group_id_) VALUES ('Alexandr.Kim@kcell.kz', 'kcellUsers');
INSERT INTO act_id_membership (user_id_, group_id_) VALUES ('Zhienbay.Taraziev@kcell.kz', 'kcellUsers');
INSERT INTO act_id_membership (user_id_, group_id_) VALUES ('Alexandr.Kim@kcell.kz', 'camunda-admin');
INSERT INTO act_id_membership (user_id_, group_id_) VALUES ('Begaly.Kokin@kcell.kz', 'camunda-admin');
INSERT INTO act_id_membership (user_id_, group_id_) VALUES ('Kirill.Strashenko@kcell.kz', 'camunda-admin');
INSERT INTO act_id_membership (user_id_, group_id_) VALUES ('Nikolay.Ustinov@kcell.kz', 'kcellUsers');
INSERT INTO act_id_membership (user_id_, group_id_) VALUES ('anuarbek.m@lse.kz', 'contractor_users');
INSERT INTO act_id_membership (user_id_, group_id_) VALUES ('beibit.a@lse.kz', 'contractor_users');
INSERT INTO act_id_membership (user_id_, group_id_) VALUES ('botagoz.ch@lse.kz', 'contractor_users');
INSERT INTO act_id_membership (user_id_, group_id_) VALUES ('kairat.b@lse.kz', 'contractor_users');
INSERT INTO act_id_membership (user_id_, group_id_) VALUES ('gulzhaina.t@lse.kz', 'contractor_users');
INSERT INTO act_id_membership (user_id_, group_id_) VALUES ('meirkhan.k@lse.kz', 'contractor_users');
INSERT INTO act_id_membership (user_id_, group_id_) VALUES ('nazym.s@lse.kz', 'contractor_users');
INSERT INTO act_id_membership (user_id_, group_id_) VALUES ('rn-rs-almaty@lse.kz', 'contractor_users');
INSERT INTO act_id_membership (user_id_, group_id_) VALUES ('rollout-almaty-main@lse.kz', 'contractor_users');
INSERT INTO act_id_membership (user_id_, group_id_) VALUES ('zhandos.k@lse.kz', 'contractor_users');
INSERT INTO act_id_membership (user_id_, group_id_) VALUES ('LSE_Revision_Alm', 'contractor_users');
INSERT INTO act_id_membership (user_id_, group_id_) VALUES ('anuarbek.m@lse.kz', 'contractor_users_lse');
INSERT INTO act_id_membership (user_id_, group_id_) VALUES ('beibit.a@lse.kz', 'contractor_users_lse');
INSERT INTO act_id_membership (user_id_, group_id_) VALUES ('botagoz.ch@lse.kz', 'contractor_users_lse');
INSERT INTO act_id_membership (user_id_, group_id_) VALUES ('kairat.b@lse.kz', 'contractor_users_lse');
INSERT INTO act_id_membership (user_id_, group_id_) VALUES ('gulzhaina.t@lse.kz', 'contractor_users_lse');
INSERT INTO act_id_membership (user_id_, group_id_) VALUES ('meirkhan.k@lse.kz', 'contractor_users_lse');
INSERT INTO act_id_membership (user_id_, group_id_) VALUES ('nazym.s@lse.kz', 'contractor_users_lse');
INSERT INTO act_id_membership (user_id_, group_id_) VALUES ('rn-rs-almaty@lse.kz', 'contractor_users_lse');
INSERT INTO act_id_membership (user_id_, group_id_) VALUES ('rollout-almaty-main@lse.kz', 'contractor_users_lse');
INSERT INTO act_id_membership (user_id_, group_id_) VALUES ('zhandos.k@lse.kz', 'contractor_users_lse');
INSERT INTO act_id_membership (user_id_, group_id_) VALUES ('LSE_Revision_Alm', 'contractor_users_lse');
INSERT INTO act_id_membership (user_id_, group_id_) VALUES ('Evgeniy.Degtyarev@kcell.kz', 'kcellUsers');
INSERT INTO act_id_membership (user_id_, group_id_) VALUES ('Marina.Paramonova@kcell.kz', 'hq_optimization');
INSERT INTO act_id_membership (user_id_, group_id_) VALUES ('Daniyar.Yespayev@kcell.kz', 'hq_optimization');
INSERT INTO act_id_membership (user_id_, group_id_) VALUES ('Vladimir.Grachyov@kcell.kz', 'hq_optimization');
INSERT INTO act_id_membership (user_id_, group_id_) VALUES ('Gulzhan.Imandosova@kcell.kz', 'hq_optimization');
INSERT INTO act_id_membership (user_id_, group_id_) VALUES ('Sergey.Grigor@kcell.kz', 'hq_transmission_engineer');
INSERT INTO act_id_membership (user_id_, group_id_) VALUES ('Galym.Tulenbayev@kcell.kz', 'hq_transmission_engineer');
INSERT INTO act_id_membership (user_id_, group_id_) VALUES ('Nikolay.Ustinov@kcell.kz', 'hq_transmission_engineer');
INSERT INTO act_id_membership (user_id_, group_id_) VALUES ('Aigerim.Satybekova@kcell.kz', 'hq_transmission_budget');
INSERT INTO act_id_membership (user_id_, group_id_) VALUES ('Tatyana.Solovyova@kcell.kz', 'hq_transmission_budget');
INSERT INTO act_id_membership (user_id_, group_id_) VALUES ('Bolat.Idirissov@kcell.kz', 'hq_transmission_budget');
INSERT INTO act_id_membership (user_id_, group_id_) VALUES ('Lyudmila.Vilkova@kcell.kz', 'hq_transmission_budget');
INSERT INTO act_id_membership (user_id_, group_id_) VALUES ('Andrey.Medvedev@kcell.kz', 'hq_infrastructure');
INSERT INTO act_id_membership (user_id_, group_id_) VALUES ('Sergey.Chumachenko@kcell.kz', 'hq_infrastructure');
INSERT INTO act_id_membership (user_id_, group_id_) VALUES ('Kairat.Parmanov@kcell.kz', 'hq_operation');
INSERT INTO act_id_membership (user_id_, group_id_) VALUES ('Askar.Bekmurzayev@kcell.kz', 'hq_operation');
INSERT INTO act_id_membership (user_id_, group_id_) VALUES ('Temirlan.Kaliyev@kcell.kz', 'hq_operation');
INSERT INTO act_id_membership (user_id_, group_id_) VALUES ('Sara.Turabayeva@kcell.kz', 'hq_leasing');
INSERT INTO act_id_membership (user_id_, group_id_) VALUES ('Ainur.Beknazarova@kcell.kz', 'hq_leasing');
INSERT INTO act_id_membership (user_id_, group_id_) VALUES ('Bella.Mamatova@kcell.kz', 'hq_leasing');
INSERT INTO act_id_membership (user_id_, group_id_) VALUES ('Ikhtiyar.Ibrayev@kcell.kz', 'hq_leasing');
INSERT INTO act_id_membership (user_id_, group_id_) VALUES ('Gulzhan.Imandosova@kcell.kz', 'hq_sap_specialist_optimization');
INSERT INTO act_id_membership (user_id_, group_id_) VALUES ('Ernat.Suleimenov@kcell.kz', 'hq_sap_specialist_optimization');
INSERT INTO act_id_membership (user_id_, group_id_) VALUES ('Dana.Sabitova@kcell.kz', 'hq_sap_specialist_optimization');
INSERT INTO act_id_membership (user_id_, group_id_) VALUES ('Aigerim.Satybekova@kcell.kz', 'hq_sap_specialist_transmission');
INSERT INTO act_id_membership (user_id_, group_id_) VALUES ('Tatyana.Solovyova@kcell.kz', 'hq_sap_specialist_transmission');
INSERT INTO act_id_membership (user_id_, group_id_) VALUES ('Bolat.Idirissov@kcell.kz', 'hq_sap_specialist_transmission');
INSERT INTO act_id_membership (user_id_, group_id_) VALUES ('Lyudmila.Vilkova@kcell.kz', 'hq_sap_specialist_transmission');
INSERT INTO act_id_membership (user_id_, group_id_) VALUES ('Aigerim.Segizbayeva@kcell.kz', 'hq_sap_specialist_infrastructure');
INSERT INTO act_id_membership (user_id_, group_id_) VALUES ('Ernat.Suleimenov@kcell.kz', 'hq_sap_specialist_infrastructure');
INSERT INTO act_id_membership (user_id_, group_id_) VALUES ('Chingis.Zholdassov@kcell.kz', 'hq_sap_specialist_operation');
INSERT INTO act_id_membership (user_id_, group_id_) VALUES ('Keremet.Ibragimova@kcell.kz', 'hq_sap_specialist_operation');
INSERT INTO act_id_membership (user_id_, group_id_) VALUES ('Maral.Amantay@kcell.kz', 'hq_warehouse');
INSERT INTO act_id_membership (user_id_, group_id_) VALUES ('Rinat.Kurbangaliyev@kcell.kz', 'hq_warehouse');
INSERT INTO act_id_membership (user_id_, group_id_) VALUES ('Dauren.Beispaev@kcell.kz', 'hq_warehouse');
INSERT INTO act_id_membership (user_id_, group_id_) VALUES ('Abai.Shapagatin@kcell.kz', 'hq_permission');
INSERT INTO act_id_membership (user_id_, group_id_) VALUES ('Aidos.Kenzhebayev@kcell.kz', 'hq_permission');
INSERT INTO act_id_membership (user_id_, group_id_) VALUES ('Alibek.Nurkassymov@kcell.kz', 'hq_permission');
INSERT INTO act_id_membership (user_id_, group_id_) VALUES ('Anna.Martynova@kcell.kz', 'hq_permission');
INSERT INTO act_id_membership (user_id_, group_id_) VALUES ('Arman.Utepov@kcell.kz', 'hq_permission');
INSERT INTO act_id_membership (user_id_, group_id_) VALUES ('Makhabbat.Sasanova@kcell.kz', 'hq_permission');
INSERT INTO act_id_membership (user_id_, group_id_) VALUES ('Ruslan.Tubekbayev@kcell.kz', 'hq_permission');
INSERT INTO act_id_membership (user_id_, group_id_) VALUES ('Yerkebulan.Dauletbayev@kcell.kz', 'hq_permission');
INSERT INTO act_id_membership (user_id_, group_id_) VALUES ('Zhandos.Bolatov@kcell.kz', 'hq_permission');
INSERT INTO act_id_membership (user_id_, group_id_) VALUES ('Bahytzhan.Sandybayev@kcell.kz', 'hq_permission');
INSERT INTO act_id_membership (user_id_, group_id_) VALUES ('Askar.Pernebekov@kcell.kz', 'hq_permission');
INSERT INTO act_id_membership (user_id_, group_id_) VALUES ('Alexey.Kolyagin@kcell.kz', 'alm_engineer');
INSERT INTO act_id_membership (user_id_, group_id_) VALUES ('Anastassiya.Shenojak@kcell.kz', 'alm_engineer');
INSERT INTO act_id_membership (user_id_, group_id_) VALUES ('Dmitriy.Saidashev@kcell.kz', 'alm_engineer');
INSERT INTO act_id_membership (user_id_, group_id_) VALUES ('Lazizbek.Kurbantayev@kcell.kz', 'alm_engineer');
INSERT INTO act_id_membership (user_id_, group_id_) VALUES ('Nurzhan.Kochshigulov@kcell.kz', 'alm_engineer');
INSERT INTO act_id_membership (user_id_, group_id_) VALUES ('Sergey.Michshenko@kcell.kz', 'alm_engineer');
INSERT INTO act_id_membership (user_id_, group_id_) VALUES ('Kanat.Kulmukhambetov@kcell.kz', 'alm_engineer');
INSERT INTO act_id_membership (user_id_, group_id_) VALUES ('Kerey.Zatilda@kcell.kz', 'alm_engineer');
INSERT INTO act_id_membership (user_id_, group_id_) VALUES ('Nurlan.Shokparov@kcell.kz', 'alm_engineer');
INSERT INTO act_id_membership (user_id_, group_id_) VALUES ('Evgeniy.Degtyarev@kcell.kz', 'alm_engineer');
INSERT INTO act_id_membership (user_id_, group_id_) VALUES ('Maulen.Kempirbayev@kcell.kz', 'alm_engineer');
INSERT INTO act_id_membership (user_id_, group_id_) VALUES ('Nurzhan.Mynbayev@kcell.kz', 'alm_engineer');
INSERT INTO act_id_membership (user_id_, group_id_) VALUES ('Asset.Rashitov@kcell.kz', 'alm_engineer');
INSERT INTO act_id_membership (user_id_, group_id_) VALUES ('Vladimir.Yefanov@kcell.kz', 'alm_engineer');
INSERT INTO act_id_membership (user_id_, group_id_) VALUES ('Aslan.Shalov@kcell.kz', 'alm_engineer');
INSERT INTO act_id_membership (user_id_, group_id_) VALUES ('Shyngys.Kassabekov@kcell.kz', 'alm_engineer');
INSERT INTO act_id_membership (user_id_, group_id_) VALUES ('Makhambet.Sameke2@kcell.kz', 'alm_engineer');
INSERT INTO act_id_membership (user_id_, group_id_) VALUES ('Alexey.Khudaev@kcell.kz', 'alm_engineer');
INSERT INTO act_id_membership (user_id_, group_id_) VALUES ('Evgeniy.Semenov@kcell.kz', 'alm_engineer');
INSERT INTO act_id_membership (user_id_, group_id_) VALUES ('Sergey.Chekh@kcell.kz', 'alm_engineer');
INSERT INTO act_id_membership (user_id_, group_id_) VALUES ('Sergey.Lee@kcell.kz', 'alm_engineer');
INSERT INTO act_id_membership (user_id_, group_id_) VALUES ('Yevgeniy.Elunin@kcell.kz', 'alm_engineer');
INSERT INTO act_id_membership (user_id_, group_id_) VALUES ('Yermek.Tanabekov@kcell.kz', 'alm_engineer');
INSERT INTO act_id_membership (user_id_, group_id_) VALUES ('Andrei.Lugovoy@kcell.kz', 'alm_engineer');
INSERT INTO act_id_membership (user_id_, group_id_) VALUES ('Alexey.Kolesnikov@kcell.kz', 'alm_engineer');
INSERT INTO act_id_membership (user_id_, group_id_) VALUES ('Kali.Esimbekov@kcell.kz', 'alm_engineer');
INSERT INTO act_id_membership (user_id_, group_id_) VALUES ('Kerey.Zatilda@kcell.kz', 'alm_optimization_head');
INSERT INTO act_id_membership (user_id_, group_id_) VALUES ('Kanat.Kulmukhambetov@kcell.kz', 'alm_optimization_head');
INSERT INTO act_id_membership (user_id_, group_id_) VALUES ('Maulen.Kempirbayev@kcell.kz', 'alm_transmission_head');
INSERT INTO act_id_membership (user_id_, group_id_) VALUES ('Kali.Esimbekov@kcell.kz', 'alm_infrastructure_head');
INSERT INTO act_id_membership (user_id_, group_id_) VALUES ('Maulen.Kempirbayev@kcell.kz', 'alm_infrastructure_head');
INSERT INTO act_id_membership (user_id_, group_id_) VALUES ('Samat.Akhmetov@kcell.kz', 'alm_infrastructure_head');
INSERT INTO act_id_membership (user_id_, group_id_) VALUES ('Zhanat.Seitkanov@kcell.kz', 'alm_infrastructure_head');
INSERT INTO act_id_membership (user_id_, group_id_) VALUES ('Kali.Esimbekov@kcell.kz', 'alm_operation_head');
INSERT INTO act_id_membership (user_id_, group_id_) VALUES ('Maulen.Kempirbayev@kcell.kz', 'alm_operation_head');
INSERT INTO act_id_membership (user_id_, group_id_) VALUES ('Samat.Akhmetov@kcell.kz', 'alm_operation_head');
INSERT INTO act_id_membership (user_id_, group_id_) VALUES ('Zhanat.Seitkanov@kcell.kz', 'alm_operation_head');
INSERT INTO act_id_membership (user_id_, group_id_) VALUES ('Yevgeniy.Elunin@kcell.kz', 'alm_power_engineer');
INSERT INTO act_id_membership (user_id_, group_id_) VALUES ('Yermek.Tanabekov@kcell.kz', 'alm_power_engineer');
INSERT INTO act_id_membership (user_id_, group_id_) VALUES ('Alexey.Kolesnikov@kcell.kz', 'alm_power_engineer');
INSERT INTO act_id_membership (user_id_, group_id_) VALUES ('Samat.Akhmetov@kcell.kz', 'alm_power_engineer');
INSERT INTO act_id_membership (user_id_, group_id_) VALUES ('Zhanat.Seitkanov@kcell.kz', 'alm_power_engineer');
INSERT INTO act_id_membership (user_id_, group_id_) VALUES ('Maxim.Goikolov@kcell.kz', 'alm_leasing');
INSERT INTO act_id_membership (user_id_, group_id_) VALUES ('Adilet.Baishalov@kcell.kz', 'alm_leasing');
INSERT INTO act_id_membership (user_id_, group_id_) VALUES ('Samat.Akhmetov@kcell.kz', 'alm_leasing');
INSERT INTO act_id_membership (user_id_, group_id_) VALUES ('rollout-almaty-main@lse.kz', 'alm_contractor_lse');
INSERT INTO act_id_membership (user_id_, group_id_) VALUES ('rn-rs-almaty@lse.kz', 'alm_contractor_lse');
INSERT INTO act_id_membership (user_id_, group_id_) VALUES ('nazym.s@lse.kz', 'alm_contractor_lse');
INSERT INTO act_id_membership (user_id_, group_id_) VALUES ('botagoz.ch@lse.kz', 'alm_contractor_lse');
INSERT INTO act_id_membership (user_id_, group_id_) VALUES ('anuarbek.m@lse.kz', 'alm_contractor_lse');
INSERT INTO act_id_membership (user_id_, group_id_) VALUES ('zhandos.k@lse.kz', 'alm_contractor_lse');
INSERT INTO act_id_membership (user_id_, group_id_) VALUES ('kairat.b@lse.kz', 'alm_contractor_lse');
INSERT INTO act_id_membership (user_id_, group_id_) VALUES ('gulzhaina.t@lse.kz', 'alm_contractor_lse');
INSERT INTO act_id_membership (user_id_, group_id_) VALUES ('meirkhan.k@lse.kz', 'alm_contractor_lse');
INSERT INTO act_id_membership (user_id_, group_id_) VALUES ('beibit.a@lse.kz', 'alm_contractor_lse');
INSERT INTO act_id_membership (user_id_, group_id_) VALUES ('LSE_Revision_Alm', 'alm_contractor_lse');
INSERT INTO act_id_membership (user_id_, group_id_) VALUES ('Alexey.Zharskiy@kcell.kz', 'kcellUsers');
INSERT INTO act_id_membership (user_id_, group_id_) VALUES ('Alexey.Zharskiy@kcell.kz', 'hq_warehouse');
INSERT INTO act_id_membership (user_id_, group_id_) VALUES ('Askhat.Kapay@kcell.kz', 'kcellUsers');
INSERT INTO act_id_membership (user_id_, group_id_) VALUES ('Askhat.Kapay@kcell.kz', 'hq_warehouse');
INSERT INTO act_id_membership (user_id_, group_id_) VALUES ('Daniyar.Uzibayev@kcell.kz', 'hq_warehouse');
INSERT INTO act_id_membership (user_id_, group_id_) VALUES ('Kirill.Kassatkin@kcell.kz', 'hq_warehouse');
INSERT INTO act_id_membership (user_id_, group_id_) VALUES ('Alexey.Kolyagin@kcell.kz', 'alm_optimization_planning');
INSERT INTO act_id_membership (user_id_, group_id_) VALUES ('Anastassiya.Shenojak@kcell.kz', 'alm_optimization_planning');
INSERT INTO act_id_membership (user_id_, group_id_) VALUES ('Dmitriy.Saidashev@kcell.kz', 'alm_optimization_planning');
INSERT INTO act_id_membership (user_id_, group_id_) VALUES ('Lazizbek.Kurbantayev@kcell.kz', 'alm_optimization_planning');
INSERT INTO act_id_membership (user_id_, group_id_) VALUES ('Nurzhan.Kochshigulov@kcell.kz', 'alm_optimization_planning');
INSERT INTO act_id_membership (user_id_, group_id_) VALUES ('Sergey.Michshenko@kcell.kz', 'alm_optimization_planning');
INSERT INTO act_id_membership (user_id_, group_id_) VALUES ('Alexey.Kolyagin@kcell.kz', 'alm_sao_planning');
INSERT INTO act_id_membership (user_id_, group_id_) VALUES ('Anastassiya.Shenojak@kcell.kz', 'alm_sao_planning');
INSERT INTO act_id_membership (user_id_, group_id_) VALUES ('Dmitriy.Saidashev@kcell.kz', 'alm_sao_planning');
INSERT INTO act_id_membership (user_id_, group_id_) VALUES ('Lazizbek.Kurbantayev@kcell.kz', 'alm_sao_planning');
INSERT INTO act_id_membership (user_id_, group_id_) VALUES ('Nurzhan.Kochshigulov@kcell.kz', 'alm_sao_planning');
INSERT INTO act_id_membership (user_id_, group_id_) VALUES ('Sergey.Michshenko@kcell.kz', 'alm_sao_planning');
INSERT INTO act_id_membership (user_id_, group_id_) VALUES ('Alexey.Khudaev@kcell.kz', 'alm_infrastructure_maintanance');
INSERT INTO act_id_membership (user_id_, group_id_) VALUES ('Evgeniy.Semenov@kcell.kz', 'alm_infrastructure_maintanance');
INSERT INTO act_id_membership (user_id_, group_id_) VALUES ('Sergey.Chekh@kcell.kz', 'alm_infrastructure_maintanance');
INSERT INTO act_id_membership (user_id_, group_id_) VALUES ('Sergey.Lee@kcell.kz', 'alm_infrastructure_maintanance');
INSERT INTO act_id_membership (user_id_, group_id_) VALUES ('Alexey.Kolesnikov@kcell.kz', 'alm_infrastructure_maintanance');
INSERT INTO act_id_membership (user_id_, group_id_) VALUES ('Andrei.Lugovoy@kcell.kz', 'alm_infrastructure_maintanance');
INSERT INTO act_id_membership (user_id_, group_id_) VALUES ('Konstantin.Pominov@kcell.kz', 'alm_infrastructure_maintanance');
INSERT INTO act_id_membership (user_id_, group_id_) VALUES ('Yermek.Tanabekov@kcell.kz', 'alm_infrastructure_maintanance');
INSERT INTO act_id_membership (user_id_, group_id_) VALUES ('Yevgeniy.Elunin@kcell.kz', 'alm_infrastructure_maintanance');
INSERT INTO act_id_membership (user_id_, group_id_) VALUES ('Alexey.Khudaev@kcell.kz', 'alm_optimization_maintanance');
INSERT INTO act_id_membership (user_id_, group_id_) VALUES ('Evgeniy.Semenov@kcell.kz', 'alm_optimization_maintanance');
INSERT INTO act_id_membership (user_id_, group_id_) VALUES ('Sergey.Chekh@kcell.kz', 'alm_optimization_maintanance');
INSERT INTO act_id_membership (user_id_, group_id_) VALUES ('Sergey.Lee@kcell.kz', 'alm_optimization_maintanance');
INSERT INTO act_id_membership (user_id_, group_id_) VALUES ('Evgeniy.Degtyarev@kcell.kz', 'alm_optimization_maintanance');
INSERT INTO act_id_membership (user_id_, group_id_) VALUES ('Alexey.Khudaev@kcell.kz', 'alm_sao_maintanance');
INSERT INTO act_id_membership (user_id_, group_id_) VALUES ('Evgeniy.Semenov@kcell.kz', 'alm_sao_maintanance');
INSERT INTO act_id_membership (user_id_, group_id_) VALUES ('Sergey.Chekh@kcell.kz', 'alm_sao_maintanance');
INSERT INTO act_id_membership (user_id_, group_id_) VALUES ('Sergey.Lee@kcell.kz', 'alm_sao_maintanance');
INSERT INTO act_id_membership (user_id_, group_id_) VALUES ('Alexander.Buss@kcell.kz', 'nc_engineer');
INSERT INTO act_id_membership (user_id_, group_id_) VALUES ('Igor.Orlov@kcell.kz', 'nc_engineer');
INSERT INTO act_id_membership (user_id_, group_id_) VALUES ('Evgeniy.Tsoy@kcell.kz', 'nc_engineer');
INSERT INTO act_id_membership (user_id_, group_id_) VALUES ('Valeriy.Zhilyaev@kcell.kz', 'nc_engineer');
INSERT INTO act_id_membership (user_id_, group_id_) VALUES ('Pavel.Zaitsev@kcell.kz', 'nc_engineer');
INSERT INTO act_id_membership (user_id_, group_id_) VALUES ('Stanislav.Khvan@kcell.kz', 'nc_engineer');
INSERT INTO act_id_membership (user_id_, group_id_) VALUES ('Dastan.Kazhibayev@kcell.kz', 'nc_engineer');
INSERT INTO act_id_membership (user_id_, group_id_) VALUES ('Altynay.Ashken@kcell.kz', 'nc_engineer');
INSERT INTO act_id_membership (user_id_, group_id_) VALUES ('Makhambet.Sandybayev@kcell.kz', 'nc_engineer');
INSERT INTO act_id_membership (user_id_, group_id_) VALUES ('Dulat.Kumekov@kcell.kz', 'nc_engineer');
INSERT INTO act_id_membership (user_id_, group_id_) VALUES ('Andrey.Orlov@kcell.kz', 'nc_engineer');
INSERT INTO act_id_membership (user_id_, group_id_) VALUES ('Alexandr.Galat@kcell.kz', 'nc_engineer');
INSERT INTO act_id_membership (user_id_, group_id_) VALUES ('Ilya.A.Nevpryaga@kcell.kz', 'nc_engineer');
INSERT INTO act_id_membership (user_id_, group_id_) VALUES ('Yuriy.Ivanov@kcell.kz', 'nc_engineer');
INSERT INTO act_id_membership (user_id_, group_id_) VALUES ('Erzhan.Beimbetov@kcell.kz', 'nc_optimization_head');
INSERT INTO act_id_membership (user_id_, group_id_) VALUES ('Kenzhekhan.Mussayev@kcell.kz', 'nc_optimization_head');
INSERT INTO act_id_membership (user_id_, group_id_) VALUES ('Erbol.Abenov@kcell.kz', 'nc_optimization_head');
INSERT INTO act_id_membership (user_id_, group_id_) VALUES ('Pavel.Zaitsev@kcell.kz', 'nc_transmission_head');
INSERT INTO act_id_membership (user_id_, group_id_) VALUES ('Erbol.Abenov@kcell.kz', 'nc_infrastructure_head');
INSERT INTO act_id_membership (user_id_, group_id_) VALUES ('Erbol.Abenov@kcell.kz', 'nc_operation_head');
INSERT INTO act_id_membership (user_id_, group_id_) VALUES ('Erzhan.Beimbetov@kcell.kz', 'nc_power_engineer');
INSERT INTO act_id_membership (user_id_, group_id_) VALUES ('Kenzhekhan.Mussayev@kcell.kz', 'nc_power_engineer');
INSERT INTO act_id_membership (user_id_, group_id_) VALUES ('Azamat.Mukhametalin@kcell.kz', 'nc_power_engineer');
INSERT INTO act_id_membership (user_id_, group_id_) VALUES ('Igor.Orlov@kcell.kz', 'nc_power_engineer');
INSERT INTO act_id_membership (user_id_, group_id_) VALUES ('Azamat.Mukhametalin@kcell.kz', 'nc_leasing');
INSERT INTO act_id_membership (user_id_, group_id_) VALUES ('Aida.Ildebaeva@kcell.kz', 'nc_leasing');
INSERT INTO act_id_membership (user_id_, group_id_) VALUES ('aknur.s@lse.kz', 'nc_contractor_lse');
INSERT INTO act_id_membership (user_id_, group_id_) VALUES ('Erbol.Abenov@kcell.kz', 'nc_infrastructure_planning');
INSERT INTO act_id_membership (user_id_, group_id_) VALUES ('Stanislav.Khvan@kcell.kz', 'nc_infrastructure_planning');
INSERT INTO act_id_membership (user_id_, group_id_) VALUES ('Dastan.Kazhibayev@kcell.kz', 'nc_infrastructure_planning');
INSERT INTO act_id_membership (user_id_, group_id_) VALUES ('Altynay.Ashken@kcell.kz', 'nc_infrastructure_planning');
INSERT INTO act_id_membership (user_id_, group_id_) VALUES ('Kenzhekhan.Mussayev@kcell.kz', 'nc_infrastructure_planning');
INSERT INTO act_id_membership (user_id_, group_id_) VALUES ('Alexander.Buss@kcell.kz', 'nc_infrastructure_planning');
INSERT INTO act_id_membership (user_id_, group_id_) VALUES ('Erbol.Abenov@kcell.kz', 'nc_infrastructure_maintenance');
INSERT INTO act_id_membership (user_id_, group_id_) VALUES ('Alexander.Buss@kcell.kz', 'nc_infrastructure_maintenance');
INSERT INTO act_id_membership (user_id_, group_id_) VALUES ('Erbol.Abenov@kcell.kz', 'nc_optimization_planning');
INSERT INTO act_id_membership (user_id_, group_id_) VALUES ('Stanislav.Khvan@kcell.kz', 'nc_optimization_planning');
INSERT INTO act_id_membership (user_id_, group_id_) VALUES ('Dastan.Kazhibayev@kcell.kz', 'nc_optimization_planning');
INSERT INTO act_id_membership (user_id_, group_id_) VALUES ('Altynay.Ashken@kcell.kz', 'nc_optimization_planning');
INSERT INTO act_id_membership (user_id_, group_id_) VALUES ('Kenzhekhan.Mussayev@kcell.kz', 'nc_optimization_planning');
INSERT INTO act_id_membership (user_id_, group_id_) VALUES ('Alexander.Buss@kcell.kz', 'nc_optimization_planning');
INSERT INTO act_id_membership (user_id_, group_id_) VALUES ('Erbol.Abenov@kcell.kz', 'nc_optimization_maintenance');
INSERT INTO act_id_membership (user_id_, group_id_) VALUES ('Alexander.Buss@kcell.kz', 'nc_optimization_maintenance');
INSERT INTO act_id_membership (user_id_, group_id_) VALUES ('Erbol.Abenov@kcell.kz', 'nc_sao_planning');
INSERT INTO act_id_membership (user_id_, group_id_) VALUES ('Stanislav.Khvan@kcell.kz', 'nc_sao_planning');
INSERT INTO act_id_membership (user_id_, group_id_) VALUES ('Dastan.Kazhibayev@kcell.kz', 'nc_sao_planning');
INSERT INTO act_id_membership (user_id_, group_id_) VALUES ('Altynay.Ashken@kcell.kz', 'nc_sao_planning');
INSERT INTO act_id_membership (user_id_, group_id_) VALUES ('Kenzhekhan.Mussayev@kcell.kz', 'nc_sao_planning');
INSERT INTO act_id_membership (user_id_, group_id_) VALUES ('Alexander.Buss@kcell.kz', 'nc_sao_planning');
INSERT INTO act_id_membership (user_id_, group_id_) VALUES ('Erbol.Abenov@kcell.kz', 'nc_sao_maintenance');
INSERT INTO act_id_membership (user_id_, group_id_) VALUES ('Alexander.Buss@kcell.kz', 'nc_sao_maintenance');
INSERT INTO act_id_membership (user_id_, group_id_) VALUES ('Rinat.Kurbangaliyev@kcell.kz', 'warehouse_alm');
INSERT INTO act_id_membership (user_id_, group_id_) VALUES ('Alexey.Zharskiy@kcell.kz', 'warehouse_alm');
INSERT INTO act_id_membership (user_id_, group_id_) VALUES ('Askhat.Kapay@kcell.kz', 'warehouse_alm');
INSERT INTO act_id_membership (user_id_, group_id_) VALUES ('Daniyar.Uzibayev@kcell.kz', 'warehouse_alm');
INSERT INTO act_id_membership (user_id_, group_id_) VALUES ('Dauren.Beispaev@kcell.kz', 'warehouse_alm');
INSERT INTO act_id_membership (user_id_, group_id_) VALUES ('Kirill.Kassatkin@kcell.kz', 'warehouse_alm');
INSERT INTO act_id_membership (user_id_, group_id_) VALUES ('Gaukhar.Kaisarova@kcell.kz', 'warehouse_astana');
INSERT INTO act_id_membership (user_id_, group_id_) VALUES ('Lyudmila.Jabrailova@kcell.kz', 'warehouse_atyrau');
INSERT INTO act_id_membership (user_id_, group_id_) VALUES ('Zhienbay.Taraziev@kcell.kz', 'warehouse_atyrau');
INSERT INTO act_id_membership (user_id_, group_id_) VALUES ('Zhienbay.Taraziev@kcell.kz', 'warehouse_aktau');
INSERT INTO act_id_membership (user_id_, group_id_) VALUES ('Talgat.Zhanabayev@kcell.kz', 'kcellUsers');
INSERT INTO act_id_membership (user_id_, group_id_) VALUES ('Talgat.Zhanabayev@kcell.kz', 'nc_kcell_users');
INSERT INTO act_id_membership (user_id_, group_id_) VALUES ('Victor.Aredacov@kcell.kz', 'kcellUsers');
INSERT INTO act_id_membership (user_id_, group_id_) VALUES ('Victor.Aredacov@kcell.kz', 'nc_kcell_users');
INSERT INTO act_id_membership (user_id_, group_id_) VALUES ('Nurlan.Dumyshev@kcell.kz', 'kcellUsers');
INSERT INTO act_id_membership (user_id_, group_id_) VALUES ('Nurlan.Dumyshev@kcell.kz', 'nc_kcell_users');
INSERT INTO act_id_membership (user_id_, group_id_) VALUES ('Nurlan.Sumbaev@kcell.kz', 'kcellUsers');
INSERT INTO act_id_membership (user_id_, group_id_) VALUES ('Nurlan.Sumbaev@kcell.kz', 'nc_kcell_users');
INSERT INTO act_id_membership (user_id_, group_id_) VALUES ('Berik.Akhmetzhanov@kcell.kz', 'kcellUsers');
INSERT INTO act_id_membership (user_id_, group_id_) VALUES ('Berik.Akhmetzhanov@kcell.kz', 'nc_kcell_users');
INSERT INTO act_id_membership (user_id_, group_id_) VALUES ('Ilya.Nevpryaga2@kcell.kz', 'kcellUsers');
INSERT INTO act_id_membership (user_id_, group_id_) VALUES ('Ilya.Nevpryaga2@kcell.kz', 'nc_kcell_users');
INSERT INTO act_id_membership (user_id_, group_id_) VALUES ('Mikhail.Komissarov@kcell.kz', 'kcellUsers');
INSERT INTO act_id_membership (user_id_, group_id_) VALUES ('Mikhail.Komissarov@kcell.kz', 'nc_kcell_users');
INSERT INTO act_id_membership (user_id_, group_id_) VALUES ('Dmitriy.Saidashev@kcell.kz', 'alm_optimization_mlapprover');
INSERT INTO act_id_membership (user_id_, group_id_) VALUES ('Nurzhan.Kochshigulov@kcell.kz', 'alm_optimization_mlapprover');
INSERT INTO act_id_membership (user_id_, group_id_) VALUES ('Anastassiya.Shenojak@kcell.kz', 'alm_optimization_mlapprover');
INSERT INTO act_id_membership (user_id_, group_id_) VALUES ('Artyom.Myakishev@kcell.kz', 'alm_optimization_mlapprover');
INSERT INTO act_id_membership (user_id_, group_id_) VALUES ('Sergey.Michshenko@kcell.kz', 'alm_optimization_mlapprover');
INSERT INTO act_id_membership (user_id_, group_id_) VALUES ('Alexey.Kolyagin@kcell.kz', 'alm_optimization_mlapprover');
INSERT INTO act_id_membership (user_id_, group_id_) VALUES ('Zhaxylyk.Moldakhmetov@kcell.kz', 'astana_optimization_mlapprover');
INSERT INTO act_id_membership (user_id_, group_id_) VALUES ('Farkhat.Baterikov@kcell.kz', 'astana_optimization_mlapprover');
INSERT INTO act_id_membership (user_id_, group_id_) VALUES ('Oleg.Babkin@kcell.kz', 'astana_optimization_mlapprover');
INSERT INTO act_id_membership (user_id_, group_id_) VALUES ('Timur.Mukhamedyanov@kcell.kz', 'astana_optimization_mlapprover');
INSERT INTO act_id_membership (user_id_, group_id_) VALUES ('Alexandr.Uzhakin@kcell.kz', 'astana_optimization_mlapprover');
INSERT INTO act_id_membership (user_id_, group_id_) VALUES ('Rishad.Makirov@kcell.kz', 'astana_optimization_mlapprover');
INSERT INTO act_id_membership (user_id_, group_id_) VALUES ('Viktor.Maximenko@kcell.kz', 'astana_transmission_mlapprover');
INSERT INTO act_id_membership (user_id_, group_id_) VALUES ('Alexandr.Uzhakin@kcell.kz', 'astana_infrastructure_mlapprover');
INSERT INTO act_id_membership (user_id_, group_id_) VALUES ('Rishad.Makirov@kcell.kz', 'astana_infrastructure_mlapprover');
INSERT INTO act_id_membership (user_id_, group_id_) VALUES ('Alexey.Pereverzev@kcell.kz', 'astana_infrastructure_mlapprover');
INSERT INTO act_id_membership (user_id_, group_id_) VALUES ('Nurlan.Bekseitov@kcell.kz', 'astana_infrastructure_mlapprover');
INSERT INTO act_id_membership (user_id_, group_id_) VALUES ('Bulat.Smagulov@kcell.kz', 'astana_infrastructure_mlapprover');
INSERT INTO act_id_membership (user_id_, group_id_) VALUES ('Erzhan.Smagulov@kcell.kz', 'astana_sao_mlapprover');
INSERT INTO act_id_membership (user_id_, group_id_) VALUES ('Alexey.Pereverzev@kcell.kz', 'astana_sao_mlapprover');
INSERT INTO act_id_membership (user_id_, group_id_) VALUES ('Nurlan.Bekseitov@kcell.kz', 'astana_sao_mlapprover');
INSERT INTO act_id_membership (user_id_, group_id_) VALUES ('Vladimir.Vladimirov@kcell.kz', 'astana_sao_mlapprover');
INSERT INTO act_id_membership (user_id_, group_id_) VALUES ('Bulat.Smagulov@kcell.kz', 'astana_sao_mlapprover');
INSERT INTO act_id_membership (user_id_, group_id_) VALUES ('Valeriy.Zhilyaev@kcell.kz', 'nc_optimization_mlapprover');
INSERT INTO act_id_membership (user_id_, group_id_) VALUES ('Talgat.Zhanabayev@kcell.kz', 'nc_optimization_mlapprover');
INSERT INTO act_id_membership (user_id_, group_id_) VALUES ('Igor.Orlov@kcell.kz', 'nc_optimization_mlapprover');
INSERT INTO act_id_membership (user_id_, group_id_) VALUES ('Victor.Aredacov@kcell.kz', 'nc_optimization_mlapprover');
INSERT INTO act_id_membership (user_id_, group_id_) VALUES ('Nurlan.Dumyshev@kcell.kz', 'nc_optimization_mlapprover');
INSERT INTO act_id_membership (user_id_, group_id_) VALUES ('Makhambet.Sandybayev@kcell.kz', 'nc_optimization_mlapprover');
INSERT INTO act_id_membership (user_id_, group_id_) VALUES ('Nurlan.Sumbaev@kcell.kz', 'nc_optimization_mlapprover');
INSERT INTO act_id_membership (user_id_, group_id_) VALUES ('Berik.Akhmetzhanov@kcell.kz', 'nc_optimization_mlapprover');
INSERT INTO act_id_membership (user_id_, group_id_) VALUES ('Evgeniy.Tsoy@kcell.kz', 'nc_optimization_mlapprover');
INSERT INTO act_id_membership (user_id_, group_id_) VALUES ('Dulat.Kumekov@kcell.kz', 'nc_optimization_mlapprover');
INSERT INTO act_id_membership (user_id_, group_id_) VALUES ('Alexander.Buss@kcell.kz', 'nc_optimization_mlapprover');
INSERT INTO act_id_membership (user_id_, group_id_) VALUES ('Ilya.Nevpryaga2@kcell.kz', 'nc_transmission_mlapprover');
INSERT INTO act_id_membership (user_id_, group_id_) VALUES ('Yuriy.Ivanov@kcell.kz', 'nc_transmission_mlapprover');
INSERT INTO act_id_membership (user_id_, group_id_) VALUES ('Andrey.Orlov@kcell.kz', 'nc_transmission_mlapprover');
INSERT INTO act_id_membership (user_id_, group_id_) VALUES ('Mikhail.Komissarov@kcell.kz', 'nc_transmission_mlapprover');
INSERT INTO act_id_membership (user_id_, group_id_) VALUES ('Alexandr.Galat@kcell.kz', 'nc_transmission_mlapprover');
INSERT INTO act_id_membership (user_id_, group_id_) VALUES ('Valeriy.Zhilyaev@kcell.kz', 'nc_infrastructure_mlapprover');
INSERT INTO act_id_membership (user_id_, group_id_) VALUES ('Talgat.Zhanabayev@kcell.kz', 'nc_infrastructure_mlapprover');
INSERT INTO act_id_membership (user_id_, group_id_) VALUES ('Igor.Orlov@kcell.kz', 'nc_infrastructure_mlapprover');
INSERT INTO act_id_membership (user_id_, group_id_) VALUES ('Victor.Aredacov@kcell.kz', 'nc_infrastructure_mlapprover');
INSERT INTO act_id_membership (user_id_, group_id_) VALUES ('Nurlan.Dumyshev@kcell.kz', 'nc_infrastructure_mlapprover');
INSERT INTO act_id_membership (user_id_, group_id_) VALUES ('Makhambet.Sandybayev@kcell.kz', 'nc_infrastructure_mlapprover');
INSERT INTO act_id_membership (user_id_, group_id_) VALUES ('Nurlan.Sumbaev@kcell.kz', 'nc_infrastructure_mlapprover');
INSERT INTO act_id_membership (user_id_, group_id_) VALUES ('Berik.Akhmetzhanov@kcell.kz', 'nc_infrastructure_mlapprover');
INSERT INTO act_id_membership (user_id_, group_id_) VALUES ('Evgeniy.Tsoy@kcell.kz', 'nc_infrastructure_mlapprover');
INSERT INTO act_id_membership (user_id_, group_id_) VALUES ('Dulat.Kumekov@kcell.kz', 'nc_infrastructure_mlapprover');
INSERT INTO act_id_membership (user_id_, group_id_) VALUES ('Alexander.Buss@kcell.kz', 'nc_infrastructure_mlapprover');
INSERT INTO act_id_membership (user_id_, group_id_) VALUES ('Azamat.Mukhametalin@kcell.kz', 'nc_infrastructure_mlapprover');
INSERT INTO act_id_membership (user_id_, group_id_) VALUES ('Valeriy.Zhilyaev@kcell.kz', 'nc_sao_mlapprover');
INSERT INTO act_id_membership (user_id_, group_id_) VALUES ('Talgat.Zhanabayev@kcell.kz', 'nc_sao_mlapprover');
INSERT INTO act_id_membership (user_id_, group_id_) VALUES ('Igor.Orlov@kcell.kz', 'nc_sao_mlapprover');
INSERT INTO act_id_membership (user_id_, group_id_) VALUES ('Victor.Aredacov@kcell.kz', 'nc_sao_mlapprover');
INSERT INTO act_id_membership (user_id_, group_id_) VALUES ('Nurlan.Dumyshev@kcell.kz', 'nc_sao_mlapprover');
INSERT INTO act_id_membership (user_id_, group_id_) VALUES ('Makhambet.Sandybayev@kcell.kz', 'nc_sao_mlapprover');
INSERT INTO act_id_membership (user_id_, group_id_) VALUES ('Nurlan.Sumbaev@kcell.kz', 'nc_sao_mlapprover');
INSERT INTO act_id_membership (user_id_, group_id_) VALUES ('Berik.Akhmetzhanov@kcell.kz', 'nc_sao_mlapprover');
INSERT INTO act_id_membership (user_id_, group_id_) VALUES ('Evgeniy.Tsoy@kcell.kz', 'nc_sao_mlapprover');
INSERT INTO act_id_membership (user_id_, group_id_) VALUES ('Dulat.Kumekov@kcell.kz', 'nc_sao_mlapprover');
INSERT INTO act_id_membership (user_id_, group_id_) VALUES ('Alexander.Buss@kcell.kz', 'nc_sao_mlapprover');
INSERT INTO act_id_membership (user_id_, group_id_) VALUES ('Roman.Stupko@kcell.kz', 'kcellUsers');
INSERT INTO act_id_membership (user_id_, group_id_) VALUES ('Roman.Stupko@kcell.kz', 'east_kcell_users');
INSERT INTO act_id_membership (user_id_, group_id_) VALUES ('Timur.Akylkhanov@kcell.kz', 'east_optimization_mlapprover');;
INSERT INTO act_id_membership (user_id_, group_id_) VALUES ('Marat.Bakezhanov@kcell.kz', 'east_optimization_mlapprover');
INSERT INTO act_id_membership (user_id_, group_id_) VALUES ('Baurzhan.Khamzin@kcell.kz', 'east_optimization_mlapprover');
INSERT INTO act_id_membership (user_id_, group_id_) VALUES ('Kanat.Mussabekov@kcell.kz', 'east_optimization_mlapprover');
INSERT INTO act_id_membership (user_id_, group_id_) VALUES ('Amangeldy.Kamerdenov@kcell.kz', 'east_transmission_mlapprover');
INSERT INTO act_id_membership (user_id_, group_id_) VALUES ('Nurbolat.Uteyev@kcell.kz', 'east_transmission_mlapprover');
INSERT INTO act_id_membership (user_id_, group_id_) VALUES ('Roman.Stupko@kcell.kz', 'east_transmission_mlapprover');
INSERT INTO act_id_membership (user_id_, group_id_) VALUES ('Yerbolat.Kairzhanov@kcell.kz', 'east_transmission_mlapprover');

--FILTERS
INSERT INTO act_ru_filter (id_, rev_, resource_type_, name_, owner_, query_, properties_) VALUES ('00e50a2b-4f69-11e7-a8c6-0242ac120007', 1, 'Task', 'All Tasks', 'demo', '{}', '{"variables":[{"name":"jrNumber","label":"JR Number"}],"description":"All Tasks - Not recommended to be used in production :)","priority":10}');
INSERT INTO act_ru_filter (id_, rev_, resource_type_, name_, owner_, query_, properties_) VALUES ('00e642ad-4f69-11e7-a8c6-0242ac120007', 1, 'Task', 'My Claimed Tasks', 'kcellUsers', '{"taskAssigneeExpression":"${ currentUser() }"}', '{"variables":[{"name":"jrNumber","label":"JR Number"}],"description":"My Claimed Tasks","priority":-10}');
INSERT INTO act_ru_filter (id_, rev_, resource_type_, name_, owner_, query_, properties_) VALUES ('00e83e80-4f69-11e7-a8c6-0242ac120007', 1, 'Task', 'My Unclaimed Tasks', 'kcellUsers', '{"taskCandidateUserExpression":"${currentUser()}"}', '{"variables":[{"name":"jrNumber","label":"JR Number"}],"description":"My Unclaimed Tasks","priority":-10}');
INSERT INTO act_ru_filter (id_, rev_, resource_type_, name_, owner_, query_, properties_) VALUES ('00e99e13-4f69-11e7-a8c6-0242ac120007', 1, 'Task', 'My Group Tasks', 'kcellUsers', '{"taskCandidateGroupInExpression":"${ currentUserGroups() }"}', '{"variables":[{"name":"jrNumber","label":"JR Number"}],"description":"My Group Tasks","priority":-10}');
INSERT INTO act_ru_filter (id_, rev_, resource_type_, name_, owner_, query_, properties_) VALUES ('00e99e28-4f69-11e7-a8c6-0242ac120007', 1, 'Task', 'Revision Tasks', 'revision_managers', '{"processDefinitionName":"Revision"}', '{"variables":[{"name":"jrNumber","label":"JR Number"}],"description":"Revision Tasks","priority":-10}');

--AUTHORIZATIONS
--FILTER AUTHORIZATION
INSERT INTO act_ru_authorization (id_, rev_, type_, group_id_, user_id_, resource_type_, resource_id_, perms_) VALUES ('00e50a2c-4f69-11e7-a8c6-0242ac120007', 1, 1, NULL, 'demo', 5, '00e50a2b-4f69-11e7-a8c6-0242ac120007', 2147483647);
INSERT INTO act_ru_authorization (id_, rev_, type_, group_id_, user_id_, resource_type_, resource_id_, perms_) VALUES ('00e7a23f-4f69-11e7-a8c6-0242ac120007', 1, 1, 'kcellUsers', NULL, 5, '00e642ad-4f69-11e7-a8c6-0242ac120007', 2);
INSERT INTO act_ru_authorization (id_, rev_, type_, group_id_, user_id_, resource_type_, resource_id_, perms_) VALUES ('00e928e2-4f69-11e7-a8c6-0242ac120007', 1, 1, 'kcellUsers', NULL, 5, '00e83e80-4f69-11e7-a8c6-0242ac120007', 2);
INSERT INTO act_ru_authorization (id_, rev_, type_, group_id_, user_id_, resource_type_, resource_id_, perms_) VALUES ('00ea3a55-4f69-11e7-a8c6-0242ac120007', 1, 1, 'kcellUsers', NULL, 5, '00e99e13-4f69-11e7-a8c6-0242ac120007', 2);
INSERT INTO act_ru_authorization (id_, rev_, type_, group_id_, user_id_, resource_type_, resource_id_, perms_) VALUES ('00fd3a57-4f69-11e7-a8c6-0242ac120007', 1, 1, 'revision_managers', NULL, 5, '00e99e28-4f69-11e7-a8c6-0242ac120007', 2);
INSERT INTO act_ru_authorization (id_, rev_, type_, group_id_, user_id_, resource_type_, resource_id_, perms_) VALUES ('00ff4e71-4f69-11e7-a8c6-0242ac120007', 1, 1, 'revision_audit', NULL, 5, '00e99e28-4f69-11e7-a8c6-0242ac120007', 2);

--REVISION PROCESS AUTOHIRZATION
INSERT INTO act_ru_authorization (id_, rev_, type_, group_id_, user_id_, resource_type_, resource_id_, perms_) VALUES ('ab656542-501a-11e7-a8c4-0242ac120006', 3, 1, 'kcellUsers', NULL, 6, 'Revision', 4674);

--INVOICE PROCESS AUTOHIRZATION
INSERT INTO act_ru_authorization (id_, rev_, type_, group_id_, user_id_, resource_type_, resource_id_, perms_) VALUES ('a5b26117-0a5c-11e8-bc04-0242ac1d0008', 1, 1, 'kcellUsers', null, 6, 'Invoice', 4096);
INSERT INTO act_ru_authorization (id_, rev_, type_, group_id_, user_id_, resource_type_, resource_id_, perms_) VALUES ('3dbb1566-0a5c-11e8-bc04-0242ac1d0008', 1, 1, 'hq_contractor_lse', null, 6, 'Invoice', 770);

--PROCESS INSTANCE AUTHORIZATION
INSERT INTO act_ru_authorization (id_, rev_, type_, group_id_, user_id_, resource_type_, resource_id_, perms_) VALUES ('008d9ae1-4f69-11e7-a8c6-0242ac120007', 1, 1, 'kcellUsers', NULL, 8, '*', 8);
INSERT INTO act_ru_authorization (id_, rev_, type_, group_id_, user_id_, resource_type_, resource_id_, perms_) VALUES ('ab656832-501a-11e7-a8c4-0242ac120006', 4, 1, 'contractor_users', null, 6, 'Revision', 4096);
INSERT INTO act_ru_authorization (id_, rev_, type_, group_id_, user_id_, resource_type_, resource_id_, perms_) VALUES ('b38f6bcb-0a5c-11e8-bc04-0242ac1d0008', 1, 1, 'revision_managers', null, 6, 'Revision', 32768);
INSERT INTO act_ru_authorization (id_, rev_, type_, group_id_, user_id_, resource_type_, resource_id_, perms_) VALUES ('64e246ed-0a5c-11e8-bc04-0242ac1d0008', 1, 1, 'hq_contractor_lse', null, 6, 'Revision', 4608);
INSERT INTO act_ru_authorization (id_, rev_, type_, group_id_, user_id_, resource_type_, resource_id_, perms_) VALUES ('008bc61g-4f69-11e7-a8c6-0242ac120007', 2, 1, 'createJR', null, 6, 'Revision', 770);

--APPLICATION AUTHORIZATION
INSERT INTO act_ru_authorization (id_, rev_, type_, group_id_, user_id_, resource_type_, resource_id_, perms_) VALUES ('008a3f7e-4f69-11e7-a8c6-0242ac120007', 1, 1, 'kcellUsers', NULL, 0, 'tasklist', 32);

--CAMUNDA-ADMIN AUTHORIZATION
--INSERT INTO act_ru_authorization (id_, rev_, type_, group_id_, user_id_, resource_type_, resource_id_, perms_) VALUES ('ffb319d0-4f68-11e7-a8c6-0242ac120007', 1, 1, 'kcellUsers', NULL, 2, '*', 2);
INSERT INTO act_ru_authorization (id_, rev_, type_, group_id_, user_id_, resource_type_, resource_id_, perms_) VALUES ('ffb6ea61-4f68-11e7-a8c6-0242ac120007', 1, 1, 'camunda-admin', NULL, 0, '*', 2147483647);
INSERT INTO act_ru_authorization (id_, rev_, type_, group_id_, user_id_, resource_type_, resource_id_, perms_) VALUES ('ffb849f2-4f68-11e7-a8c6-0242ac120007', 1, 1, 'camunda-admin', NULL, 1, '*', 2147483647);
INSERT INTO act_ru_authorization (id_, rev_, type_, group_id_, user_id_, resource_type_, resource_id_, perms_) VALUES ('ffb90d43-4f68-11e7-a8c6-0242ac120007', 1, 1, 'camunda-admin', NULL, 2, '*', 2147483647);
INSERT INTO act_ru_authorization (id_, rev_, type_, group_id_, user_id_, resource_type_, resource_id_, perms_) VALUES ('ffba1eb4-4f68-11e7-a8c6-0242ac120007', 1, 1, 'camunda-admin', NULL, 3, '*', 2147483647);
INSERT INTO act_ru_authorization (id_, rev_, type_, group_id_, user_id_, resource_type_, resource_id_, perms_) VALUES ('ffbb7e45-4f68-11e7-a8c6-0242ac120007', 1, 1, 'camunda-admin', NULL, 4, '*', 2147483647);
INSERT INTO act_ru_authorization (id_, rev_, type_, group_id_, user_id_, resource_type_, resource_id_, perms_) VALUES ('ffbcb6c6-4f68-11e7-a8c6-0242ac120007', 1, 1, 'camunda-admin', NULL, 5, '*', 2147483647);
INSERT INTO act_ru_authorization (id_, rev_, type_, group_id_, user_id_, resource_type_, resource_id_, perms_) VALUES ('ffbda127-4f68-11e7-a8c6-0242ac120007', 1, 1, 'camunda-admin', NULL, 6, '*', 2147483647);
INSERT INTO act_ru_authorization (id_, rev_, type_, group_id_, user_id_, resource_type_, resource_id_, perms_) VALUES ('ffbed9a8-4f68-11e7-a8c6-0242ac120007', 1, 1, 'camunda-admin', NULL, 7, '*', 2147483647);
INSERT INTO act_ru_authorization (id_, rev_, type_, group_id_, user_id_, resource_type_, resource_id_, perms_) VALUES ('ffc06049-4f68-11e7-a8c6-0242ac120007', 1, 1, 'camunda-admin', NULL, 8, '*', 2147483647);
INSERT INTO act_ru_authorization (id_, rev_, type_, group_id_, user_id_, resource_type_, resource_id_, perms_) VALUES ('ffc171ba-4f68-11e7-a8c6-0242ac120007', 1, 1, 'camunda-admin', NULL, 9, '*', 2147483647);
INSERT INTO act_ru_authorization (id_, rev_, type_, group_id_, user_id_, resource_type_, resource_id_, perms_) VALUES ('ffc3467b-4f68-11e7-a8c6-0242ac120007', 1, 1, 'camunda-admin', NULL, 10, '*', 2147483647);
INSERT INTO act_ru_authorization (id_, rev_, type_, group_id_, user_id_, resource_type_, resource_id_, perms_) VALUES ('ffc5de8c-4f68-11e7-a8c6-0242ac120007', 1, 1, 'camunda-admin', NULL, 11, '*', 2147483647);
INSERT INTO act_ru_authorization (id_, rev_, type_, group_id_, user_id_, resource_type_, resource_id_, perms_) VALUES ('ffc73e1d-4f68-11e7-a8c6-0242ac120007', 1, 1, 'camunda-admin', NULL, 12, '*', 2147483647);
INSERT INTO act_ru_authorization (id_, rev_, type_, group_id_, user_id_, resource_type_, resource_id_, perms_) VALUES ('ffc9d62e-4f68-11e7-a8c6-0242ac120007', 1, 1, 'camunda-admin', NULL, 13, '*', 2147483647);
INSERT INTO act_ru_authorization (id_, rev_, type_, group_id_, user_id_, resource_type_, resource_id_, perms_) VALUES ('ffcbaaef-4f68-11e7-a8c6-0242ac120007', 1, 1, 'camunda-admin', NULL, 14, '*', 2147483647);

--USER AUTHORIZATION
INSERT INTO act_ru_authorization (id_, rev_, type_, group_id_, user_id_, resource_type_, resource_id_, perms_) VALUES ('06e2fd21-6569-11e7-b615-0242ac150007', 1, 1, 'kcellUsers', NULL, 1, '*', 2);

--CONTRACTORS
INSERT INTO act_ru_authorization (id_, rev_, type_, group_id_, user_id_, resource_type_, resource_id_, perms_) VALUES ('008d9ff1-4f69-11e7-a8c6-0242ac120007', 1, 1, 'contractor_users', NULL, 8, '*', 8);

INSERT INTO act_ru_authorization (id_, rev_, type_, group_id_, user_id_, resource_type_, resource_id_, perms_) VALUES ('00fa443f-4f69-11e7-a8c6-0242ac120007', 1, 1, 'contractor_users', NULL, 5, '00e642ad-4f69-11e7-a8c6-0242ac120007', 2);
INSERT INTO act_ru_authorization (id_, rev_, type_, group_id_, user_id_, resource_type_, resource_id_, perms_) VALUES ('00e349e2-4f69-11e7-a8c6-0242ac120007', 1, 1, 'contractor_users', NULL, 5, '00e83e80-4f69-11e7-a8c6-0242ac120007', 2);
INSERT INTO act_ru_authorization (id_, rev_, type_, group_id_, user_id_, resource_type_, resource_id_, perms_) VALUES ('00ef5f55-4f69-11e7-a8c6-0242ac120007', 1, 1, 'contractor_users', NULL, 5, '00e99e13-4f69-11e7-a8c6-0242ac120007', 2);

INSERT INTO act_ru_authorization (id_, rev_, type_, group_id_, user_id_, resource_type_, resource_id_, perms_) VALUES ('37a09efc-6569-11e7-b615-0242ac150007', 1, 1, 'contractor_users', NULL, 1, '*', 2);
INSERT INTO act_ru_authorization (id_, rev_, type_, group_id_, user_id_, resource_type_, resource_id_, perms_) VALUES ('ffb445d0-4f68-11e7-a8c6-0242ac120007', 1, 1, 'contractor_users', NULL, 2, '*', 2);
INSERT INTO act_ru_authorization (id_, rev_, type_, group_id_, user_id_, resource_type_, resource_id_, perms_) VALUES ('008a7f7c-4f69-11e7-a8c6-0242ac120007', 1, 1, 'contractor_users', NULL, 0, 'tasklist', 32);

INSERT INTO act_ru_authorization (id_, rev_, type_, group_id_, user_id_, resource_type_, resource_id_, perms_) VALUES ('009a7f7c-4f69-11e7-a8c6-0242ac120007', 1, 1, 'contractor_users', NULL, 1, 'anuarbek.m@lse.kz', 2);
INSERT INTO act_ru_authorization (id_, rev_, type_, group_id_, user_id_, resource_type_, resource_id_, perms_) VALUES ('010a7f7c-4f69-11e7-a8c6-0242ac120007', 1, 1, 'contractor_users', NULL, 1, 'beibit.a@lse.kz', 2);
INSERT INTO act_ru_authorization (id_, rev_, type_, group_id_, user_id_, resource_type_, resource_id_, perms_) VALUES ('011a7f7c-4f69-11e7-a8c6-0242ac120007', 1, 1, 'contractor_users', NULL, 1, 'botagoz.ch@lse.kz', 2);
INSERT INTO act_ru_authorization (id_, rev_, type_, group_id_, user_id_, resource_type_, resource_id_, perms_) VALUES ('012a7f7c-4f69-11e7-a8c6-0242ac120007', 1, 1, 'contractor_users', NULL, 1, 'gulzhaina.t@lse.kz', 2);
INSERT INTO act_ru_authorization (id_, rev_, type_, group_id_, user_id_, resource_type_, resource_id_, perms_) VALUES ('013a7f7c-4f69-11e7-a8c6-0242ac120007', 1, 1, 'contractor_users', NULL, 1, 'kairat.b@lse.kz', 2);
INSERT INTO act_ru_authorization (id_, rev_, type_, group_id_, user_id_, resource_type_, resource_id_, perms_) VALUES ('014a7f7c-4f69-11e7-a8c6-0242ac120007', 1, 1, 'contractor_users', NULL, 1, 'LSE_Revision_Alm', 2);
INSERT INTO act_ru_authorization (id_, rev_, type_, group_id_, user_id_, resource_type_, resource_id_, perms_) VALUES ('015a7f7c-4f69-11e7-a8c6-0242ac120007', 1, 1, 'contractor_users', NULL, 1, 'meirkhan.k@lse.kz', 2);
INSERT INTO act_ru_authorization (id_, rev_, type_, group_id_, user_id_, resource_type_, resource_id_, perms_) VALUES ('016a7f7c-4f69-11e7-a8c6-0242ac120007', 1, 1, 'contractor_users', NULL, 1, 'nazym.s@lse.kz', 2);
INSERT INTO act_ru_authorization (id_, rev_, type_, group_id_, user_id_, resource_type_, resource_id_, perms_) VALUES ('017a7f7c-4f69-11e7-a8c6-0242ac120007', 1, 1, 'contractor_users', NULL, 1, 'rn-rs-almaty@lse.kz', 2);
INSERT INTO act_ru_authorization (id_, rev_, type_, group_id_, user_id_, resource_type_, resource_id_, perms_) VALUES ('018a7f7c-4f69-11e7-a8c6-0242ac120007', 1, 1, 'contractor_users', NULL, 1, 'rollout-almaty-main@lse.kz', 2);
INSERT INTO act_ru_authorization (id_, rev_, type_, group_id_, user_id_, resource_type_, resource_id_, perms_) VALUES ('019a7f7c-4f69-11e7-a8c6-0242ac120007', 1, 1, 'contractor_users', NULL, 1, 'zhandos.k@lse.kz', 2);

commit;