--USERS
INSERT INTO act_id_user (id_, rev_, first_, last_, email_, pwd_, picture_id_) VALUES ('SKachaev@beeline.kz', 1, 'S', 'Kachaev', 'SKachaev@beeline.kz', '{SHA}ieSV55Qc+eQOaYDRSha/AjzNTJE=', NULL);
INSERT INTO act_id_user (id_, rev_, first_, last_, email_, pwd_, picture_id_) VALUES ('IYevtushenko@beeline.kz', 1, 'I', 'Yevtushenko', 'IYevtushenko@beeline.kz', '{SHA}ieSV55Qc+eQOaYDRSha/AjzNTJE=', NULL);
INSERT INTO act_id_user (id_, rev_, first_, last_, email_, pwd_, picture_id_) VALUES ('YKhakimzhanov@beeline.kz', 1, 'Y', 'Khakimzhanov', 'YKhakimzhanov@beeline.kz', '{SHA}ieSV55Qc+eQOaYDRSha/AjzNTJE=', NULL);
INSERT INTO act_id_user (id_, rev_, first_, last_, email_, pwd_, picture_id_) VALUES ('MZaitov@beeline.kz', 1, 'M', 'Zaitov', 'Zaitov@beeline.kz', '{SHA}ieSV55Qc+eQOaYDRSha/AjzNTJE=', NULL);
INSERT INTO act_id_user (id_, rev_, first_, last_, email_, pwd_, picture_id_) VALUES ('VProkhodov@beeline.kz', 1, 'V', 'Prokhodov', 'VProkhodov@beeline.kz', '{SHA}ieSV55Qc+eQOaYDRSha/AjzNTJE=', NULL);
INSERT INTO act_id_user (id_, rev_, first_, last_, email_, pwd_, picture_id_) VALUES ('SAmanbekova@beeline.kz', 1, 'S', 'Amanbekova', 'SAmanbekova@beeline.kz', '{SHA}ieSV55Qc+eQOaYDRSha/AjzNTJE=', NULL);
INSERT INTO act_id_user (id_, rev_, first_, last_, email_, pwd_, picture_id_) VALUES ('Yuliya.Prikhodko@kcell.kz', 1, 'Yuliya', 'Prikhodko', 'Yuliya.Prikhodko@kcell.kz', '{SHA}ieSV55Qc+eQOaYDRSha/AjzNTJE=', NULL);
INSERT INTO act_id_user (id_, rev_, first_, last_, email_, pwd_, picture_id_) VALUES ('Yaroslav.Arabok@kcell.kz', 1, 'Yaroslav', 'Arabok', 'Yaroslav.Arabok@kcell.kz', '{SHA}ieSV55Qc+eQOaYDRSha/AjzNTJE=', NULL);
INSERT INTO act_id_user (id_, rev_, first_, last_, email_, pwd_, picture_id_) VALUES ('Erden.Bektaubayev@kcell.kz', 1, 'Erden', 'Bektaubayev', 'Erden.Bektaubayev@kcell.kz', '{SHA}ieSV55Qc+eQOaYDRSha/AjzNTJE=', NULL);
INSERT INTO act_id_user (id_, rev_, first_, last_, email_, pwd_, picture_id_) VALUES ('Valikhan.Baizenov@kcell.kz', 1, 'Valikhan', 'Baizenov', 'Valikhan.Baizenov@kcell.kz', '{SHA}ieSV55Qc+eQOaYDRSha/AjzNTJE=', NULL);
INSERT INTO act_id_user (id_, rev_, first_, last_, email_, pwd_, picture_id_) VALUES ('Maxet.Akzhigitov@kcell.kz', 1, 'Maxet', 'Akzhigitov', 'Maxet.Akzhigitov@kcell.kz', '{SHA}ieSV55Qc+eQOaYDRSha/AjzNTJE=', NULL);
INSERT INTO act_id_user (id_, rev_, first_, last_, email_, pwd_, picture_id_) VALUES ('Zhomart.Uteev@kcell.kz', 1, 'Zhomart', 'Uteev', 'Zhomart.Uteev@kcell.kz', '{SHA}ieSV55Qc+eQOaYDRSha/AjzNTJE=', NULL);
INSERT INTO act_id_user (id_, rev_, first_, last_, email_, pwd_, picture_id_) VALUES ('Islam.Kosbatyrov@kcell.kz', 1, 'Islam', 'Kosbatyrov', 'Islam.Kosbatyrov@kcell.kz', '{SHA}ieSV55Qc+eQOaYDRSha/AjzNTJE=', NULL);
INSERT INTO act_id_user (id_, rev_, first_, last_, email_, pwd_, picture_id_) VALUES ('Zhassulan.Lukpanov@kcell.kz', 1, 'Zhassulan', 'Lukpanov', 'Zhassulan.Lukpanov@kcell.kz', '{SHA}ieSV55Qc+eQOaYDRSha/AjzNTJE=', NULL);
INSERT INTO act_id_user (id_, rev_, first_, last_, email_, pwd_, picture_id_) VALUES ('Daulet.Ziyashov@kcell.kz', 1, 'Daulet', 'Ziyashov', 'Daulet.Ziyashov@kcell.kz', '{SHA}ieSV55Qc+eQOaYDRSha/AjzNTJE=', NULL);
INSERT INTO act_id_user (id_, rev_, first_, last_, email_, pwd_, picture_id_) VALUES ('Osman.Mamedov@kcell.kz', 1, 'Osman', 'Mamedov', 'Osman.Mamedov@kcell.kz', '{SHA}ieSV55Qc+eQOaYDRSha/AjzNTJE=', NULL);
INSERT INTO act_id_user (id_, rev_, first_, last_, email_, pwd_, picture_id_) VALUES ('Olzhas.Sardarov@kcell.kz', 1, 'Olzhas', 'Sardarov', 'Olzhas.Sardarov@kcell.kz', '{SHA}ieSV55Qc+eQOaYDRSha/AjzNTJE=', NULL);
INSERT INTO act_id_user (id_, rev_, first_, last_, email_, pwd_, picture_id_) VALUES ('Nurbek.Rysbekov@kcell.kz', 1, 'Nurbek', 'Rysbekov', 'Nurbek.Rysbekov@kcell.kz', '{SHA}ieSV55Qc+eQOaYDRSha/AjzNTJE=', NULL);
INSERT INTO act_id_user (id_, rev_, first_, last_, email_, pwd_, picture_id_) VALUES ('Stanislav.Fodchuk@kcell.kz', 1, 'Stanislav', 'Fodchuk', 'Stanislav.Fodchuk@kcell.kz', '{SHA}ieSV55Qc+eQOaYDRSha/AjzNTJE=', NULL);
INSERT INTO act_id_user (id_, rev_, first_, last_, email_, pwd_, picture_id_) VALUES ('Aruzhan.Yerimpash@kcell.kz', 1, 'Aruzhan', 'Yerimpash', 'Aruzhan.Yerimpash@kcell.kz', '{SHA}ieSV55Qc+eQOaYDRSha/AjzNTJE=', NULL);
INSERT INTO act_id_user (id_, rev_, first_, last_, email_, pwd_, picture_id_) VALUES ('Lyaisyan.Shaikhetdinova@kcell.kz', 1, 'Lyaisyan', 'Shaikhetdinova', 'Lyaisyan.Shaikhetdinova@kcell.kz', '{SHA}ieSV55Qc+eQOaYDRSha/AjzNTJE=', NULL);
INSERT INTO act_id_user (id_, rev_, first_, last_, email_, pwd_, picture_id_) VALUES ('Ayar.Batyrgaliyev@kcell.kz', 1, 'Ayar', 'Batyrgaliyev', 'Ayar.Batyrgaliyev@kcell.kz', '{SHA}ieSV55Qc+eQOaYDRSha/AjzNTJE=', NULL);
INSERT INTO act_id_user (id_, rev_, first_, last_, email_, pwd_, picture_id_) VALUES ('Aidos.Kenzhebayev@kcel.kz', 1, 'Aidos', 'Kenzhebayev', 'Aidos.Kenzhebayev@kcel.kz', '{SHA}ieSV55Qc+eQOaYDRSha/AjzNTJE=', NULL);
INSERT INTO act_id_user (id_, rev_, first_, last_, email_, pwd_, picture_id_) VALUES ('Saken.Dochshanov@kcell.kz', 1, 'Saken', 'Dochshanov', 'Saken.Dochshanov@kcell.kz', '{SHA}ieSV55Qc+eQOaYDRSha/AjzNTJE=', NULL);
INSERT INTO act_id_user (id_, rev_, first_, last_, email_, pwd_, picture_id_) VALUES ('Rustem.Kenzherakhmanov@kcell.kz', 1, 'Rustem', 'Kenzherakhmanov', 'Rustem.Kenzherakhmanov@kcell.kz', '{SHA}ieSV55Qc+eQOaYDRSha/AjzNTJE=', NULL);

INSERT INTO act_id_user (id_, rev_, first_, last_, email_, pwd_, picture_id_) VALUES ('Zhandos.Usenov@kcell.kz', 1, 'Zhandos', 'Usenov', 'Zhandos.Usenov@kcell.kz', '{SHA}ieSV55Qc+eQOaYDRSha/AjzNTJE=', NULL);
INSERT INTO act_id_user (id_, rev_, first_, last_, email_, pwd_, picture_id_) VALUES ('Kuralai.Tubekbayeva@kcell.kz', 1, 'Kuralai', 'Tubekbayeva', 'Kuralai.Tubekbayeva@kcell.kz', '{SHA}ieSV55Qc+eQOaYDRSha/AjzNTJE=', NULL);

INSERT INTO act_id_user (id_, rev_, first_, last_, email_, pwd_, picture_id_) VALUES ('Memleket.Toleuuly@kcell.kz', 1, 'Memleket', 'Toleuuly', 'Memleket.Toleuuly@kcell.kz', '{SHA}ieSV55Qc+eQOaYDRSha/AjzNTJE=', NULL);
INSERT INTO act_id_user (id_, rev_, first_, last_, email_, pwd_, picture_id_) VALUES ('pavel.zaitsev@kcell.kz', 1, 'pavel', 'zaitsev', 'pavel.zaitsev@kcell.kz', '{SHA}ieSV55Qc+eQOaYDRSha/AjzNTJE=', NULL);

INSERT INTO act_id_user (id_, rev_, first_, last_, email_, pwd_, picture_id_) VALUES ('Yerbol.Tyshkambayev@kcell.kz', 1, 'Yerbol', 'Tyshkambayev', 'Yerbol.Tyshkambayev@kcell.kz', '{SHA}ieSV55Qc+eQOaYDRSha/AjzNTJE=', NULL);
INSERT INTO act_id_user (id_, rev_, first_, last_, email_, pwd_, picture_id_) VALUES ('Alexandr.Koval@kcell.kz', 1, 'Alexandr', 'Koval', 'Alexandr.Koval@kcell.kz', '{SHA}ieSV55Qc+eQOaYDRSha/AjzNTJE=', NULL);
INSERT INTO act_id_user (id_, rev_, first_, last_, email_, pwd_, picture_id_) VALUES ('Aziz.Kadyrkulov@kcell.kz', 1, 'Aziz', 'Kadyrkulov', 'Aziz.Kadyrkulov@kcell.kz', '{SHA}ieSV55Qc+eQOaYDRSha/AjzNTJE=', NULL);
INSERT INTO act_id_user (id_, rev_, first_, last_, email_, pwd_, picture_id_) VALUES ('Yerdos.Tuleuov@kcell.kz', 1, 'Yerdos', 'Tuleuov', 'Yerdos.Tuleuov@kcell.kz', '{SHA}ieSV55Qc+eQOaYDRSha/AjzNTJE=', NULL);
INSERT INTO act_id_user (id_, rev_, first_, last_, email_, pwd_, picture_id_) VALUES ('Askar.Ospanov@kcell.kz', 1, 'Askar', 'Ospanov', 'Askar.Ospanov@kcell.kz', '{SHA}ieSV55Qc+eQOaYDRSha/AjzNTJE=', NULL);
INSERT INTO act_id_user (id_, rev_, first_, last_, email_, pwd_, picture_id_) VALUES ('Boris.Alevtsev@kcell.kz', 1, 'Boris', 'Alevtsev', 'Boris.Alevtsev@kcell.kz', '{SHA}ieSV55Qc+eQOaYDRSha/AjzNTJE=', NULL);
INSERT INTO act_id_user (id_, rev_, first_, last_, email_, pwd_, picture_id_) VALUES ('Azat.Kelgenbayev@kcell.kz', 1, 'Azat', 'Kelgenbayev', 'Azat.Kelgenbayev@kcell.kz', '{SHA}ieSV55Qc+eQOaYDRSha/AjzNTJE=', NULL);
INSERT INTO act_id_user (id_, rev_, first_, last_, email_, pwd_, picture_id_) VALUES ('Galymzhan.Kuanyshov@kcell.kz', 1, 'Galymzhan', 'Kuanyshov', 'Galymzhan.Kuanyshov@kcell.kz', '{SHA}ieSV55Qc+eQOaYDRSha/AjzNTJE=', NULL);

INSERT INTO act_id_user (id_, rev_, first_, last_, email_, pwd_, picture_id_) VALUES ('Vyacheslav.Khatyushin@kcell.kz', 1, 'Vyacheslav', 'Khatyushin', 'Vyacheslav.Khatyushin@kcell.kz', '{SHA}ieSV55Qc+eQOaYDRSha/AjzNTJE=', NULL);
INSERT INTO act_id_user (id_, rev_, first_, last_, email_, pwd_, picture_id_) VALUES ('Yerbol.Tasenov@kcell.kz', 1, 'Yerbol', 'Tasenov', 'Yerbol.Tasenov@kcell.kz', '{SHA}ieSV55Qc+eQOaYDRSha/AjzNTJE=', NULL);
INSERT INTO act_id_user (id_, rev_, first_, last_, email_, pwd_, picture_id_) VALUES ('Zaurbek.Bastarbekov@kcell.kz', 1, 'Zaurbek', 'Bastarbekov', 'Zaurbek.Bastarbekov@kcell.kz', '{SHA}ieSV55Qc+eQOaYDRSha/AjzNTJE=', NULL);
INSERT INTO act_id_user (id_, rev_, first_, last_, email_, pwd_, picture_id_) VALUES ('Marta.Gabdrakhmanova@kcell.kz', 1, 'Marta', 'Gabdrakhmanova', 'Marta.Gabdrakhmanova@kcell.kz', '{SHA}ieSV55Qc+eQOaYDRSha/AjzNTJE=', NULL);
INSERT INTO act_id_user (id_, rev_, first_, last_, email_, pwd_, picture_id_) VALUES ('Nurbol.Kalibekuly@kcell.kz', 1, 'Nurbol', 'Kalibekuly', 'Nurbol.Kalibekuly@kcell.kz', '{SHA}ieSV55Qc+eQOaYDRSha/AjzNTJE=', NULL);
INSERT INTO act_id_user (id_, rev_, first_, last_, email_, pwd_, picture_id_) VALUES ('Zhassulan.Makhanbetov@kcell.kz', 1, 'Zhassulan', 'Makhanbetov', 'Zhassulan.Makhanbetov@kcell.kz', '{SHA}ieSV55Qc+eQOaYDRSha/AjzNTJE=', NULL);
INSERT INTO act_id_user (id_, rev_, first_, last_, email_, pwd_, picture_id_) VALUES ('Nurzhan.Zhangaliyev@kcell.kz', 1, 'Nurzhan', 'Zhangaliyev', 'Nurzhan.Zhangaliyev@kcell.kz', '{SHA}ieSV55Qc+eQOaYDRSha/AjzNTJE=', NULL);
INSERT INTO act_id_user (id_, rev_, first_, last_, email_, pwd_, picture_id_) VALUES ('Yerlan.Begimbayev@kcell.kz', 1, 'Yerlan', 'Begimbayev', 'Yerlan.Begimbayev@kcell.kz', '{SHA}ieSV55Qc+eQOaYDRSha/AjzNTJE=', NULL);
INSERT INTO act_id_user (id_, rev_, first_, last_, email_, pwd_, picture_id_) VALUES ('Aikyn.Bayanbayev@kcell.kz', 1, 'Aikyn', 'Bayanbayev', 'Aikyn.Bayanbayev@kcell.kz', '{SHA}ieSV55Qc+eQOaYDRSha/AjzNTJE=', NULL);
INSERT INTO act_id_user (id_, rev_, first_, last_, email_, pwd_, picture_id_) VALUES ('Andrey.Cheslavskiy@kcell.kz', 1, 'Andrey', 'Cheslavskiy', 'Andrey.Cheslavskiy@kcell.kz', '{SHA}ieSV55Qc+eQOaYDRSha/AjzNTJE=', NULL);
INSERT INTO act_id_user (id_, rev_, first_, last_, email_, pwd_, picture_id_) VALUES ('Maksat.Nauryzbay@kcell.kz', 1, 'Maksat', 'Nauryzbay', 'Maksat.Nauryzbay@kcell.kz', '{SHA}ieSV55Qc+eQOaYDRSha/AjzNTJE=', NULL);
INSERT INTO act_id_user (id_, rev_, first_, last_, email_, pwd_, picture_id_) VALUES ('Ramil.Albakov@kcell.kz', 1, 'Ramil', 'Albakov', 'Ramil.Albakov@kcell.kz', '{SHA}ieSV55Qc+eQOaYDRSha/AjzNTJE=', NULL);
INSERT INTO act_id_user (id_, rev_, first_, last_, email_, pwd_, picture_id_) VALUES ('Tatyana.Tsoy@kcell.kz', 1, 'Tatyana', 'Tsoy', 'Tatyana.Tsoy@kcell.kz', '{SHA}ieSV55Qc+eQOaYDRSha/AjzNTJE=', NULL);
	
	--BEELINE USERS
INSERT INTO act_id_user (id_, rev_, first_, last_, email_, pwd_, picture_id_) VALUES ('ASim@beeline.kz', 1, 'A', 'Sim', 'ASim@beeline.kz', '{SHA}ieSV55Qc+eQOaYDRSha/AjzNTJE=', NULL);
--INSERT INTO act_id_user (id_, rev_, first_, last_, email_, pwd_, picture_id_) VALUES ('Aziz.Kadyrkulov@kcell.kz', 1, 'Aziz', 'Kadyrkulov', 'Aziz.Kadyrkulov@kcell.kz', '{SHA}ieSV55Qc+eQOaYDRSha/AjzNTJE=', NULL);
--INSERT INTO act_id_user (id_, rev_, first_, last_, email_, pwd_, picture_id_) VALUES ('Aziz.Kadyrkulov@kcell.kz', 1, 'Aziz', 'Kadyrkulov', 'Aziz.Kadyrkulov@kcell.kz', '{SHA}ieSV55Qc+eQOaYDRSha/AjzNTJE=', NULL);



--GROUPS
INSERT INTO act_id_group (id_, rev_, name_, type_) VALUES ('sharing_planning_group', 1, 'Beeline Planning Group', 'WORKFLOW');
INSERT INTO act_id_group (id_, rev_, name_, type_) VALUES ('sharing_installation_group', 1, 'Beeline Installation Group', 'WORKFLOW');
INSERT INTO act_id_group (id_, rev_, name_, type_) VALUES ('sharing_regional_tech_director', 1, 'Beeline Regional Tech Director', 'WORKFLOW');
INSERT INTO act_id_group (id_, rev_, name_, type_) VALUES ('sharing_operation_management_center_group', 1, 'Operation Management Center Group', 'WORKFLOW');
INSERT INTO act_id_group (id_, rev_, name_, type_) VALUES ('sharing_rcmu_group', 1, 'RCMU Group', 'WORKFLOW');
INSERT INTO act_id_group (id_, rev_, name_, type_) VALUES ('sharing_kcell_users_group', 1, 'Sharing kcellUsers Group', 'WORKFLOW');
INSERT INTO act_id_group (id_, rev_, name_, type_) VALUES ('sharing_beeline_users_group', 1, 'Sharing beelineUsers Group', 'WORKFLOW');

INSERT INTO act_id_group (id_, rev_, name_, type_) VALUES ('South_Kcell_Central_Permit_group', 1, 'South Kcell Central Permit group', 'WORKFLOW');
INSERT INTO act_id_group (id_, rev_, name_, type_) VALUES ('West_Kcell_Central_Permit_group', 1, 'West Kcell Central Permit group', 'WORKFLOW');
INSERT INTO act_id_group (id_, rev_, name_, type_) VALUES ('East_Kcell_Central_Permit_group', 1, 'East Kcell Central Permit group', 'WORKFLOW');
INSERT INTO act_id_group (id_, rev_, name_, type_) VALUES ('North_Kcell_Central_Permit_group', 1, 'North Kcell Central Permit group', 'WORKFLOW');
INSERT INTO act_id_group (id_, rev_, name_, type_) VALUES ('Astana_Kcell_Central_Permit_group', 1, 'Astana Kcell Central Permit group', 'WORKFLOW');
INSERT INTO act_id_group (id_, rev_, name_, type_) VALUES ('Almaty_Kcell_Central_Permit_group', 1, 'Almaty Kcell Central Permit group', 'WORKFLOW');
INSERT INTO act_id_group (id_, rev_, name_, type_) VALUES ('South_Kcell_Regional_Implementation_group', 1, 'South Kcell Regional Implementation group', 'WORKFLOW');
INSERT INTO act_id_group (id_, rev_, name_, type_) VALUES ('West_Kcell_Regional_Implementation_group', 1, 'West Kcell Regional Implementation group', 'WORKFLOW');
INSERT INTO act_id_group (id_, rev_, name_, type_) VALUES ('East_Kcell_Regional_Implementation_group', 1, 'East Kcell Regional Implementation group', 'WORKFLOW');
INSERT INTO act_id_group (id_, rev_, name_, type_) VALUES ('North_Kcell_Regional_Implementation_group', 1, 'North Kcell Regional Implementation group', 'WORKFLOW');
INSERT INTO act_id_group (id_, rev_, name_, type_) VALUES ('Astana_Kcell_Regional_Implementation_group', 1, 'Astana Kcell Regional Implementation group', 'WORKFLOW');
INSERT INTO act_id_group (id_, rev_, name_, type_) VALUES ('Almaty_Kcell_Regional_Implementation_group', 1, 'Almaty Kcell Regional Implementation group', 'WORKFLOW');
INSERT INTO act_id_group (id_, rev_, name_, type_) VALUES ('Kcell_Central_planning_group', 1, 'Kcell Central planning group', 'WORKFLOW');

INSERT INTO act_id_group (id_, rev_, name_, type_) VALUES ('Kcell_central_leasing_group', 1, 'Kcell Central Leasing group', 'WORKFLOW');
INSERT INTO act_id_group (id_, rev_, name_, type_) VALUES ('Almaty_Kcell_regional_leasing_group', 1, 'Almaty Kcell Regional Leasing group', 'WORKFLOW');
INSERT INTO act_id_group (id_, rev_, name_, type_) VALUES ('Astana_Kcell_regional_leasing_group', 1, 'Astana Kcell Regional Leasing group', 'WORKFLOW');
INSERT INTO act_id_group (id_, rev_, name_, type_) VALUES ('West_Kcell_regional_leasing_group', 1, 'West Kcell Regional Leasing group', 'WORKFLOW');
INSERT INTO act_id_group (id_, rev_, name_, type_) VALUES ('North_Kcell_regional_leasing_group', 1, 'North Kcell Regional Leasing group', 'WORKFLOW');
INSERT INTO act_id_group (id_, rev_, name_, type_) VALUES ('East_Kcell_regional_leasing_group', 1, 'East Kcell Regional Leasing group', 'WORKFLOW');
INSERT INTO act_id_group (id_, rev_, name_, type_) VALUES ('South_Kcell_regional_leasing_group', 1, 'South Kcell Regional Leasing group', 'WORKFLOW');

INSERT INTO act_id_group (id_, rev_, name_, type_) VALUES ('South_Kcell_regional_power_group', 1, 'South Kcell Regional Power group', 'WORKFLOW');
INSERT INTO act_id_group (id_, rev_, name_, type_) VALUES ('East_Kcell_regional_power_group', 1, 'East Kcell Regional Power group', 'WORKFLOW');
INSERT INTO act_id_group (id_, rev_, name_, type_) VALUES ('North_Kcell_regional_power_group', 1, 'North Kcell Regional Power group', 'WORKFLOW');
INSERT INTO act_id_group (id_, rev_, name_, type_) VALUES ('Astana_Kcell_regional_power_group', 1, 'Astana Kcell Regional Power group', 'WORKFLOW');
INSERT INTO act_id_group (id_, rev_, name_, type_) VALUES ('Almaty_Kcell_regional_power_group', 1, 'Almaty Kcell Regional Power group', 'WORKFLOW');
INSERT INTO act_id_group (id_, rev_, name_, type_) VALUES ('West_Kcell_regional_power_group', 1, 'West Kcell Regional Power group', 'WORKFLOW');



INSERT INTO act_id_group (id_, rev_, name_, type_) VALUES ('Almaty_Kcell_regional_transmission_group', 1, 'Almaty Kcell Regional Transmission group', 'WORKFLOW');
INSERT INTO act_id_group (id_, rev_, name_, type_) VALUES ('Astana_Kcell_regional_transmission_group', 1, 'Astana Kcell Regional Transmission group', 'WORKFLOW');
INSERT INTO act_id_group (id_, rev_, name_, type_) VALUES ('West_Kcell_regional_transmission_group', 1, 'West Kcell Regional Transmission group', 'WORKFLOW');
INSERT INTO act_id_group (id_, rev_, name_, type_) VALUES ('South_Kcell_regional_transmission_group', 1, 'South Kcell Regional Transmission group', 'WORKFLOW');
INSERT INTO act_id_group (id_, rev_, name_, type_) VALUES ('East_Kcell_regional_transmission_group', 1, 'East Kcell Regional Transmission group', 'WORKFLOW');
INSERT INTO act_id_group (id_, rev_, name_, type_) VALUES ('North_Kcell_regional_transmission_group', 1, 'North Kcell Regional Transmission group', 'WORKFLOW');

INSERT INTO act_id_group (id_, rev_, name_, type_) VALUES ('North_Kcell_regional_planning_group', 1, 'North Kcell Regional Planning group', 'WORKFLOW');
INSERT INTO act_id_group (id_, rev_, name_, type_) VALUES ('East_Kcell_regional_planning_group', 1, 'East Kcell Regional Planning group', 'WORKFLOW');
INSERT INTO act_id_group (id_, rev_, name_, type_) VALUES ('South_Kcell_regional_planning_group', 1, 'South Kcell Regional Planning group', 'WORKFLOW');
INSERT INTO act_id_group (id_, rev_, name_, type_) VALUES ('West_Kcell_regional_planning_group', 1, 'West Kcell Regional Planning group', 'WORKFLOW');
INSERT INTO act_id_group (id_, rev_, name_, type_) VALUES ('Astana_Kcell_regional_planning_group', 1, 'Astana Kcell Regional Planning group', 'WORKFLOW');
INSERT INTO act_id_group (id_, rev_, name_, type_) VALUES ('Almaty_Kcell_regional_planning_group', 1, 'Almaty Kcell Regional Planning group', 'WORKFLOW');


--MEMBERSHIPS
INSERT INTO act_id_membership (user_id_, group_id_) VALUES ('IYevtushenko@beeline.kz', 'sharing_beeline_users_group');
INSERT INTO act_id_membership (user_id_, group_id_) VALUES ('SKachaev@beeline.kz', 'sharing_beeline_users_group');
INSERT INTO act_id_membership (user_id_, group_id_) VALUES ('YKhakimzhanov@beeline.kz', 'sharing_beeline_users_group');
INSERT INTO act_id_membership (user_id_, group_id_) VALUES ('MZaitov@beeline.kz', 'sharing_beeline_users_group');
INSERT INTO act_id_membership (user_id_, group_id_) VALUES ('VProkhodov@beeline.kz', 'sharing_beeline_users_group');
INSERT INTO act_id_membership (user_id_, group_id_) VALUES ('SAmanbekova@beeline.kz', 'sharing_beeline_users_group');

INSERT INTO act_id_membership (user_id_, group_id_) VALUES ('Evgeniy.Degtyarev@kcell.kz', 'Almaty_Kcell_Regional_Implementation_group');
INSERT INTO act_id_membership (user_id_, group_id_) VALUES ('Nurlan.Shokparov@kcell.kz', 'Almaty_Kcell_Regional_Implementation_group');
INSERT INTO act_id_membership (user_id_, group_id_) VALUES ('Kanat.Kulmukhambetov@kcell.kz', 'Almaty_Kcell_Regional_Implementation_group');

INSERT INTO act_id_membership (user_id_, group_id_) VALUES ('Marta.Gabdrakhmanova@kcell.kz', 'West_Kcell_Regional_Implementation_group');
INSERT INTO act_id_membership (user_id_, group_id_) VALUES ('Maxet.Akzhigitov@kcell.kz', 'West_Kcell_Regional_Implementation_group');
INSERT INTO act_id_membership (user_id_, group_id_) VALUES ('Zhomart.Uteev@kcell.kz', 'West_Kcell_Regional_Implementation_group');
INSERT INTO act_id_membership (user_id_, group_id_) VALUES ('Islam.Kosbatyrov@kcell.kz', 'West_Kcell_Regional_Implementation_group');
INSERT INTO act_id_membership (user_id_, group_id_) VALUES ('Valikhan.Baizenov@kcell.kz', 'West_Kcell_Regional_Implementation_group');
INSERT INTO act_id_membership (user_id_, group_id_) VALUES ('Erden.Bektaubayev@kcell.kz', 'West_Kcell_Regional_Implementation_group');

INSERT INTO act_id_membership (user_id_, group_id_) VALUES ('Zhassulan.Lukpanov@kcell.kz', 'South_Kcell_Regional_Implementation_group');
INSERT INTO act_id_membership (user_id_, group_id_) VALUES ('Daulet.Ziyashov@kcell.kz', 'South_Kcell_Regional_Implementation_group');
INSERT INTO act_id_membership (user_id_, group_id_) VALUES ('Osman.Mamedov@kcell.kz', 'South_Kcell_Regional_Implementation_group');
INSERT INTO act_id_membership (user_id_, group_id_) VALUES ('Olzhas.Sardarov@kcell.kz', 'South_Kcell_Regional_Implementation_group');
INSERT INTO act_id_membership (user_id_, group_id_) VALUES ('Nurbek.Rysbekov@kcell.kz', 'South_Kcell_Regional_Implementation_group');
INSERT INTO act_id_membership (user_id_, group_id_) VALUES ('Stanislav.Fodchuk@kcell.kz', 'South_Kcell_Regional_Implementation_group');
INSERT INTO act_id_membership (user_id_, group_id_) VALUES ('ASim@beeline.kz', 'South_Kcell_Regional_Implementation_group');

INSERT INTO act_id_membership (user_id_, group_id_) VALUES ('Kanat.Mussabekov@kcell.kz', 'East_Kcell_Regional_Implementation_group');
INSERT INTO act_id_membership (user_id_, group_id_) VALUES ('Timur.Akylkhanov@kcell.kz', 'East_Kcell_Regional_Implementation_group');
INSERT INTO act_id_membership (user_id_, group_id_) VALUES ('Marat.Bakezhanov@kcell.kz', 'East_Kcell_Regional_Implementation_group');
INSERT INTO act_id_membership (user_id_, group_id_) VALUES ('Baurzhan.Khamzin@kcell.kz', 'East_Kcell_Regional_Implementation_group');
INSERT INTO act_id_membership (user_id_, group_id_) VALUES ('Tatyana.Tsoy@kcell.kz', 'East_Kcell_Regional_Implementation_group');

INSERT INTO act_id_membership (user_id_, group_id_) VALUES ('Timur.Mukhamedyanov@kcell.kz', 'Astana_Kcell_Regional_Implementation_group');
INSERT INTO act_id_membership (user_id_, group_id_) VALUES ('Farkhat.Baterikov@kcell.kz', 'Astana_Kcell_Regional_Implementation_group');
INSERT INTO act_id_membership (user_id_, group_id_) VALUES ('Zhaxylyk.Moldakhmetov@kcell.kz', 'Astana_Kcell_Regional_Implementation_group');
INSERT INTO act_id_membership (user_id_, group_id_) VALUES ('Alexandr.Uzhakin@kcell.kz', 'Astana_Kcell_Regional_Implementation_group');
INSERT INTO act_id_membership (user_id_, group_id_) VALUES ('Rishad.Makirov@kcell.kz', 'Astana_Kcell_Regional_Implementation_group');
INSERT INTO act_id_membership (user_id_, group_id_) VALUES ('Nurlan.Bekseitov@kcell.kz', 'Astana_Kcell_Regional_Implementation_group');
INSERT INTO act_id_membership (user_id_, group_id_) VALUES ('Alexey.Pereverzev@kcell.kz', 'Astana_Kcell_Regional_Implementation_group');

INSERT INTO act_id_membership (user_id_, group_id_) VALUES ('Alexander.Buss@kcell.kz', 'North_Kcell_Regional_Implementation_group');
INSERT INTO act_id_membership (user_id_, group_id_) VALUES ('Evgeniy.Tsoy@kcell.kz', 'North_Kcell_Regional_Implementation_group');
INSERT INTO act_id_membership (user_id_, group_id_) VALUES ('Valeriy.Zhilyaev@kcell.kz', 'North_Kcell_Regional_Implementation_group');
INSERT INTO act_id_membership (user_id_, group_id_) VALUES ('Nurlan.Sumbaev@kcell.kz', 'North_Kcell_Regional_Implementation_group');
INSERT INTO act_id_membership (user_id_, group_id_) VALUES ('Victor.Aredacov@kcell.kz', 'North_Kcell_Regional_Implementation_group');


INSERT INTO act_id_membership (user_id_, group_id_) VALUES ('Aruzhan.Yerimpash@kcell.kz', 'Kcell_Central_planning_group');
INSERT INTO act_id_membership (user_id_, group_id_) VALUES ('Lyaisyan.Shaikhetdinova@kcell.kz', 'Kcell_Central_planning_group');
INSERT INTO act_id_membership (user_id_, group_id_) VALUES ('Ayar.Batyrgaliyev@kcell.kz', 'Kcell_Central_planning_group');
INSERT INTO act_id_membership (user_id_, group_id_) VALUES ('Yaroslav.Arabok@kcell.kz', 'Kcell_Central_planning_group');
INSERT INTO act_id_membership (user_id_, group_id_) VALUES ('Daniyar.Yespayev@kcell.kz', 'Kcell_Central_planning_group');
INSERT INTO act_id_membership (user_id_, group_id_) VALUES ('Saken.Dochshanov@kcell.kz', 'Kcell_Central_planning_group');
INSERT INTO act_id_membership (user_id_, group_id_) VALUES ('Gulzhan.Imandosova@kcell.kz', 'Kcell_Central_planning_group');
INSERT INTO act_id_membership (user_id_, group_id_) VALUES ('Yuliya.Prikhodko@kcell.kz', 'Kcell_Central_planning_group');


INSERT INTO act_id_membership (user_id_, group_id_) VALUES ('Bahytzhan.Sandybayev@kcell.kz', 'South_Kcell_Central_Permit_group');
INSERT INTO act_id_membership (user_id_, group_id_) VALUES ('Farida.Jumanazarova@kcell.kz', 'South_Kcell_Central_Permit_group');
INSERT INTO act_id_membership (user_id_, group_id_) VALUES ('Margarita.Kim@kcell.kz', 'South_Kcell_Central_Permit_group');

INSERT INTO act_id_membership (user_id_, group_id_) VALUES ('Arman.Utepov@kcell.kz', 'West_Kcell_Central_Permit_group');
INSERT INTO act_id_membership (user_id_, group_id_) VALUES ('Zhandos.Bolatov@kcell.kz', 'West_Kcell_Central_Permit_group');
INSERT INTO act_id_membership (user_id_, group_id_) VALUES ('Anna.Martynova@kcell.kz', 'West_Kcell_Central_Permit_group');
INSERT INTO act_id_membership (user_id_, group_id_) VALUES ('Yerkebulan.Dauletbayev@kcell.kz', 'West_Kcell_Central_Permit_group');
INSERT INTO act_id_membership (user_id_, group_id_) VALUES ('Vladislav.Posashkov@kcell.kz', 'West_Kcell_Central_Permit_group');
INSERT INTO act_id_membership (user_id_, group_id_) VALUES ('Askar.Pernebekov@kcell.kz', 'West_Kcell_Central_Permit_group');

INSERT INTO act_id_membership (user_id_, group_id_) VALUES ('Aidos.Kenzhebayev@kcell.kz', 'East_Kcell_Central_Permit_group');
INSERT INTO act_id_membership (user_id_, group_id_) VALUES ('Leila.Raisova@kcell.kz', 'East_Kcell_Central_Permit_group');
INSERT INTO act_id_membership (user_id_, group_id_) VALUES ('Ruslan.Tubekbayev@kcell.kz', 'East_Kcell_Central_Permit_group');
INSERT INTO act_id_membership (user_id_, group_id_) VALUES ('Margarita.Kim@kcell.kz', 'East_Kcell_Central_Permit_group');

INSERT INTO act_id_membership (user_id_, group_id_) VALUES ('Aidos.Kenzhebayev@kcel.kz', 'North_Kcell_Central_Permit_group');
INSERT INTO act_id_membership (user_id_, group_id_) VALUES ('Leila.Raisova@kcell.kz', 'North_Kcell_Central_Permit_group');
INSERT INTO act_id_membership (user_id_, group_id_) VALUES ('Ruslan.Tubekbayev@kcell.kz', 'North_Kcell_Central_Permit_group');
INSERT INTO act_id_membership (user_id_, group_id_) VALUES ('Margarita.Kim@kcell.kz', 'North_Kcell_Central_Permit_group');

INSERT INTO act_id_membership (user_id_, group_id_) VALUES ('Abai.Shapagatin@kcell.kz', 'Astana_Kcell_Central_Permit_group');
INSERT INTO act_id_membership (user_id_, group_id_) VALUES ('Alibek.Nurkassymov@kcell.kz', 'Astana_Kcell_Central_Permit_group');
INSERT INTO act_id_membership (user_id_, group_id_) VALUES ('Leila.Raisova@kcell.kz', 'Astana_Kcell_Central_Permit_group');

INSERT INTO act_id_membership (user_id_, group_id_) VALUES ('Arman.Utepov@kcell.kz', 'Almaty_Kcell_Central_Permit_group');
INSERT INTO act_id_membership (user_id_, group_id_) VALUES ('Zhandos.Bolatov@kcell.kz', 'Almaty_Kcell_Central_Permit_group');
INSERT INTO act_id_membership (user_id_, group_id_) VALUES ('Anna.Martynova@kcell.kz', 'Almaty_Kcell_Central_Permit_group');

-- INSERT INTO act_id_membership (user_id_, group_id_) VALUES ('SKachaev@beeline.kz', 'sharing_kcell_users_group');
-- INSERT INTO act_id_membership (user_id_, group_id_) VALUES ('IYevtushenko@beeline.kz', 'sharing_kcell_users_group');
-- INSERT INTO act_id_membership (user_id_, group_id_) VALUES ('YKhakimzhanov@beeline.kz', 'sharing_kcell_users_group');
-- INSERT INTO act_id_membership (user_id_, group_id_) VALUES ('MZaitov@beeline.kz', 'sharing_kcell_users_group');
-- INSERT INTO act_id_membership (user_id_, group_id_) VALUES ('VProkhodov@beeline.kz', 'sharing_kcell_users_group');
-- INSERT INTO act_id_membership (user_id_, group_id_) VALUES ('SAmanbekova@beeline.kz', 'sharing_kcell_users_group');

INSERT INTO act_id_membership (user_id_, group_id_) VALUES ('Yuliya.Prikhodko@kcell.kz', 'kcellUsers');
INSERT INTO act_id_membership (user_id_, group_id_) VALUES ('Yaroslav.Arabok@kcell.kz', 'kcellUsers');
INSERT INTO act_id_membership (user_id_, group_id_) VALUES ('Erden.Bektaubayev@kcell.kz', 'kcellUsers');
INSERT INTO act_id_membership (user_id_, group_id_) VALUES ('Valikhan.Baizenov@kcell.kz', 'kcellUsers');
INSERT INTO act_id_membership (user_id_, group_id_) VALUES ('Maxet.Akzhigitov@kcell.kz', 'kcellUsers');
INSERT INTO act_id_membership (user_id_, group_id_) VALUES ('Zhomart.Uteev@kcell.kz', 'kcellUsers');
INSERT INTO act_id_membership (user_id_, group_id_) VALUES ('Islam.Kosbatyrov@kcell.kz', 'kcellUsers');
INSERT INTO act_id_membership (user_id_, group_id_) VALUES ('Zhassulan.Lukpanov@kcell.kz', 'kcellUsers');
INSERT INTO act_id_membership (user_id_, group_id_) VALUES ('Daulet.Ziyashov@kcell.kz', 'kcellUsers');
INSERT INTO act_id_membership (user_id_, group_id_) VALUES ('Osman.Mamedov@kcell.kz', 'kcellUsers');
INSERT INTO act_id_membership (user_id_, group_id_) VALUES ('Olzhas.Sardarov@kcell.kz', 'kcellUsers');
INSERT INTO act_id_membership (user_id_, group_id_) VALUES ('Nurbek.Rysbekov@kcell.kz', 'kcellUsers');
INSERT INTO act_id_membership (user_id_, group_id_) VALUES ('Stanislav.Fodchuk@kcell.kz', 'kcellUsers');
INSERT INTO act_id_membership (user_id_, group_id_) VALUES ('Aruzhan.Yerimpash@kcell.kz', 'kcellUsers');
INSERT INTO act_id_membership (user_id_, group_id_) VALUES ('Lyaisyan.Shaikhetdinova@kcell.kz', 'kcellUsers');
INSERT INTO act_id_membership (user_id_, group_id_) VALUES ('Ayar.Batyrgaliyev@kcell.kz', 'kcellUsers');
INSERT INTO act_id_membership (user_id_, group_id_) VALUES ('Aidos.Kenzhebayev@kcel.kz', 'kcellUsers');
INSERT INTO act_id_membership (user_id_, group_id_) VALUES ('Saken.Dochshanov@kcell.kz', 'kcellUsers');

INSERT INTO act_id_membership (user_id_, group_id_) VALUES ('Zhandos.Usenov@kcell.kz', 'kcellUsers');
INSERT INTO act_id_membership (user_id_, group_id_) VALUES ('Kuralai.Tubekbayeva@kcell.kz', 'kcellUsers');

INSERT INTO act_id_membership (user_id_, group_id_) VALUES ('Memleket.Toleuuly@kcell.kz', 'kcellUsers');
INSERT INTO act_id_membership (user_id_, group_id_) VALUES ('pavel.zaitsev@kcell.kz', 'kcellUsers');
INSERT INTO act_id_membership (user_id_, group_id_) VALUES ('Yerbol.Tyshkambayev@kcell.kz', 'kcellUsers');
INSERT INTO act_id_membership (user_id_, group_id_) VALUES ('Alexandr.Koval@kcell.kz', 'kcellUsers');
INSERT INTO act_id_membership (user_id_, group_id_) VALUES ('Aziz.Kadyrkulov@kcell.kz', 'kcellUsers');
INSERT INTO act_id_membership (user_id_, group_id_) VALUES ('Yerdos.Tuleuov@kcell.kz', 'kcellUsers');
INSERT INTO act_id_membership (user_id_, group_id_) VALUES ('Askar.Ospanov@kcell.kz', 'kcellUsers');
INSERT INTO act_id_membership (user_id_, group_id_) VALUES ('Boris.Alevtsev@kcell.kz', 'kcellUsers');
INSERT INTO act_id_membership (user_id_, group_id_) VALUES ('Azat.Kelgenbayev@kcell.kz', 'kcellUsers');
INSERT INTO act_id_membership (user_id_, group_id_) VALUES ('Galymzhan.Kuanyshov@kcell.kz', 'kcellUsers');

INSERT INTO act_id_membership (user_id_, group_id_) VALUES ('Vyacheslav.Khatyushin@kcell.kz', 'kcellUsers');
INSERT INTO act_id_membership (user_id_, group_id_) VALUES ('Yerbol.Tasenov@kcell.kz', 'kcellUsers');
INSERT INTO act_id_membership (user_id_, group_id_) VALUES ('Zaurbek.Bastarbekov@kcell.kz', 'kcellUsers');
INSERT INTO act_id_membership (user_id_, group_id_) VALUES ('Marta.Gabdrakhmanova@kcell.kz', 'kcellUsers');
INSERT INTO act_id_membership (user_id_, group_id_) VALUES ('Nurbol.Kalibekuly@kcell.kz', 'kcellUsers');
INSERT INTO act_id_membership (user_id_, group_id_) VALUES ('Zhassulan.Makhanbetov@kcell.kz', 'kcellUsers');
INSERT INTO act_id_membership (user_id_, group_id_) VALUES ('Nurzhan.Zhangaliyev@kcell.kz', 'kcellUsers');
INSERT INTO act_id_membership (user_id_, group_id_) VALUES ('Yerlan.Begimbayev@kcell.kz', 'kcellUsers');
INSERT INTO act_id_membership (user_id_, group_id_) VALUES ('Aikyn.Bayanbayev@kcell.kz', 'kcellUsers');
INSERT INTO act_id_membership (user_id_, group_id_) VALUES ('Andrey.Cheslavskiy@kcell.kz', 'kcellUsers');
INSERT INTO act_id_membership (user_id_, group_id_) VALUES ('Maksat.Nauryzbay@kcell.kz', 'kcellUsers');
INSERT INTO act_id_membership (user_id_, group_id_) VALUES ('Ramil.Albakov@kcell.kz', 'kcellUsers');
INSERT INTO act_id_membership (user_id_, group_id_) VALUES ('Tatyana.Tsoy@kcell.kz', 'kcellUsers');


INSERT INTO act_id_membership (user_id_, group_id_) VALUES ('ASim@beeline.kz', 'sharing_beeline_users_group');
--INSERT INTO act_id_membership (user_id_, group_id_) VALUES ('Saken.Dochshanov@kcell.kz', 'kcellUsers');
--INSERT INTO act_id_membership (user_id_, group_id_) VALUES ('Saken.Dochshanov@kcell.kz', 'kcellUsers');
--INSERT INTO act_id_membership (user_id_, group_id_) VALUES ('Saken.Dochshanov@kcell.kz', 'kcellUsers');


INSERT INTO act_id_membership (user_id_, group_id_) VALUES ('Sara.Turabayeva@kcell.kz', 'Kcell_central_leasing_group');
INSERT INTO act_id_membership (user_id_, group_id_) VALUES ('Ikhtiyar.Ibrayev@kcell.kz', 'Kcell_central_leasing_group');
INSERT INTO act_id_membership (user_id_, group_id_) VALUES ('Bella.Mamatova@kcell.kz', 'Kcell_central_leasing_group');

INSERT INTO act_id_membership (user_id_, group_id_) VALUES ('Adilet.Baishalov@kcell.kz', 'Almaty_Kcell_regional_leasing_group');
INSERT INTO act_id_membership (user_id_, group_id_) VALUES ('Samat.Akhmetov@kcell.kz', 'Almaty_Kcell_regional_leasing_group');
INSERT INTO act_id_membership (user_id_, group_id_) VALUES ('Askar.Pernebekov@kcell.kz', 'West_Kcell_regional_leasing_group');
INSERT INTO act_id_membership (user_id_, group_id_) VALUES ('Zhandos.Usenov@kcell.kz', 'South_Kcell_regional_leasing_group');
INSERT INTO act_id_membership (user_id_, group_id_) VALUES ('Rustem.Kenzherakhmanov@kcell.kz', 'East_Kcell_regional_leasing_group');
INSERT INTO act_id_membership (user_id_, group_id_) VALUES ('Kuralai.Tubekbayeva@kcell.kz', 'Astana_Kcell_regional_leasing_group');
INSERT INTO act_id_membership (user_id_, group_id_) VALUES ('Aida.Ildebaeva@kcell.kz', 'North_Kcell_regional_leasing_group');
INSERT INTO act_id_membership (user_id_, group_id_) VALUES ('Azamat.Mukhametalin@kcell.kz', 'North_Kcell_regional_leasing_group');

INSERT INTO act_id_membership (user_id_, group_id_) VALUES ('Zhassulan.Lukpanov@kcell.kz', 'South_Kcell_regional_power_group');
INSERT INTO act_id_membership (user_id_, group_id_) VALUES ('Daulet.Ziyashov@kcell.kz', 'South_Kcell_regional_power_group');
INSERT INTO act_id_membership (user_id_, group_id_) VALUES ('Olzhas.Sardarov@kcell.kz', 'South_Kcell_regional_power_group');
INSERT INTO act_id_membership (user_id_, group_id_) VALUES ('Stanislav.Fodchuk@kcell.kz', 'South_Kcell_regional_power_group');
INSERT INTO act_id_membership (user_id_, group_id_) VALUES ('Nurbek.Rysbekov@kcell.kz', 'South_Kcell_regional_power_group');
INSERT INTO act_id_membership (user_id_, group_id_) VALUES ('Kanat.Mussabekov@kcell.kz', 'East_Kcell_regional_power_group');
INSERT INTO act_id_membership (user_id_, group_id_) VALUES ('Timur.Akylkhanov@kcell.kz', 'East_Kcell_regional_power_group');
INSERT INTO act_id_membership (user_id_, group_id_) VALUES ('Marat.Bakezhanov@kcell.kz', 'East_Kcell_regional_power_group');
INSERT INTO act_id_membership (user_id_, group_id_) VALUES ('Baurzhan.Khamzin@kcell.kz', 'East_Kcell_regional_power_group');
	

INSERT INTO act_id_membership (user_id_, group_id_) VALUES ('Bulat.Smagulov@kcell.kz', 'Astana_Kcell_regional_power_group');
INSERT INTO act_id_membership (user_id_, group_id_) VALUES ('Memleket.Toleuuly@kcell.kz', 'Astana_Kcell_regional_power_group');
INSERT INTO act_id_membership (user_id_, group_id_) VALUES ('Alexandr.Uzhakin@kcell.kz', 'Astana_Kcell_regional_power_group');
INSERT INTO act_id_membership (user_id_, group_id_) VALUES ('Rishad.Makirov@kcell.kz', 'Astana_Kcell_regional_power_group');
INSERT INTO act_id_membership (user_id_, group_id_) VALUES ('Timur.Mukhamedyanov@kcell.kz', 'Astana_Kcell_regional_power_group');
INSERT INTO act_id_membership (user_id_, group_id_) VALUES ('Farkhat.Baterikov@kcell.kz', 'Astana_Kcell_regional_power_group');
INSERT INTO act_id_membership (user_id_, group_id_) VALUES ('Zhaxylyk.Moldakhmetov@kcell.kz', 'Astana_Kcell_regional_power_group');

INSERT INTO act_id_membership (user_id_, group_id_) VALUES ('Evgeniy.Degtyarev@kcell.kz', 'Almaty_Kcell_regional_power_group');
INSERT INTO act_id_membership (user_id_, group_id_) VALUES ('Nurlan.Shokparov@kcell.kz', 'Almaty_Kcell_regional_power_group');

INSERT INTO act_id_membership (user_id_, group_id_) VALUES ('Zhomart.Uteev@kcell.kz', 'West_Kcell_regional_power_group');
INSERT INTO act_id_membership (user_id_, group_id_) VALUES ('Islam.Kosbatyrov@kcell.kz', 'West_Kcell_regional_power_group');
INSERT INTO act_id_membership (user_id_, group_id_) VALUES ('Valikhan.Baizenov@kcell.kz', 'West_Kcell_regional_power_group');
INSERT INTO act_id_membership (user_id_, group_id_) VALUES ('Erden.Bektaubayev@kcell.kz', 'West_Kcell_regional_power_group');
INSERT INTO act_id_membership (user_id_, group_id_) VALUES ('Nurbol.Kalibekuly@kcell.kz', 'West_Kcell_regional_power_group');
INSERT INTO act_id_membership (user_id_, group_id_) VALUES ('Nurzhan.Zhangaliyev@kcell.kz', 'West_Kcell_regional_power_group');
INSERT INTO act_id_membership (user_id_, group_id_) VALUES ('Yerlan.Begimbayev@kcell.kz', 'West_Kcell_regional_power_group');
INSERT INTO act_id_membership (user_id_, group_id_) VALUES ('Zhassulan.Makhanbetov@kcell.kz', 'West_Kcell_regional_power_group');

INSERT INTO act_id_membership (user_id_, group_id_) VALUES ('Igor.Orlov@kcell.kz', 'North_Kcell_regional_power_group');

INSERT INTO act_id_membership (user_id_, group_id_) VALUES ('Maulen.Kempirbayev@kcell.kz', 'Almaty_Kcell_regional_transmission_group');
INSERT INTO act_id_membership (user_id_, group_id_) VALUES ('Asset.Rashitov@kcell.kz', 'Almaty_Kcell_regional_transmission_group');
INSERT INTO act_id_membership (user_id_, group_id_) VALUES ('Vladimir.Yefanov@kcell.kz', 'Almaty_Kcell_regional_transmission_group');
INSERT INTO act_id_membership (user_id_, group_id_) VALUES ('Viktor.Maximenko@kcell.kz', 'Astana_Kcell_regional_transmission_group');
INSERT INTO act_id_membership (user_id_, group_id_) VALUES ('Boris.Alevtsev@kcell.kz', 'Astana_Kcell_regional_transmission_group');
INSERT INTO act_id_membership (user_id_, group_id_) VALUES ('Askar.Ospanov@kcell.kz', 'West_Kcell_regional_transmission_group');
INSERT INTO act_id_membership (user_id_, group_id_) VALUES ('Yerdos.Tuleuov@kcell.kz', 'West_Kcell_regional_transmission_group');
INSERT INTO act_id_membership (user_id_, group_id_) VALUES ('Aziz.Kadyrkulov@kcell.kz', 'South_Kcell_regional_transmission_group');
INSERT INTO act_id_membership (user_id_, group_id_) VALUES ('Alexandr.Koval@kcell.kz', 'South_Kcell_regional_transmission_group');
INSERT INTO act_id_membership (user_id_, group_id_) VALUES ('Yerbol.Tyshkambayev@kcell.kz', 'East_Kcell_regional_transmission_group');
INSERT INTO act_id_membership (user_id_, group_id_) VALUES ('Yerbolat.Kairzhanov@kcell.kz', 'East_Kcell_regional_transmission_group');
INSERT INTO act_id_membership (user_id_, group_id_) VALUES ('pavel.zaitsev@kcell.kz', 'North_Kcell_regional_transmission_group');
INSERT INTO act_id_membership (user_id_, group_id_) VALUES ('Alexandr.Galat@kcell.kz', 'North_Kcell_regional_transmission_group');

INSERT INTO act_id_membership (user_id_, group_id_) VALUES ('Azat.Kelgenbayev@kcell.kz', 'South_Kcell_regional_planning_group');
INSERT INTO act_id_membership (user_id_, group_id_) VALUES ('Galymzhan.Kuanyshov@kcell.kz', 'South_Kcell_regional_planning_group');
INSERT INTO act_id_membership (user_id_, group_id_) VALUES ('Osman.Mamedov@kcell.kz', 'South_Kcell_regional_planning_group');
INSERT INTO act_id_membership (user_id_, group_id_) VALUES ('Stanislav.Fodchuk@kcell.kz', 'South_Kcell_regional_planning_group');
INSERT INTO act_id_membership (user_id_, group_id_) VALUES ('Vyacheslav.Khatyushin@kcell.kz', 'South_Kcell_regional_planning_group');
INSERT INTO act_id_membership (user_id_, group_id_) VALUES ('Yerbol.Tasenov@kcell.kz', 'South_Kcell_regional_planning_group');
INSERT INTO act_id_membership (user_id_, group_id_) VALUES ('Zaurbek.Bastarbekov@kcell.kz', 'South_Kcell_regional_planning_group');
INSERT INTO act_id_membership (user_id_, group_id_) VALUES ('Zhassulan.Lukpanov@kcell.kz', 'South_Kcell_regional_planning_group');

INSERT INTO act_id_membership (user_id_, group_id_) VALUES ('Alexey.Kolyagin@kcell.kz', 'Almaty_Kcell_regional_planning_group');
INSERT INTO act_id_membership (user_id_, group_id_) VALUES ('Anastassiya.Shenojak@kcell.kz', 'Almaty_Kcell_regional_planning_group');
INSERT INTO act_id_membership (user_id_, group_id_) VALUES ('Artyom.Myakishev@kcell.kz', 'Almaty_Kcell_regional_planning_group');
INSERT INTO act_id_membership (user_id_, group_id_) VALUES ('Dmitriy.Saidashev@kcell.kz', 'Almaty_Kcell_regional_planning_group');
INSERT INTO act_id_membership (user_id_, group_id_) VALUES ('Kanat.Kulmukhambetov@kcell.kz', 'Almaty_Kcell_regional_planning_group');
INSERT INTO act_id_membership (user_id_, group_id_) VALUES ('Nurzhan.Kochshigulov@kcell.kz', 'Almaty_Kcell_regional_planning_group');
INSERT INTO act_id_membership (user_id_, group_id_) VALUES ('Sergey.Michshenko@kcell.kz', 'Almaty_Kcell_regional_planning_group');

INSERT INTO act_id_membership (user_id_, group_id_) VALUES ('Marta.Gabdrakhmanova@kcell.kz', 'West_Kcell_regional_planning_group');
INSERT INTO act_id_membership (user_id_, group_id_) VALUES ('Maxet.Akzhigitov@kcell.kz', 'West_Kcell_regional_planning_group');
INSERT INTO act_id_membership (user_id_, group_id_) VALUES ('Nurbol.Kalibekuly@kcell.kz', 'West_Kcell_regional_planning_group');
INSERT INTO act_id_membership (user_id_, group_id_) VALUES ('Zhassulan.Makhanbetov@kcell.kz', 'West_Kcell_regional_planning_group');
INSERT INTO act_id_membership (user_id_, group_id_) VALUES ('Nurzhan.Zhangaliyev@kcell.kz', 'West_Kcell_regional_planning_group');
INSERT INTO act_id_membership (user_id_, group_id_) VALUES ('Yerlan.Begimbayev@kcell.kz', 'West_Kcell_regional_planning_group');

INSERT INTO act_id_membership (user_id_, group_id_) VALUES ('Aikyn.Bayanbayev@kcell.kz', 'East_Kcell_regional_planning_group');
INSERT INTO act_id_membership (user_id_, group_id_) VALUES ('Andrey.Cheslavskiy@kcell.kz', 'East_Kcell_regional_planning_group');
INSERT INTO act_id_membership (user_id_, group_id_) VALUES ('Kanat.Mussabekov@kcell.kz', 'East_Kcell_regional_planning_group');
INSERT INTO act_id_membership (user_id_, group_id_) VALUES ('Maksat.Nauryzbay@kcell.kz', 'East_Kcell_regional_planning_group');
INSERT INTO act_id_membership (user_id_, group_id_) VALUES ('Ramil.Albakov@kcell.kz', 'East_Kcell_regional_planning_group');
INSERT INTO act_id_membership (user_id_, group_id_) VALUES ('Tatyana.Tsoy@kcell.kz', 'East_Kcell_regional_planning_group');
INSERT INTO act_id_membership (user_id_, group_id_) VALUES ('Timur.Akylkhanov@kcell.kz', 'East_Kcell_regional_planning_group');

INSERT INTO act_id_membership (user_id_, group_id_) VALUES ('Farkhat.Baterikov@kcell.kz', 'Astana_Kcell_regional_planning_group');
INSERT INTO act_id_membership (user_id_, group_id_) VALUES ('Oleg.Babkin@kcell.kz', 'Astana_Kcell_regional_planning_group');
INSERT INTO act_id_membership (user_id_, group_id_) VALUES ('Timur.Mukhamedyanov@kcell.kz', 'Astana_Kcell_regional_planning_group');
INSERT INTO act_id_membership (user_id_, group_id_) VALUES ('Zhaxylyk.Moldakhmetov@kcell.kz', 'Astana_Kcell_regional_planning_group');

INSERT INTO act_id_membership (user_id_, group_id_) VALUES ('Altynay.Ashken@kcell.kz', 'North_Kcell_regional_planning_group');
INSERT INTO act_id_membership (user_id_, group_id_) VALUES ('Dastan.Kazhibayev@kcell.kz', 'North_Kcell_regional_planning_group');
INSERT INTO act_id_membership (user_id_, group_id_) VALUES ('Stanislav.Khvan@kcell.kz', 'North_Kcell_regional_planning_group');
INSERT INTO act_id_membership (user_id_, group_id_) VALUES ('Kenzhekhan.Mussayev@kcell.kz', 'North_Kcell_regional_planning_group');


INSERT INTO act_id_membership (user_id_, group_id_) VALUES ('IYevtushenko@beeline.kz', 'sharing_planning_group');
INSERT INTO act_id_membership (user_id_, group_id_) VALUES ('SKachaev@beeline.kz', 'sharing_installation_group');
INSERT INTO act_id_membership (user_id_, group_id_) VALUES ('YKhakimzhanov@beeline.kz', 'sharing_installation_group');
INSERT INTO act_id_membership (user_id_, group_id_) VALUES ('MZaitov@beeline.kz', 'sharing_operation_management_center_group');
-- INSERT INTO act_id_membership (user_id_, group_id_) VALUES ('Yuliya.Prikhodko@kcell.kz', 'sharing_kcell_users_group');
-- INSERT INTO act_id_membership (user_id_, group_id_) VALUES ('Daniyar.Yespayev@kcell.kz', 'sharing_kcell_users_group');
-- INSERT INTO act_id_membership (user_id_, group_id_) VALUES ('Yaroslav.Arabok@kcell.kz', 'sharing_kcell_users_group');
-- INSERT INTO act_id_membership (user_id_, group_id_) VALUES ('Marina.Paramonova@kcell.kz', 'sharing_kcell_users_group');
-- INSERT INTO act_id_membership (user_id_, group_id_) VALUES ('Kirill.Strashenko@kcell.kz', 'sharing_kcell_users_group');
INSERT INTO act_id_membership (user_id_, group_id_) VALUES ('VProkhodov@beeline.kz', 'sharing_regional_tech_director');
INSERT INTO act_id_membership (user_id_, group_id_) VALUES ('SAmanbekova@beeline.kz', 'sharing_rcmu_group');
-- INSERT INTO act_id_membership (user_id_, group_id_) VALUES ('Yuliya.Prikhodko@kcell.kz', 'kcellUsers');
--INSERT INTO act_id_membership (user_id_, group_id_) VALUES ('Daniyar.Yespayev@kcell.kz', 'kcellUsers');
-- INSERT INTO act_id_membership (user_id_, group_id_) VALUES ('Yaroslav.Arabok@kcell.kz', 'kcellUsers');
--INSERT INTO act_id_membership (user_id_, group_id_) VALUES ('Marina.Paramonova@kcell.kz', 'kcellUsers');
--INSERT INTO act_id_membership (user_id_, group_id_) VALUES ('Kirill.Strashenko@kcell.kz', 'kcellUsers');

--FILTERS
INSERT INTO act_ru_filter (id_, rev_, resource_type_, name_, owner_, query_, properties_) VALUES ('00e642ad-4f69-11e7-a8c6-0242ac120008', 1, 'Task', 'My Claimed Tasks', 'sharing_beeline_users_group', '{"taskAssigneeExpression":"${ currentUser() }"}', '{"variables":[{"name":"jrNumber","label":"JR Number"}],"description":"My Claimed Tasks","priority":-10}');
INSERT INTO act_ru_filter (id_, rev_, resource_type_, name_, owner_, query_, properties_) VALUES ('00e83e80-4f69-11e7-a8c6-0242ac120008', 1, 'Task', 'My Unclaimed Tasks', 'sharing_beeline_users_group', '{"taskCandidateUserExpression":"${currentUser()}"}', '{"variables":[{"name":"jrNumber","label":"JR Number"}],"description":"My Unclaimed Tasks","priority":-10}');
INSERT INTO act_ru_filter (id_, rev_, resource_type_, name_, owner_, query_, properties_) VALUES ('00e99e13-4f69-11e7-a8c6-0242ac120008', 1, 'Task', 'My Group Tasks', 'sharing_beeline_users_group', '{"taskCandidateGroupInExpression":"${ currentUserGroups() }"}', '{"variables":[{"name":"jrNumber","label":"JR Number"}],"description":"My Group Tasks","priority":-10}');

--AUTHORIZATIONS
--FILTER AUTHORIZATION
INSERT INTO act_ru_authorization (id_, rev_, type_, group_id_, user_id_, resource_type_, resource_id_, perms_) VALUES ('00e7a23f-4f69-11e7-a8c6-0242ac120008', 1, 1, 'sharing_beeline_users_group', NULL, 5, '00e642ad-4f69-11e7-a8c6-0242ac120007', 2);
INSERT INTO act_ru_authorization (id_, rev_, type_, group_id_, user_id_, resource_type_, resource_id_, perms_) VALUES ('00e928e2-4f69-11e7-a8c6-0242ac120008', 1, 1, 'sharing_beeline_users_group', NULL, 5, '00e83e80-4f69-11e7-a8c6-0242ac120007', 2);
INSERT INTO act_ru_authorization (id_, rev_, type_, group_id_, user_id_, resource_type_, resource_id_, perms_) VALUES ('00ea3a55-4f69-11e7-a8c6-0242ac120008', 1, 1, 'sharing_beeline_users_group', NULL, 5, '00e99e13-4f69-11e7-a8c6-0242ac120007', 2);

--CAMUNDA-ADMIN AUTHORIZATION
INSERT INTO act_ru_authorization (id_, rev_, type_, group_id_, user_id_, resource_type_, resource_id_, perms_) VALUES ('ffb319d0-4f68-11e7-a8c6-0242ac120008', 1, 1, 'sharing_planning_group', NULL, 2, '*', 2);

--BeelineHostBeelineSite PROCESS AUTOHIRZATION
INSERT INTO act_ru_authorization (id_, rev_, type_, group_id_, user_id_, resource_type_, resource_id_, perms_) VALUES ('008bc61f-4f69-11e7-a8c6-0242ac120097', 1, 1, 'sharing_rcmu_group', NULL, 6, 'SiteSharingTopProcess', 2147483647);
INSERT INTO act_ru_authorization (id_, rev_, type_, group_id_, user_id_, resource_type_, resource_id_, perms_) VALUES ('ab656542-501a-11e7-a8c4-0242ac120026', 1, 1, 'sharing_beeline_users_group', NULL, 6, 'SiteSharingTopProcess', 4674);
INSERT INTO act_ru_authorization (id_, rev_, type_, group_id_, user_id_, resource_type_, resource_id_, perms_) VALUES ('008bc61f-4f69-11e7-a8c6-0242ac120077', 1, 1, 'sharing_planning_group', NULL, 6, 'SiteSharingTopProcess', 2147483647);
INSERT INTO act_ru_authorization (id_, rev_, type_, group_id_, user_id_, resource_type_, resource_id_, perms_) VALUES ('008bc61f-4f69-11e7-a8c6-0242ac120087', 1, 1, 'sharing_planning_group', NULL, 6, 'BeelineHostBeelineSite', 2147483647);
INSERT INTO act_ru_authorization (id_, rev_, type_, group_id_, user_id_, resource_type_, resource_id_, perms_) VALUES ('008bc61f-4f69-11e7-a8c6-0242ac120088', 1, 1, 'sharing_beeline_users_group', NULL, 6, 'BeelineHostBeelineSite', 2147483647);
INSERT INTO act_ru_authorization (id_, rev_, type_, group_id_, user_id_, resource_type_, resource_id_, perms_) VALUES ('008bc61f-4f69-11e7-a8c6-0242ac120083', 1, 1, 'sharing_kcell_users_group', NULL, 6, 'BeelineHostBeelineSite', 2147483647);
INSERT INTO act_ru_authorization (id_, rev_, type_, group_id_, user_id_, resource_type_, resource_id_, perms_) VALUES ('008bc61f-4f69-11e7-a8c6-0242ac120297', 1, 1, 'sharing_planning_group', NULL, 6, 'ReplanSharedSiteAddressPlan', 2147483647);
INSERT INTO act_ru_authorization (id_, rev_, type_, group_id_, user_id_, resource_type_, resource_id_, perms_) VALUES ('008bc61f-4f69-11e7-a8c6-0242ac121188', 1, 1, 'sharing_beeline_users_group', NULL, 6, 'BeelineHostKcellSite', 2147483647);
INSERT INTO act_ru_authorization (id_, rev_, type_, group_id_, user_id_, resource_type_, resource_id_, perms_) VALUES ('008bc61f-4f69-11e7-a8c6-0242ac121183', 1, 1, 'sharing_kcell_users_group', NULL, 6, 'BeelineHostKcellSite', 2147483647);
INSERT INTO act_ru_authorization (id_, rev_, type_, group_id_, user_id_, resource_type_, resource_id_, perms_) VALUES ('008bc61f-4f69-11e7-a8c6-0242ac120089', 1, 1, 'sharing_beeline_users_group', NULL, 6, 'ReplanSharedSiteAddressPlan', 4674);

--PROCESS INSTANCE AUTHORIZATION
INSERT INTO act_ru_authorization (id_, rev_, type_, group_id_, user_id_, resource_type_, resource_id_, perms_) VALUES ('008d9ae1-4f69-11e7-a8c6-0242ac120008', 1, 1, 'sharing_beeline_users_group', NULL, 8, '*', 2147483647);

--APPLICATION AUTHORIZATION
INSERT INTO act_ru_authorization (id_, rev_, type_, group_id_, user_id_, resource_type_, resource_id_, perms_) VALUES ('008a3f7e-4f69-11e7-a8c6-0242ac120008', 1, 1, 'sharing_beeline_users_group', NULL, 0, 'tasklist', 32);

--USER AUTHORIZATION
INSERT INTO act_ru_authorization (id_, rev_, type_, group_id_, user_id_, resource_type_, resource_id_, perms_) VALUES ('06e2fd21-6569-11e7-b615-0242ac150208', 1, 1, 'sharing_beeline_users_group', NULL, 1, '*', 2);
