
--ALTER USER camunda WITH ENCRYPTED PASSWORD 'camunda';
CREATE EXTENSION IF NOT EXISTS "uuid-ossp";
CREATE EXTENSION IF NOT EXISTS citext WITH SCHEMA public;
ALTER TABLE public.act_id_user ALTER COLUMN first_ TYPE citext;
ALTER TABLE public.act_id_user ALTER COLUMN last_ TYPE citext;

--USERS
INSERT INTO act_id_user (id_, rev_, first_, last_, email_, pwd_, picture_id_) VALUES ('natalya.spirikova@sms-consult.kz', 1, 'natalya', 'spirikova', 'natalya.spirikova@sms-consult.kz', '{SHA}ieSV55Qc+eQOaYDRSha/AjzNTJE=', NULL);
INSERT INTO act_id_user (id_, rev_, first_, last_, email_, pwd_, picture_id_) VALUES ('e.lopatin@sms-consult.kz', 1, 'e', 'lopatin', 'e.lopatin@sms-consult.kz', '{SHA}ieSV55Qc+eQOaYDRSha/AjzNTJE=', NULL);
INSERT INTO act_id_user (id_, rev_, first_, last_, email_, pwd_, picture_id_) VALUES ('zaituna@mobcontent.kz', 1, 'zaituna', 'mobcontent', 'zaituna@mobcontent.kz', '{SHA}ieSV55Qc+eQOaYDRSha/AjzNTJE=', NULL);
INSERT INTO act_id_user (id_, rev_, first_, last_, email_, pwd_, picture_id_) VALUES ('svetlana@kazinfoteh.kz', 1, 'svetlana', 'kazinfoteh', 'svetlana@kazinfoteh.kz', '{SHA}ieSV55Qc+eQOaYDRSha/AjzNTJE=', NULL);
INSERT INTO act_id_user (id_, rev_, first_, last_, email_, pwd_, picture_id_) VALUES ('Sagida.Adiyeva@kcell.kz', 1, 'Sagida', 'Adiyeva', 'Sagida.Adiyeva@kcell.kz', '{SHA}ieSV55Qc+eQOaYDRSha/AjzNTJE=', NULL);
-- INSERT INTO act_id_user (id_, rev_, first_, last_, email_, pwd_, picture_id_) VALUES ('Nazym.Muralimova@kcell.kz', 1, 'Nazym', 'Muralimova', 'Nazym.Muralimova@kcell.kz', '{SHA}ieSV55Qc+eQOaYDRSha/AjzNTJE=', NULL);
INSERT INTO act_id_user (id_, rev_, first_, last_, email_, pwd_, picture_id_) VALUES ('Vadim.Li@kcell.kz', 1, 'Vadim', 'Li', 'Vadim.Li@kcell.kz', '{SHA}ieSV55Qc+eQOaYDRSha/AjzNTJE=', NULL);
INSERT INTO act_id_user (id_, rev_, first_, last_, email_, pwd_, picture_id_) VALUES ('Andrey.Kravchenko@kcell.kz', 1, 'Andrey', 'Kravchenko', 'Andrey.Kravchenko@kcell.kz', '{SHA}ieSV55Qc+eQOaYDRSha/AjzNTJE=', NULL);
INSERT INTO act_id_user (id_, rev_, first_, last_, email_, pwd_, picture_id_) VALUES ('Vassiliy.Perekrestov@kcell.kz', 1, 'Vassiliy', 'Perekrestov', 'Vassiliy.Perekrestov@kcell.kz', '{SHA}ieSV55Qc+eQOaYDRSha/AjzNTJE=', NULL);
INSERT INTO act_id_user (id_, rev_, first_, last_, email_, pwd_, picture_id_) VALUES ('Tatyana.Agapova@kcell.kz', 1, 'Tatyana', 'Agapova', 'Tatyana.Agapova@kcell.kz', '{SHA}ieSV55Qc+eQOaYDRSha/AjzNTJE=', NULL);
INSERT INTO act_id_user (id_, rev_, first_, last_, email_, pwd_, picture_id_) VALUES ('Kirill.Klimov@kcell.kz', 1, 'Kirill', 'Klimov', 'Kirill.Klimov@kcell.kz', '{SHA}ieSV55Qc+eQOaYDRSha/AjzNTJE=', NULL);
INSERT INTO act_id_user (id_, rev_, first_, last_, email_, pwd_, picture_id_) VALUES ('Batima.Aimagambetova@kcell.kz', 1, 'Batima', 'Aimagambetova', 'Batima.Aimagambetova@kcell.kz', '{SHA}ieSV55Qc+eQOaYDRSha/AjzNTJE=', NULL);
INSERT INTO act_id_user (id_, rev_, first_, last_, email_, pwd_, picture_id_) VALUES ('Nikolai.Naumov@kcell.kz', 1, 'Nikolai', 'Naumov', 'Nikolai.Naumov@kcell.kz', '{SHA}ieSV55Qc+eQOaYDRSha/AjzNTJE=', NULL);
INSERT INTO act_id_user (id_, rev_, first_, last_, email_, pwd_, picture_id_) VALUES ('Roman.Shakhmatov@kcell.kz', 1, 'Roman', 'Shakhmatov', 'Roman.Shakhmatov@kcell.kz', '{SHA}ieSV55Qc+eQOaYDRSha/AjzNTJE=', NULL);
INSERT INTO act_id_user (id_, rev_, first_, last_, email_, pwd_, picture_id_) VALUES ('Evgeniy.Grebnev@kcell.kz', 1, 'Evgeniy', 'Grebnev', 'Evgeniy.Grebnev@kcell.kz', '{SHA}ieSV55Qc+eQOaYDRSha/AjzNTJE=', NULL);
INSERT INTO act_id_user (id_, rev_, first_, last_, email_, pwd_, picture_id_) VALUES ('Rafael.Alimbetov@kcell.kz', 1, 'Rafael', 'Alimbetov', 'Rafael.Alimbetov@kcell.kz', '{SHA}ieSV55Qc+eQOaYDRSha/AjzNTJE=', NULL);
INSERT INTO act_id_user (id_, rev_, first_, last_, email_, pwd_, picture_id_) VALUES ('Ilya.Gorpinich@kcell.kz', 1, 'Ilya', 'Gorpinich', 'Ilya.Gorpinich@kcell.kz', '{SHA}ieSV55Qc+eQOaYDRSha/AjzNTJE=', NULL);
INSERT INTO act_id_user (id_, rev_, first_, last_, email_, pwd_, picture_id_) VALUES ('Stanislav.Li@kcell.kz', 1, 'Stanislav', 'Li', 'Stanislav.Li@kcell.kz', '{SHA}ieSV55Qc+eQOaYDRSha/AjzNTJE=', NULL);

--GROUPS
INSERT INTO act_id_group (id_, rev_, name_, type_) VALUES ('provider_users', 1, 'provider_users', 'WORKFLOW');
INSERT INTO act_id_group (id_, rev_, name_, type_) VALUES ('delivery_freephone_users', 1, 'delivery_freephone_users', 'WORKFLOW');
INSERT INTO act_id_group (id_, rev_, name_, type_) VALUES ('delivery_provider_sms_consult', 1, 'delivery_provider_sms_consult', 'WORKFLOW');
INSERT INTO act_id_group (id_, rev_, name_, type_) VALUES ('delivery_provider_mms', 1, 'delivery_provider_mms', 'WORKFLOW');
INSERT INTO act_id_group (id_, rev_, name_, type_) VALUES ('delivery_provider_kit', 1, 'delivery_provider_kit', 'WORKFLOW');
INSERT INTO act_id_group (id_, rev_, name_, type_) VALUES ('delivery_sms_ivr_b2b_delivery', 1, 'delivery_sms_ivr_b2b_delivery', 'WORKFLOW');
INSERT INTO act_id_group (id_, rev_, name_, type_) VALUES ('delivery_enterprise_data_network', 1, 'delivery_enterprise_data_network', 'WORKFLOW');
INSERT INTO act_id_group (id_, rev_, name_, type_) VALUES ('delivery_voice_network', 1, 'delivery_voice_network', 'WORKFLOW');
INSERT INTO act_id_group (id_, rev_, name_, type_) VALUES ('delivery_transmission_network_operations', 1, 'delivery_transmission_network_operations', 'WORKFLOW');
INSERT INTO act_id_group (id_, rev_, name_, type_) VALUES ('delivery_transmission_group', 1, 'delivery_transmission_group', 'WORKFLOW');
INSERT INTO act_id_group (id_, rev_, name_, type_) VALUES ('delivery_it_delivery', 1, 'delivery_it_delivery', 'WORKFLOW');

--MEMBERSHIPS
INSERT INTO act_id_membership (user_id_, group_id_) VALUES ('natalya.spirikova@sms-consult.kz', 'provider_users');
INSERT INTO act_id_membership (user_id_, group_id_) VALUES ('e.lopatin@sms-consult.kz', 'provider_users');
INSERT INTO act_id_membership (user_id_, group_id_) VALUES ('zaituna@mobcontent.kz', 'provider_users');
INSERT INTO act_id_membership (user_id_, group_id_) VALUES ('svetlana@kazinfoteh.kz', 'provider_users');
INSERT INTO act_id_membership (user_id_, group_id_) VALUES ('Sagida.Adiyeva@kcell.kz', 'kcellUsers');
INSERT INTO act_id_membership (user_id_, group_id_) VALUES ('Nazym.Muralimova@kcell.kz', 'kcellUsers');
INSERT INTO act_id_membership (user_id_, group_id_) VALUES ('Vadim.Li@kcell.kz', 'kcellUsers');
INSERT INTO act_id_membership (user_id_, group_id_) VALUES ('Andrey.Kravchenko@kcell.kz', 'kcellUsers');
INSERT INTO act_id_membership (user_id_, group_id_) VALUES ('Vassiliy.Perekrestov@kcell.kz', 'kcellUsers');
INSERT INTO act_id_membership (user_id_, group_id_) VALUES ('Tatyana.Agapova@kcell.kz', 'kcellUsers');
INSERT INTO act_id_membership (user_id_, group_id_) VALUES ('Kirill.Klimov@kcell.kz', 'kcellUsers');
INSERT INTO act_id_membership (user_id_, group_id_) VALUES ('Batima.Aimagambetova@kcell.kz', 'kcellUsers');
INSERT INTO act_id_membership (user_id_, group_id_) VALUES ('Nikolai.Naumov@kcell.kz', 'kcellUsers');
INSERT INTO act_id_membership (user_id_, group_id_) VALUES ('Roman.Shakhmatov@kcell.kz', 'kcellUsers');
INSERT INTO act_id_membership (user_id_, group_id_) VALUES ('Evgeniy.Grebnev@kcell.kz', 'kcellUsers');
INSERT INTO act_id_membership (user_id_, group_id_) VALUES ('Rafael.Alimbetov@kcell.kz', 'kcellUsers');
INSERT INTO act_id_membership (user_id_, group_id_) VALUES ('Ilya.Gorpinich@kcell.kz', 'kcellUsers');
INSERT INTO act_id_membership (user_id_, group_id_) VALUES ('Stanislav.Li@kcell.kz', 'kcellUsers');
INSERT INTO act_id_membership (user_id_, group_id_) VALUES ('natalya.spirikova@sms-consult.kz', 'delivery_freephone_users');
INSERT INTO act_id_membership (user_id_, group_id_) VALUES ('e.lopatin@sms-consult.kz', 'delivery_freephone_users');
INSERT INTO act_id_membership (user_id_, group_id_) VALUES ('zaituna@mobcontent.kz', 'delivery_freephone_users');
INSERT INTO act_id_membership (user_id_, group_id_) VALUES ('svetlana@kazinfoteh.kz', 'delivery_freephone_users');
INSERT INTO act_id_membership (user_id_, group_id_) VALUES ('Sagida.Adiyeva@kcell.kz', 'delivery_freephone_users');
INSERT INTO act_id_membership (user_id_, group_id_) VALUES ('Nazym.Muralimova@kcell.kz', 'delivery_freephone_users');
INSERT INTO act_id_membership (user_id_, group_id_) VALUES ('Vadim.Li@kcell.kz', 'delivery_freephone_users');
INSERT INTO act_id_membership (user_id_, group_id_) VALUES ('Andrey.Kravchenko@kcell.kz', 'delivery_freephone_users');
INSERT INTO act_id_membership (user_id_, group_id_) VALUES ('Vassiliy.Perekrestov@kcell.kz', 'delivery_freephone_users');
INSERT INTO act_id_membership (user_id_, group_id_) VALUES ('Tatyana.Agapova@kcell.kz', 'delivery_freephone_users');
INSERT INTO act_id_membership (user_id_, group_id_) VALUES ('Kirill.Klimov@kcell.kz', 'delivery_freephone_users');
INSERT INTO act_id_membership (user_id_, group_id_) VALUES ('Batima.Aimagambetova@kcell.kz', 'delivery_freephone_users');
INSERT INTO act_id_membership (user_id_, group_id_) VALUES ('Nikolai.Naumov@kcell.kz', 'delivery_freephone_users');
INSERT INTO act_id_membership (user_id_, group_id_) VALUES ('Roman.Shakhmatov@kcell.kz', 'delivery_freephone_users');
INSERT INTO act_id_membership (user_id_, group_id_) VALUES ('Evgeniy.Grebnev@kcell.kz', 'delivery_freephone_users');
INSERT INTO act_id_membership (user_id_, group_id_) VALUES ('Rafael.Alimbetov@kcell.kz', 'delivery_freephone_users');
INSERT INTO act_id_membership (user_id_, group_id_) VALUES ('Ilya.Gorpinich@kcell.kz', 'delivery_freephone_users');
INSERT INTO act_id_membership (user_id_, group_id_) VALUES ('Stanislav.Li@kcell.kz', 'delivery_freephone_users');

INSERT INTO act_id_membership (user_id_, group_id_) VALUES ('natalya.spirikova@sms-consult.kz', 'delivery_provider_sms_consult');
INSERT INTO act_id_membership (user_id_, group_id_) VALUES ('e.lopatin@sms-consult.kz', 'delivery_provider_sms_consult');

INSERT INTO act_id_membership (user_id_, group_id_) VALUES ('zaituna@mobcontent.kz', 'delivery_provider_mms');
INSERT INTO act_id_membership (user_id_, group_id_) VALUES ('svetlana@kazinfoteh.kz', 'delivery_provider_kit');
INSERT INTO act_id_membership (user_id_, group_id_) VALUES ('Sagida.Adiyeva@kcell.kz', 'delivery_sms_ivr_b2b_delivery');
INSERT INTO act_id_membership (user_id_, group_id_) VALUES ('Nazym.Muralimova@kcell.kz', 'delivery_sms_ivr_b2b_delivery');
INSERT INTO act_id_membership (user_id_, group_id_) VALUES ('Vadim.Li@kcell.kz', 'delivery_enterprise_data_network');
INSERT INTO act_id_membership (user_id_, group_id_) VALUES ('Andrey.Kravchenko@kcell.kz', 'delivery_enterprise_data_network');
INSERT INTO act_id_membership (user_id_, group_id_) VALUES ('Vassiliy.Perekrestov@kcell.kz', 'delivery_enterprise_data_network');
INSERT INTO act_id_membership (user_id_, group_id_) VALUES ('Tatyana.Agapova@kcell.kz', 'delivery_voice_network');
INSERT INTO act_id_membership (user_id_, group_id_) VALUES ('Kirill.Klimov@kcell.kz', 'delivery_voice_network');
INSERT INTO act_id_membership (user_id_, group_id_) VALUES ('Batima.Aimagambetova@kcell.kz', 'delivery_voice_network');
INSERT INTO act_id_membership (user_id_, group_id_) VALUES ('Nikolai.Naumov@kcell.kz', 'delivery_voice_network');
INSERT INTO act_id_membership (user_id_, group_id_) VALUES ('Roman.Shakhmatov@kcell.kz', 'delivery_transmission_network_operations');
INSERT INTO act_id_membership (user_id_, group_id_) VALUES ('Evgeniy.Grebnev@kcell.kz', 'delivery_transmission_network_operations');
INSERT INTO act_id_membership (user_id_, group_id_) VALUES ('Rafael.Alimbetov@kcell.kz', 'delivery_transmission_group');
INSERT INTO act_id_membership (user_id_, group_id_) VALUES ('Ilya.Gorpinich@kcell.kz', 'delivery_transmission_group');
INSERT INTO act_id_membership (user_id_, group_id_) VALUES ('Stanislav.Li@kcell.kz', 'delivery_it_delivery');

--auth
INSERT INTO public.act_ru_authorization (id_, rev_, type_, group_id_, user_id_, resource_type_, resource_id_, perms_) VALUES (uuid_generate_v4(), 1, 1, null, 'natalya.spirikova@sms-consult.kz', 1, 'natalya.spirikova@sms-consult.kz', 2147483647);
INSERT INTO public.act_ru_authorization (id_, rev_, type_, group_id_, user_id_, resource_type_, resource_id_, perms_) VALUES (uuid_generate_v4(), 1, 1, null, 'e.lopatin@sms-consult.kz', 1, 'e.lopatin@sms-consult.kz', 2147483647);
INSERT INTO public.act_ru_authorization (id_, rev_, type_, group_id_, user_id_, resource_type_, resource_id_, perms_) VALUES (uuid_generate_v4(), 1, 1, null, 'zaituna@mobcontent.kz', 1, 'zaituna@mobcontent.kz', 2147483647);
INSERT INTO public.act_ru_authorization (id_, rev_, type_, group_id_, user_id_, resource_type_, resource_id_, perms_) VALUES (uuid_generate_v4(), 1, 1, null, 'svetlana@kazinfoteh.kz', 1, 'svetlana@kazinfoteh.kz', 2147483647);
INSERT INTO public.act_ru_authorization (id_, rev_, type_, group_id_, user_id_, resource_type_, resource_id_, perms_) VALUES (uuid_generate_v4(), 1, 1, null, 'Sagida.Adiyeva@kcell.kz', 1, 'Sagida.Adiyeva@kcell.kz', 2147483647);
INSERT INTO public.act_ru_authorization (id_, rev_, type_, group_id_, user_id_, resource_type_, resource_id_, perms_) VALUES (uuid_generate_v4(), 1, 1, null, 'Nazym.Muralimova@kcell.kz', 1, 'Nazym.Muralimova@kcell.kz', 2147483647);
INSERT INTO public.act_ru_authorization (id_, rev_, type_, group_id_, user_id_, resource_type_, resource_id_, perms_) VALUES (uuid_generate_v4(), 1, 1, null, 'Vadim.Li@kcell.kz', 1, 'Vadim.Li@kcell.kz', 2147483647);
INSERT INTO public.act_ru_authorization (id_, rev_, type_, group_id_, user_id_, resource_type_, resource_id_, perms_) VALUES (uuid_generate_v4(), 1, 1, null, 'Andrey.Kravchenko@kcell.kz', 1, 'Andrey.Kravchenko@kcell.kz', 2147483647);
INSERT INTO public.act_ru_authorization (id_, rev_, type_, group_id_, user_id_, resource_type_, resource_id_, perms_) VALUES (uuid_generate_v4(), 1, 1, null, 'Vassiliy.Perekrestov@kcell.kz', 1, 'Vassiliy.Perekrestov@kcell.kz', 2147483647);
INSERT INTO public.act_ru_authorization (id_, rev_, type_, group_id_, user_id_, resource_type_, resource_id_, perms_) VALUES (uuid_generate_v4(), 1, 1, null, 'Tatyana.Agapova@kcell.kz', 1, 'Tatyana.Agapova@kcell.kz', 2147483647);
INSERT INTO public.act_ru_authorization (id_, rev_, type_, group_id_, user_id_, resource_type_, resource_id_, perms_) VALUES (uuid_generate_v4(), 1, 1, null, 'Kirill.Klimov@kcell.kz', 1, 'Kirill.Klimov@kcell.kz', 2147483647);
INSERT INTO public.act_ru_authorization (id_, rev_, type_, group_id_, user_id_, resource_type_, resource_id_, perms_) VALUES (uuid_generate_v4(), 1, 1, null, 'Batima.Aimagambetova@kcell.kz', 1, 'Batima.Aimagambetova@kcell.kz', 2147483647);
INSERT INTO public.act_ru_authorization (id_, rev_, type_, group_id_, user_id_, resource_type_, resource_id_, perms_) VALUES (uuid_generate_v4(), 1, 1, null, 'Nikolai.Naumov@kcell.kz', 1, 'Nikolai.Naumov@kcell.kz', 2147483647);
INSERT INTO public.act_ru_authorization (id_, rev_, type_, group_id_, user_id_, resource_type_, resource_id_, perms_) VALUES (uuid_generate_v4(), 1, 1, null, 'Roman.Shakhmatov@kcell.kz', 1, 'Roman.Shakhmatov@kcell.kz', 2147483647);
INSERT INTO public.act_ru_authorization (id_, rev_, type_, group_id_, user_id_, resource_type_, resource_id_, perms_) VALUES (uuid_generate_v4(), 1, 1, null, 'Evgeniy.Grebnev@kcell.kz', 1, 'Evgeniy.Grebnev@kcell.kz', 2147483647);
INSERT INTO public.act_ru_authorization (id_, rev_, type_, group_id_, user_id_, resource_type_, resource_id_, perms_) VALUES (uuid_generate_v4(), 1, 1, null, 'Rafael.Alimbetov@kcell.kz', 1, 'Rafael.Alimbetov@kcell.kz', 2147483647);
INSERT INTO public.act_ru_authorization (id_, rev_, type_, group_id_, user_id_, resource_type_, resource_id_, perms_) VALUES (uuid_generate_v4(), 1, 1, null, 'Ilya.Gorpinich@kcell.kz', 1, 'Ilya.Gorpinich@kcell.kz', 2147483647);
INSERT INTO public.act_ru_authorization (id_, rev_, type_, group_id_, user_id_, resource_type_, resource_id_, perms_) VALUES (uuid_generate_v4(), 1, 1, null, 'Stanislav.Li@kcell.kz', 1, 'Stanislav.Li@kcell.kz', 2147483647);

INSERT INTO public.act_ru_authorization (id_, rev_, type_, group_id_, user_id_, resource_type_, resource_id_, perms_) VALUES (uuid_generate_v4(), 1, 1, 'kcellUsers',null, 1, 'natalya.spirikova@sms-consult.kz', 2);
INSERT INTO public.act_ru_authorization (id_, rev_, type_, group_id_, user_id_, resource_type_, resource_id_, perms_) VALUES (uuid_generate_v4(), 1, 1, 'kcellUsers',null, 1, 'e.lopatin@sms-consult.kz', 2);
INSERT INTO public.act_ru_authorization (id_, rev_, type_, group_id_, user_id_, resource_type_, resource_id_, perms_) VALUES (uuid_generate_v4(), 1, 1, 'kcellUsers',null, 1, 'zaituna@mobcontent.kz', 2);
INSERT INTO public.act_ru_authorization (id_, rev_, type_, group_id_, user_id_, resource_type_, resource_id_, perms_) VALUES (uuid_generate_v4(), 1, 1, 'kcellUsers',null, 1, 'svetlana@kazinfoteh.kz', 2);
INSERT INTO public.act_ru_authorization (id_, rev_, type_, group_id_, user_id_, resource_type_, resource_id_, perms_) VALUES (uuid_generate_v4(), 1, 1, 'kcellUsers',null, 1, 'Sagida.Adiyeva@kcell.kz', 2);
INSERT INTO public.act_ru_authorization (id_, rev_, type_, group_id_, user_id_, resource_type_, resource_id_, perms_) VALUES (uuid_generate_v4(), 1, 1, 'kcellUsers',null, 1, 'Nazym.Muralimova@kcell.kz', 2);
INSERT INTO public.act_ru_authorization (id_, rev_, type_, group_id_, user_id_, resource_type_, resource_id_, perms_) VALUES (uuid_generate_v4(), 1, 1, 'kcellUsers',null, 1, 'Vadim.Li@kcell.kz', 2);
INSERT INTO public.act_ru_authorization (id_, rev_, type_, group_id_, user_id_, resource_type_, resource_id_, perms_) VALUES (uuid_generate_v4(), 1, 1, 'kcellUsers',null, 1, 'Andrey.Kravchenko@kcell.kz', 2);
INSERT INTO public.act_ru_authorization (id_, rev_, type_, group_id_, user_id_, resource_type_, resource_id_, perms_) VALUES (uuid_generate_v4(), 1, 1, 'kcellUsers',null, 1, 'Vassiliy.Perekrestov@kcell.kz', 2);
INSERT INTO public.act_ru_authorization (id_, rev_, type_, group_id_, user_id_, resource_type_, resource_id_, perms_) VALUES (uuid_generate_v4(), 1, 1, 'kcellUsers',null, 1, 'Tatyana.Agapova@kcell.kz', 2);
INSERT INTO public.act_ru_authorization (id_, rev_, type_, group_id_, user_id_, resource_type_, resource_id_, perms_) VALUES (uuid_generate_v4(), 1, 1, 'kcellUsers',null, 1, 'Kirill.Klimov@kcell.kz', 2);
INSERT INTO public.act_ru_authorization (id_, rev_, type_, group_id_, user_id_, resource_type_, resource_id_, perms_) VALUES (uuid_generate_v4(), 1, 1, 'kcellUsers',null, 1, 'Batima.Aimagambetova@kcell.kz', 2);
INSERT INTO public.act_ru_authorization (id_, rev_, type_, group_id_, user_id_, resource_type_, resource_id_, perms_) VALUES (uuid_generate_v4(), 1, 1, 'kcellUsers',null, 1, 'Nikolai.Naumov@kcell.kz', 2);
INSERT INTO public.act_ru_authorization (id_, rev_, type_, group_id_, user_id_, resource_type_, resource_id_, perms_) VALUES (uuid_generate_v4(), 1, 1, 'kcellUsers',null, 1, 'Roman.Shakhmatov@kcell.kz', 2);
INSERT INTO public.act_ru_authorization (id_, rev_, type_, group_id_, user_id_, resource_type_, resource_id_, perms_) VALUES (uuid_generate_v4(), 1, 1, 'kcellUsers',null, 1, 'Evgeniy.Grebnev@kcell.kz', 2);
INSERT INTO public.act_ru_authorization (id_, rev_, type_, group_id_, user_id_, resource_type_, resource_id_, perms_) VALUES (uuid_generate_v4(), 1, 1, 'kcellUsers',null, 1, 'Rafael.Alimbetov@kcell.kz', 2);
INSERT INTO public.act_ru_authorization (id_, rev_, type_, group_id_, user_id_, resource_type_, resource_id_, perms_) VALUES (uuid_generate_v4(), 1, 1, 'kcellUsers',null, 1, 'Ilya.Gorpinich@kcell.kz', 2);
INSERT INTO public.act_ru_authorization (id_, rev_, type_, group_id_, user_id_, resource_type_, resource_id_, perms_) VALUES (uuid_generate_v4(), 1, 1, 'kcellUsers',null, 1, 'Stanislav.Li@kcell.kz', 2);


--for search on create application form

-- INSERT INTO act_id_user (id_, rev_, first_, last_, email_, pwd_, picture_id_) VALUES ('Nazym.Muralimova@kcell.kz', 1, 'Nazym', 'Muralimova', 'Nazym.Muralimova@kcell.kz', '{SHA}ieSV55Qc+eQOaYDRSha/AjzNTJE=', NULL);
-- INSERT INTO act_id_user (id_, rev_, first_, last_, email_, pwd_, picture_id_) VALUES ('Sagida.Adiyeva@kcell.kz', 1, 'Sagida', 'Adiyeva', 'Sagida.Adiyeva@kcell.kz', '{SHA}ieSV55Qc+eQOaYDRSha/AjzNTJE=', NULL);
--USERS
INSERT INTO act_id_user (id_, rev_, first_, last_, email_, pwd_, picture_id_) VALUES ('Aibek.Dosbayev@kcell.kz', 1, 'Aibek','Dosbayev','Aibek.Dosbayev@kcell.kz', '{SHA}ieSV55Qc+eQOaYDRSha/AjzNTJE=', NULL);
INSERT INTO act_id_user (id_, rev_, first_, last_, email_, pwd_, picture_id_) VALUES ('Aidarkhan.Kursarin@kcell.kz', 1, 'Aidarkhan','Kursarin','Aidarkhan.Kursarin@kcell.kz', '{SHA}ieSV55Qc+eQOaYDRSha/AjzNTJE=', NULL);
INSERT INTO act_id_user (id_, rev_, first_, last_, email_, pwd_, picture_id_) VALUES ('Aigerim.Anarbayeva@kcell.kz', 1, 'Aigerim','Anarbayeva','Aigerim.Anarbayeva@kcell.kz', '{SHA}ieSV55Qc+eQOaYDRSha/AjzNTJE=', NULL);
INSERT INTO act_id_user (id_, rev_, first_, last_, email_, pwd_, picture_id_) VALUES ('Aigul.Demesinova@kcell.kz', 1, 'Aigul','Demesinova','Aigul.Demesinova@kcell.kz', '{SHA}ieSV55Qc+eQOaYDRSha/AjzNTJE=', NULL);
INSERT INTO act_id_user (id_, rev_, first_, last_, email_, pwd_, picture_id_) VALUES ('Ainur.Manabaeva@kcell.kz', 1, 'Ainur','Manabaeva','Ainur.Manabaeva@kcell.kz', '{SHA}ieSV55Qc+eQOaYDRSha/AjzNTJE=', NULL);
INSERT INTO act_id_user (id_, rev_, first_, last_, email_, pwd_, picture_id_) VALUES ('Aisulu.Zhakupova@kcell.kz', 1, 'Aisulu','Zhakupova','Aisulu.Zhakupova@kcell.kz', '{SHA}ieSV55Qc+eQOaYDRSha/AjzNTJE=', NULL);
INSERT INTO act_id_user (id_, rev_, first_, last_, email_, pwd_, picture_id_) VALUES ('Almas.Serikbekuly@kcell.kz', 1, 'Almas','Serikbekuly','Almas.Serikbekuly@kcell.kz', '{SHA}ieSV55Qc+eQOaYDRSha/AjzNTJE=', NULL);
INSERT INTO act_id_user (id_, rev_, first_, last_, email_, pwd_, picture_id_) VALUES ('Rauan.Daniyarov@kcell.kz', 1, 'Rauan','Daniyarov','Rauan.Daniyarov@kcell.kz', '{SHA}ieSV55Qc+eQOaYDRSha/AjzNTJE=', NULL);
INSERT INTO act_id_user (id_, rev_, first_, last_, email_, pwd_, picture_id_) VALUES ('Alexey.Dergachev@kcell.kz', 1, 'Alexey','Dergachev','Alexey.Dergachev@kcell.kz', '{SHA}ieSV55Qc+eQOaYDRSha/AjzNTJE=', NULL);
INSERT INTO act_id_user (id_, rev_, first_, last_, email_, pwd_, picture_id_) VALUES ('Aliya.Kaldybekova@kcell.kz', 1, 'Aliya','Kaldybekova','Aliya.Kaldybekova@kcell.kz', '{SHA}ieSV55Qc+eQOaYDRSha/AjzNTJE=', NULL);
INSERT INTO act_id_user (id_, rev_, first_, last_, email_, pwd_, picture_id_) VALUES ('Anar.Sarsenova@kcell.kz', 1, 'Anar','Sarsenova','Anar.Sarsenova@kcell.kz', '{SHA}ieSV55Qc+eQOaYDRSha/AjzNTJE=', NULL);
INSERT INTO act_id_user (id_, rev_, first_, last_, email_, pwd_, picture_id_) VALUES ('Anton.Iterman@kcell.kz', 1, 'Anton','Iterman','Anton.Iterman@kcell.kz', '{SHA}ieSV55Qc+eQOaYDRSha/AjzNTJE=', NULL);
INSERT INTO act_id_user (id_, rev_, first_, last_, email_, pwd_, picture_id_) VALUES ('Baglan.Bitenova@kcell.kz', 1, 'Baglan','Bitenova','Baglan.Bitenova@kcell.kz', '{SHA}ieSV55Qc+eQOaYDRSha/AjzNTJE=', NULL);
INSERT INTO act_id_user (id_, rev_, first_, last_, email_, pwd_, picture_id_) VALUES ('Assylzhan.Almussin@kcell.kz', 1, 'Assylzhan','Almussin','Assylzhan.Almussin@kcell.kz', '{SHA}ieSV55Qc+eQOaYDRSha/AjzNTJE=', NULL);
INSERT INTO act_id_user (id_, rev_, first_, last_, email_, pwd_, picture_id_) VALUES ('Anastassiya.Kromiadi@kcell.kz', 1, 'Anastassiya','Kromiadi','Anastassiya.Kromiadi@kcell.kz', '{SHA}ieSV55Qc+eQOaYDRSha/AjzNTJE=', NULL);
INSERT INTO act_id_user (id_, rev_, first_, last_, email_, pwd_, picture_id_) VALUES ('Bakhtiyar.Bessembayev@kcell.kz', 1, 'Bakhtiyar','Bessembayev','Bakhtiyar.Bessembayev@kcell.kz', '{SHA}ieSV55Qc+eQOaYDRSha/AjzNTJE=', NULL);
INSERT INTO act_id_user (id_, rev_, first_, last_, email_, pwd_, picture_id_) VALUES ('Dalabay.Shalabayev@kcell.kz', 1, 'Dalabay','Shalabayev','Dalabay.Shalabayev@kcell.kz', '{SHA}ieSV55Qc+eQOaYDRSha/AjzNTJE=', NULL);
INSERT INTO act_id_user (id_, rev_, first_, last_, email_, pwd_, picture_id_) VALUES ('Daulet.Nagumanov@kcell.kz', 1, 'Daulet','Nagumanov','Daulet.Nagumanov@kcell.kz', '{SHA}ieSV55Qc+eQOaYDRSha/AjzNTJE=', NULL);
INSERT INTO act_id_user (id_, rev_, first_, last_, email_, pwd_, picture_id_) VALUES ('Diana.Kassenova@kcell.kz', 1, 'Diana','Kassenova','Diana.Kassenova@kcell.kz', '{SHA}ieSV55Qc+eQOaYDRSha/AjzNTJE=', NULL);
INSERT INTO act_id_user (id_, rev_, first_, last_, email_, pwd_, picture_id_) VALUES ('Dinara.Kassymova@kcell.kz', 1, 'Dinara','Kassymova','Dinara.Kassymova@kcell.kz', '{SHA}ieSV55Qc+eQOaYDRSha/AjzNTJE=', NULL);
INSERT INTO act_id_user (id_, rev_, first_, last_, email_, pwd_, picture_id_) VALUES ('Erkin.Akimzhanov@kcell.kz', 1, 'Erkin','Akimzhanov','Erkin.Akimzhanov@kcell.kz', '{SHA}ieSV55Qc+eQOaYDRSha/AjzNTJE=', NULL);
INSERT INTO act_id_user (id_, rev_, first_, last_, email_, pwd_, picture_id_) VALUES ('Mukhammed.Amreyev@kcell.kz', 1, 'Mukhammed','Amreyev','Mukhammed.Amreyev@kcell.kz', '{SHA}ieSV55Qc+eQOaYDRSha/AjzNTJE=', NULL);
INSERT INTO act_id_user (id_, rev_, first_, last_, email_, pwd_, picture_id_) VALUES ('Gaukhar.Baiseitova@kcell.kz', 1, 'Gaukhar','Baiseitova','Gaukhar.Baiseitova@kcell.kz', '{SHA}ieSV55Qc+eQOaYDRSha/AjzNTJE=', NULL);
INSERT INTO act_id_user (id_, rev_, first_, last_, email_, pwd_, picture_id_) VALUES ('Gennadiy.Li@kcell.kz', 1, 'Gennadiy','Li','Gennadiy.Li@kcell.kz', '{SHA}ieSV55Qc+eQOaYDRSha/AjzNTJE=', NULL);
INSERT INTO act_id_user (id_, rev_, first_, last_, email_, pwd_, picture_id_) VALUES ('Gulzhan.Oxykbayeva@kcell.kz', 1, 'Gulzhan','Oxykbayeva','Gulzhan.Oxykbayeva@kcell.kz', '{SHA}ieSV55Qc+eQOaYDRSha/AjzNTJE=', NULL);
INSERT INTO act_id_user (id_, rev_, first_, last_, email_, pwd_, picture_id_) VALUES ('Igor.Azhigaliyev@kcell.kz', 1, 'Igor','Azhigaliyev','Igor.Azhigaliyev@kcell.kz', '{SHA}ieSV55Qc+eQOaYDRSha/AjzNTJE=', NULL);
INSERT INTO act_id_user (id_, rev_, first_, last_, email_, pwd_, picture_id_) VALUES ('Ilona.Vassilyeva@kcell.kz', 1, 'Ilona','Vassilyeva','Ilona.Vassilyeva@kcell.kz', '{SHA}ieSV55Qc+eQOaYDRSha/AjzNTJE=', NULL);
INSERT INTO act_id_user (id_, rev_, first_, last_, email_, pwd_, picture_id_) VALUES ('Inara.Kuatpayeva@kcell.kz', 1, 'Inara','Kuatpayeva','Inara.Kuatpayeva@kcell.kz', '{SHA}ieSV55Qc+eQOaYDRSha/AjzNTJE=', NULL);
INSERT INTO act_id_user (id_, rev_, first_, last_, email_, pwd_, picture_id_) VALUES ('Khasan.Jalalov@kcell.kz', 1, 'Khasan','Jalalov','Khasan.Jalalov@kcell.kz', '{SHA}ieSV55Qc+eQOaYDRSha/AjzNTJE=', NULL);
INSERT INTO act_id_user (id_, rev_, first_, last_, email_, pwd_, picture_id_) VALUES ('Kirill.Chelombitskiy@kcell.kz', 1, 'Kirill','Chelombitskiy','Kirill.Chelombitskiy@kcell.kz', '{SHA}ieSV55Qc+eQOaYDRSha/AjzNTJE=', NULL);
INSERT INTO act_id_user (id_, rev_, first_, last_, email_, pwd_, picture_id_) VALUES ('Klavdiya.Vition@kcell.kz', 1, 'Klavdiya','Vition','Klavdiya.Vition@kcell.kz', '{SHA}ieSV55Qc+eQOaYDRSha/AjzNTJE=', NULL);
INSERT INTO act_id_user (id_, rev_, first_, last_, email_, pwd_, picture_id_) VALUES ('Maxim.Soldatov@kcell.kz', 1, 'Maxim','Soldatov','Maxim.Soldatov@kcell.kz', '{SHA}ieSV55Qc+eQOaYDRSha/AjzNTJE=', NULL);
INSERT INTO act_id_user (id_, rev_, first_, last_, email_, pwd_, picture_id_) VALUES ('Liliya.Tsoy@kcell.kz', 1, 'Liliya','Tsoy','Liliya.Tsoy@kcell.kz', '{SHA}ieSV55Qc+eQOaYDRSha/AjzNTJE=', NULL);
INSERT INTO act_id_user (id_, rev_, first_, last_, email_, pwd_, picture_id_) VALUES ('Oleg.Li@kcell.kz', 1, 'Oleg','Li','Oleg.Li@kcell.kz', '{SHA}ieSV55Qc+eQOaYDRSha/AjzNTJE=', NULL);
INSERT INTO act_id_user (id_, rev_, first_, last_, email_, pwd_, picture_id_) VALUES ('Mariya.Makherina@kcell.kz', 1, 'Mariya','Makherina','Mariya.Makherina@kcell.kz', '{SHA}ieSV55Qc+eQOaYDRSha/AjzNTJE=', NULL);
INSERT INTO act_id_user (id_, rev_, first_, last_, email_, pwd_, picture_id_) VALUES ('Olga.Stepanova@kcell.kz', 1, 'Olga','Stepanova','Olga.Stepanova@kcell.kz', '{SHA}ieSV55Qc+eQOaYDRSha/AjzNTJE=', NULL);
INSERT INTO act_id_user (id_, rev_, first_, last_, email_, pwd_, picture_id_) VALUES ('Sukhrab.Pakhritdinov@kcell.kz', 1, 'Sukhrab','Pakhritdinov','Sukhrab.Pakhritdinov@kcell.kz', '{SHA}ieSV55Qc+eQOaYDRSha/AjzNTJE=', NULL);
INSERT INTO act_id_user (id_, rev_, first_, last_, email_, pwd_, picture_id_) VALUES ('Oxana.Bezverhaya@kcell.kz', 1, 'Oxana','Bezverhaya','Oxana.Bezverhaya@kcell.kz', '{SHA}ieSV55Qc+eQOaYDRSha/AjzNTJE=', NULL);
INSERT INTO act_id_user (id_, rev_, first_, last_, email_, pwd_, picture_id_) VALUES ('Seil.Rahim@kcell.kz', 1, 'Seil','Rahim','Seil.Rahim@kcell.kz', '{SHA}ieSV55Qc+eQOaYDRSha/AjzNTJE=', NULL);
INSERT INTO act_id_user (id_, rev_, first_, last_, email_, pwd_, picture_id_) VALUES ('Ravil.Bairamov@kcell.kz', 1, 'Ravil','Bairamov','Ravil.Bairamov@kcell.kz', '{SHA}ieSV55Qc+eQOaYDRSha/AjzNTJE=', NULL);
INSERT INTO act_id_user (id_, rev_, first_, last_, email_, pwd_, picture_id_) VALUES ('Roman.Mamin@kcell.kz', 1, 'Roman','Mamin','Roman.Mamin@kcell.kz', '{SHA}ieSV55Qc+eQOaYDRSha/AjzNTJE=', NULL);
INSERT INTO act_id_user (id_, rev_, first_, last_, email_, pwd_, picture_id_) VALUES ('Roman.Pak@kcell.kz', 1, 'Roman','Pak','Roman.Pak@kcell.kz', '{SHA}ieSV55Qc+eQOaYDRSha/AjzNTJE=', NULL);
INSERT INTO act_id_user (id_, rev_, first_, last_, email_, pwd_, picture_id_) VALUES ('Askhat.Ashimov@kcell.kz', 1, 'Askhat','Ashimov','Askhat.Ashimov@kcell.kz', '{SHA}ieSV55Qc+eQOaYDRSha/AjzNTJE=', NULL);
INSERT INTO act_id_user (id_, rev_, first_, last_, email_, pwd_, picture_id_) VALUES ('Rustam.Karzhauov@kcell.kz', 1, 'Rustam','Karzhauov','Rustam.Karzhauov@kcell.kz', '{SHA}ieSV55Qc+eQOaYDRSha/AjzNTJE=', NULL);
INSERT INTO act_id_user (id_, rev_, first_, last_, email_, pwd_, picture_id_) VALUES ('Sergey.Agapkin@kcell.kz', 1, 'Sergey','Agapkin','Sergey.Agapkin@kcell.kz', '{SHA}ieSV55Qc+eQOaYDRSha/AjzNTJE=', NULL);
INSERT INTO act_id_user (id_, rev_, first_, last_, email_, pwd_, picture_id_) VALUES ('Stanislav.Savchenko@kcell.kz', 1, 'Stanislav','Savchenko','Stanislav.Savchenko@kcell.kz', '{SHA}ieSV55Qc+eQOaYDRSha/AjzNTJE=', NULL);
INSERT INTO act_id_user (id_, rev_, first_, last_, email_, pwd_, picture_id_) VALUES ('Assel.Alimbayeva@kcell.kz', 1, 'Assel','Alimbayeva','Assel.Alimbayeva@kcell.kz', '{SHA}ieSV55Qc+eQOaYDRSha/AjzNTJE=', NULL);
INSERT INTO act_id_user (id_, rev_, first_, last_, email_, pwd_, picture_id_) VALUES ('Svetlana.Budashova@kcell.kz', 1, 'Svetlana','Budashova','Svetlana.Budashova@kcell.kz', '{SHA}ieSV55Qc+eQOaYDRSha/AjzNTJE=', NULL);
INSERT INTO act_id_user (id_, rev_, first_, last_, email_, pwd_, picture_id_) VALUES ('Umit.Salkeyeva@kcell.kz', 1, 'Umit','Salkeyeva','Umit.Salkeyeva@kcell.kz', '{SHA}ieSV55Qc+eQOaYDRSha/AjzNTJE=', NULL);
INSERT INTO act_id_user (id_, rev_, first_, last_, email_, pwd_, picture_id_) VALUES ('Yerlan.Issanov@kcell.kz', 1, 'Yerlan','Issanov','Yerlan.Issanov@kcell.kz', '{SHA}ieSV55Qc+eQOaYDRSha/AjzNTJE=', NULL);
INSERT INTO act_id_user (id_, rev_, first_, last_, email_, pwd_, picture_id_) VALUES ('Yerlan.Omarov@kcell.kz', 1, 'Yerlan','Omarov','Yerlan.Omarov@kcell.kz', '{SHA}ieSV55Qc+eQOaYDRSha/AjzNTJE=', NULL);
INSERT INTO act_id_user (id_, rev_, first_, last_, email_, pwd_, picture_id_) VALUES ('Yuriy.Nagaitsev@kcell.kz', 1, 'Yuriy','Nagaitsev','Yuriy.Nagaitsev@kcell.kz', '{SHA}ieSV55Qc+eQOaYDRSha/AjzNTJE=', NULL);
INSERT INTO act_id_user (id_, rev_, first_, last_, email_, pwd_, picture_id_) VALUES ('Yekaterina.Zorina@kcell.kz', 1, 'Yekaterina','Zorina','Yekaterina.Zorina@kcell.kz', '{SHA}ieSV55Qc+eQOaYDRSha/AjzNTJE=', NULL);
INSERT INTO act_id_user (id_, rev_, first_, last_, email_, pwd_, picture_id_) VALUES ('Zarema.Seferova@kcell.kz', 1, 'Zarema','Seferova','Zarema.Seferova@kcell.kz', '{SHA}ieSV55Qc+eQOaYDRSha/AjzNTJE=', NULL);
INSERT INTO act_id_user (id_, rev_, first_, last_, email_, pwd_, picture_id_) VALUES ('Zarina.Zhumadilova@kcell.kz', 1, 'Zarina','Zhumadilova','Zarina.Zhumadilova@kcell.kz', '{SHA}ieSV55Qc+eQOaYDRSha/AjzNTJE=', NULL);
INSERT INTO act_id_user (id_, rev_, first_, last_, email_, pwd_, picture_id_) VALUES ('Zhamal.Tlegenova@kcell.kz', 1, 'Zhamal','Tlegenova','Zhamal.Tlegenova@kcell.kz', '{SHA}ieSV55Qc+eQOaYDRSha/AjzNTJE=', NULL);
INSERT INTO act_id_user (id_, rev_, first_, last_, email_, pwd_, picture_id_) VALUES ('Zhanar.Amirkulova@kcell.kz', 1, 'Zhanar','Amirkulova','Zhanar.Amirkulova@kcell.kz', '{SHA}ieSV55Qc+eQOaYDRSha/AjzNTJE=', NULL);
INSERT INTO act_id_user (id_, rev_, first_, last_, email_, pwd_, picture_id_) VALUES ('Zhandos.Bektemirov@kcell.kz', 1, 'Zhandos','Bektemirov','Zhandos.Bektemirov@kcell.kz', '{SHA}ieSV55Qc+eQOaYDRSha/AjzNTJE=', NULL);
INSERT INTO act_id_user (id_, rev_, first_, last_, email_, pwd_, picture_id_) VALUES ('Zhazira.Tazabek@kcell.kz', 1, 'Zhazira','Tazabek','Zhazira.Tazabek@kcell.kz', '{SHA}ieSV55Qc+eQOaYDRSha/AjzNTJE=', NULL);
INSERT INTO act_id_user (id_, rev_, first_, last_, email_, pwd_, picture_id_) VALUES ('Rassul.Rakhimov@kcell.kz', 1, 'Rassul','Rakhimov','Rassul.Rakhimov@kcell.kz', '{SHA}ieSV55Qc+eQOaYDRSha/AjzNTJE=', NULL);
INSERT INTO act_id_user (id_, rev_, first_, last_, email_, pwd_, picture_id_) VALUES ('Rakhilya.Yessirkepova@kcell.kz', 1, 'Rakhilya','Yessirkepova','Rakhilya.Yessirkepova@kcell.kz', '{SHA}ieSV55Qc+eQOaYDRSha/AjzNTJE=', NULL);
INSERT INTO act_id_user (id_, rev_, first_, last_, email_, pwd_, picture_id_) VALUES ('Nurlan.Rakhimov@kcell.kz', 1, 'Nurlan','Rakhimov','Nurlan.Rakhimov@kcell.kz', '{SHA}ieSV55Qc+eQOaYDRSha/AjzNTJE=', NULL);
INSERT INTO act_id_user (id_, rev_, first_, last_, email_, pwd_, picture_id_) VALUES ('Zhaxylyk.Kozhakhmetov@kcell.kz', 1, 'Zhaxylyk','Kozhakhmetov','Zhaxylyk.Kozhakhmetov@kcell.kz', '{SHA}ieSV55Qc+eQOaYDRSha/AjzNTJE=', NULL);
INSERT INTO act_id_user (id_, rev_, first_, last_, email_, pwd_, picture_id_) VALUES ('Asanzhan.Baltushev@kcell.kz', 1, 'Asanzhan','Baltushev','Asanzhan.Baltushev@kcell.kz', '{SHA}ieSV55Qc+eQOaYDRSha/AjzNTJE=', NULL);
INSERT INTO act_id_user (id_, rev_, first_, last_, email_, pwd_, picture_id_) VALUES ('Maksim.Shnytkin@kcell.kz', 1, 'Maksim','Shnytkin','Maksim.Shnytkin@kcell.kz', '{SHA}ieSV55Qc+eQOaYDRSha/AjzNTJE=', NULL);
INSERT INTO act_id_user (id_, rev_, first_, last_, email_, pwd_, picture_id_) VALUES ('Aliya.Mussina@kcell.kz', 1, 'Aliya','Mussina','Aliya.Mussina@kcell.kz', '{SHA}ieSV55Qc+eQOaYDRSha/AjzNTJE=', NULL);
INSERT INTO act_id_user (id_, rev_, first_, last_, email_, pwd_, picture_id_) VALUES ('Nigara.Zairova@kcell.kz', 1, 'Nigara','Zairova','Nigara.Zairova@kcell.kz', '{SHA}ieSV55Qc+eQOaYDRSha/AjzNTJE=', NULL);
INSERT INTO act_id_user (id_, rev_, first_, last_, email_, pwd_, picture_id_) VALUES ('Nursultan.Nagumanov@kcell.kz', 1, 'Nursultan','Nagumanov','Nursultan.Nagumanov@kcell.kz', '{SHA}ieSV55Qc+eQOaYDRSha/AjzNTJE=', NULL);
INSERT INTO act_id_user (id_, rev_, first_, last_, email_, pwd_, picture_id_) VALUES ('Daniyar.Zhalelov@kcell.kz', 1, 'Daniyar','Zhalelov','Daniyar.Zhalelov@kcell.kz', '{SHA}ieSV55Qc+eQOaYDRSha/AjzNTJE=', NULL);
INSERT INTO act_id_user (id_, rev_, first_, last_, email_, pwd_, picture_id_) VALUES ('Natalya.Tsoy@kcell.kz', 1, 'Natalya','Tsoy','Natalya.Tsoy@kcell.kz', '{SHA}ieSV55Qc+eQOaYDRSha/AjzNTJE=', NULL);
INSERT INTO act_id_user (id_, rev_, first_, last_, email_, pwd_, picture_id_) VALUES ('Madi.Smakov@kcell.kz', 1, 'Madi','Smakov','Madi.Smakov@kcell.kz', '{SHA}ieSV55Qc+eQOaYDRSha/AjzNTJE=', NULL);
INSERT INTO act_id_user (id_, rev_, first_, last_, email_, pwd_, picture_id_) VALUES ('Timur.Amirov@kcell.kz', 1, 'Timur','Amirov','Timur.Amirov@kcell.kz', '{SHA}ieSV55Qc+eQOaYDRSha/AjzNTJE=', NULL);
INSERT INTO act_id_user (id_, rev_, first_, last_, email_, pwd_, picture_id_) VALUES ('Baurzhan.Mukhamejanov@kcell.kz', 1, 'Baurzhan','Mukhamejanov','Baurzhan.Mukhamejanov@kcell.kz', '{SHA}ieSV55Qc+eQOaYDRSha/AjzNTJE=', NULL);
INSERT INTO act_id_user (id_, rev_, first_, last_, email_, pwd_, picture_id_) VALUES ('Yeldar.Azimbayev@kcell.kz', 1, 'Yeldar','Azimbayev','Yeldar.Azimbayev@kcell.kz', '{SHA}ieSV55Qc+eQOaYDRSha/AjzNTJE=', NULL);
INSERT INTO act_id_user (id_, rev_, first_, last_, email_, pwd_, picture_id_) VALUES ('Manat.Mukatayev@kcell.kz', 1, 'Manat','Mukatayev','Manat.Mukatayev@kcell.kz', '{SHA}ieSV55Qc+eQOaYDRSha/AjzNTJE=', NULL);
INSERT INTO act_id_user (id_, rev_, first_, last_, email_, pwd_, picture_id_) VALUES ('Kuanysh.Dossumbayev@kcell.kz', 1, 'Kuanysh','Dossumbayev','Kuanysh.Dossumbayev@kcell.kz', '{SHA}ieSV55Qc+eQOaYDRSha/AjzNTJE=', NULL);
INSERT INTO act_id_user (id_, rev_, first_, last_, email_, pwd_, picture_id_) VALUES ('Nurlan.Magzumov@kcell.kz', 1, 'Nurlan','Magzumov','Nurlan.Magzumov@kcell.kz', '{SHA}ieSV55Qc+eQOaYDRSha/AjzNTJE=', NULL);
INSERT INTO act_id_user (id_, rev_, first_, last_, email_, pwd_, picture_id_) VALUES ('Ainur.Syrgabayeva@kcell.kz', 1, 'Ainur','Syrgabayeva','Ainur.Syrgabayeva@kcell.kz', '{SHA}ieSV55Qc+eQOaYDRSha/AjzNTJE=', NULL);
INSERT INTO act_id_user (id_, rev_, first_, last_, email_, pwd_, picture_id_) VALUES ('Askar.Zhumashev@kcell.kz', 1, 'Askar','Zhumashev','Askar.Zhumashev@kcell.kz', '{SHA}ieSV55Qc+eQOaYDRSha/AjzNTJE=', NULL);
INSERT INTO act_id_user (id_, rev_, first_, last_, email_, pwd_, picture_id_) VALUES ('Yerlan.Beissenov@kcell.kz', 1, 'Yerlan','Beissenov','Yerlan.Beissenov@kcell.kz', '{SHA}ieSV55Qc+eQOaYDRSha/AjzNTJE=', NULL);
INSERT INTO act_id_user (id_, rev_, first_, last_, email_, pwd_, picture_id_) VALUES ('Nadezhda.Zhonisova@kcell.kz', 1, 'Nadezhda','Zhonisova','Nadezhda.Zhonisova@kcell.kz', '{SHA}ieSV55Qc+eQOaYDRSha/AjzNTJE=', NULL);
INSERT INTO act_id_user (id_, rev_, first_, last_, email_, pwd_, picture_id_) VALUES ('Olzhas.Akparov@kcell.kz', 1, 'Olzhas','Akparov','Olzhas.Akparov@kcell.kz', '{SHA}ieSV55Qc+eQOaYDRSha/AjzNTJE=', NULL);
INSERT INTO act_id_user (id_, rev_, first_, last_, email_, pwd_, picture_id_) VALUES ('Elmira.Urbisinova@kcell.kz', 1, 'Elmira','Urbisinova','Elmira.Urbisinova@kcell.kz', '{SHA}ieSV55Qc+eQOaYDRSha/AjzNTJE=', NULL);
INSERT INTO act_id_user (id_, rev_, first_, last_, email_, pwd_, picture_id_) VALUES ('Assylbek.Kassiyenov@kcell.kz', 1, 'Assylbek','Kassiyenov','Assylbek.Kassiyenov@kcell.kz', '{SHA}ieSV55Qc+eQOaYDRSha/AjzNTJE=', NULL);
INSERT INTO act_id_user (id_, rev_, first_, last_, email_, pwd_, picture_id_) VALUES ('Assem.Saifutdinova@kcell.kz', 1, 'Assem','Saifutdinova','Assem.Saifutdinova@kcell.kz', '{SHA}ieSV55Qc+eQOaYDRSha/AjzNTJE=', NULL);
--
-- --groups
INSERT INTO act_id_group (id_, rev_, name_, type_) VALUES ('delivery_sms_ivr_b2b_sales', 1, 'delivery_sms_ivr_b2b_sales', 'WORKFLOW');
--
-- --memberships
INSERT INTO act_id_membership (user_id_, group_id_) VALUES ('Aibek.Dosbayev@kcell.kz', 'delivery_sms_ivr_b2b_sales');
INSERT INTO act_id_membership (user_id_, group_id_) VALUES ('Aidarkhan.Kursarin@kcell.kz', 'delivery_sms_ivr_b2b_sales');
INSERT INTO act_id_membership (user_id_, group_id_) VALUES ('Aigerim.Anarbayeva@kcell.kz', 'delivery_sms_ivr_b2b_sales');
INSERT INTO act_id_membership (user_id_, group_id_) VALUES ('Aigul.Demesinova@kcell.kz', 'delivery_sms_ivr_b2b_sales');
INSERT INTO act_id_membership (user_id_, group_id_) VALUES ('Ainur.Manabaeva@kcell.kz', 'delivery_sms_ivr_b2b_sales');
INSERT INTO act_id_membership (user_id_, group_id_) VALUES ('Aisulu.Zhakupova@kcell.kz', 'delivery_sms_ivr_b2b_sales');
INSERT INTO act_id_membership (user_id_, group_id_) VALUES ('Almas.Serikbekuly@kcell.kz', 'delivery_sms_ivr_b2b_sales');
INSERT INTO act_id_membership (user_id_, group_id_) VALUES ('Rauan.Daniyarov@kcell.kz', 'delivery_sms_ivr_b2b_sales');
INSERT INTO act_id_membership (user_id_, group_id_) VALUES ('Alexey.Dergachev@kcell.kz', 'delivery_sms_ivr_b2b_sales');
INSERT INTO act_id_membership (user_id_, group_id_) VALUES ('Aliya.Kaldybekova@kcell.kz', 'delivery_sms_ivr_b2b_sales');
INSERT INTO act_id_membership (user_id_, group_id_) VALUES ('Anar.Sarsenova@kcell.kz', 'delivery_sms_ivr_b2b_sales');
INSERT INTO act_id_membership (user_id_, group_id_) VALUES ('Anton.Iterman@kcell.kz', 'delivery_sms_ivr_b2b_sales');
INSERT INTO act_id_membership (user_id_, group_id_) VALUES ('Baglan.Bitenova@kcell.kz', 'delivery_sms_ivr_b2b_sales');
INSERT INTO act_id_membership (user_id_, group_id_) VALUES ('Assylzhan.Almussin@kcell.kz', 'delivery_sms_ivr_b2b_sales');
INSERT INTO act_id_membership (user_id_, group_id_) VALUES ('Anastassiya.Kromiadi@kcell.kz', 'delivery_sms_ivr_b2b_sales');
INSERT INTO act_id_membership (user_id_, group_id_) VALUES ('Bakhtiyar.Bessembayev@kcell.kz', 'delivery_sms_ivr_b2b_sales');
INSERT INTO act_id_membership (user_id_, group_id_) VALUES ('Dalabay.Shalabayev@kcell.kz', 'delivery_sms_ivr_b2b_sales');
INSERT INTO act_id_membership (user_id_, group_id_) VALUES ('Daulet.Nagumanov@kcell.kz', 'delivery_sms_ivr_b2b_sales');
INSERT INTO act_id_membership (user_id_, group_id_) VALUES ('Diana.Kassenova@kcell.kz', 'delivery_sms_ivr_b2b_sales');
INSERT INTO act_id_membership (user_id_, group_id_) VALUES ('Dinara.Kassymova@kcell.kz', 'delivery_sms_ivr_b2b_sales');
INSERT INTO act_id_membership (user_id_, group_id_) VALUES ('Erkin.Akimzhanov@kcell.kz', 'delivery_sms_ivr_b2b_sales');
INSERT INTO act_id_membership (user_id_, group_id_) VALUES ('Mukhammed.Amreyev@kcell.kz', 'delivery_sms_ivr_b2b_sales');
INSERT INTO act_id_membership (user_id_, group_id_) VALUES ('Gaukhar.Baiseitova@kcell.kz', 'delivery_sms_ivr_b2b_sales');
INSERT INTO act_id_membership (user_id_, group_id_) VALUES ('Gennadiy.Li@kcell.kz', 'delivery_sms_ivr_b2b_sales');
INSERT INTO act_id_membership (user_id_, group_id_) VALUES ('Gulzhan.Oxykbayeva@kcell.kz', 'delivery_sms_ivr_b2b_sales');
INSERT INTO act_id_membership (user_id_, group_id_) VALUES ('Igor.Azhigaliyev@kcell.kz', 'delivery_sms_ivr_b2b_sales');
INSERT INTO act_id_membership (user_id_, group_id_) VALUES ('Ilona.Vassilyeva@kcell.kz', 'delivery_sms_ivr_b2b_sales');
INSERT INTO act_id_membership (user_id_, group_id_) VALUES ('Inara.Kuatpayeva@kcell.kz', 'delivery_sms_ivr_b2b_sales');
INSERT INTO act_id_membership (user_id_, group_id_) VALUES ('Khasan.Jalalov@kcell.kz', 'delivery_sms_ivr_b2b_sales');
INSERT INTO act_id_membership (user_id_, group_id_) VALUES ('Kirill.Chelombitskiy@kcell.kz', 'delivery_sms_ivr_b2b_sales');
INSERT INTO act_id_membership (user_id_, group_id_) VALUES ('Klavdiya.Vition@kcell.kz', 'delivery_sms_ivr_b2b_sales');
INSERT INTO act_id_membership (user_id_, group_id_) VALUES ('Maxim.Soldatov@kcell.kz', 'delivery_sms_ivr_b2b_sales');
INSERT INTO act_id_membership (user_id_, group_id_) VALUES ('Liliya.Tsoy@kcell.kz', 'delivery_sms_ivr_b2b_sales');
INSERT INTO act_id_membership (user_id_, group_id_) VALUES ('Oleg.Li@kcell.kz', 'delivery_sms_ivr_b2b_sales');
INSERT INTO act_id_membership (user_id_, group_id_) VALUES ('Mariya.Makherina@kcell.kz', 'delivery_sms_ivr_b2b_sales');
INSERT INTO act_id_membership (user_id_, group_id_) VALUES ('Olga.Stepanova@kcell.kz', 'delivery_sms_ivr_b2b_sales');
INSERT INTO act_id_membership (user_id_, group_id_) VALUES ('Sukhrab.Pakhritdinov@kcell.kz', 'delivery_sms_ivr_b2b_sales');
INSERT INTO act_id_membership (user_id_, group_id_) VALUES ('Oxana.Bezverhaya@kcell.kz', 'delivery_sms_ivr_b2b_sales');
INSERT INTO act_id_membership (user_id_, group_id_) VALUES ('Seil.Rahim@kcell.kz', 'delivery_sms_ivr_b2b_sales');
INSERT INTO act_id_membership (user_id_, group_id_) VALUES ('Ravil.Bairamov@kcell.kz', 'delivery_sms_ivr_b2b_sales');
INSERT INTO act_id_membership (user_id_, group_id_) VALUES ('Roman.Mamin@kcell.kz', 'delivery_sms_ivr_b2b_sales');
INSERT INTO act_id_membership (user_id_, group_id_) VALUES ('Roman.Pak@kcell.kz', 'delivery_sms_ivr_b2b_sales');
INSERT INTO act_id_membership (user_id_, group_id_) VALUES ('Askhat.Ashimov@kcell.kz', 'delivery_sms_ivr_b2b_sales');
INSERT INTO act_id_membership (user_id_, group_id_) VALUES ('Rustam.Karzhauov@kcell.kz', 'delivery_sms_ivr_b2b_sales');
INSERT INTO act_id_membership (user_id_, group_id_) VALUES ('Sergey.Agapkin@kcell.kz', 'delivery_sms_ivr_b2b_sales');
INSERT INTO act_id_membership (user_id_, group_id_) VALUES ('Stanislav.Savchenko@kcell.kz', 'delivery_sms_ivr_b2b_sales');
INSERT INTO act_id_membership (user_id_, group_id_) VALUES ('Assel.Alimbayeva@kcell.kz', 'delivery_sms_ivr_b2b_sales');
INSERT INTO act_id_membership (user_id_, group_id_) VALUES ('Svetlana.Budashova@kcell.kz', 'delivery_sms_ivr_b2b_sales');
INSERT INTO act_id_membership (user_id_, group_id_) VALUES ('Umit.Salkeyeva@kcell.kz', 'delivery_sms_ivr_b2b_sales');
INSERT INTO act_id_membership (user_id_, group_id_) VALUES ('Yerlan.Issanov@kcell.kz', 'delivery_sms_ivr_b2b_sales');
INSERT INTO act_id_membership (user_id_, group_id_) VALUES ('Yerlan.Omarov@kcell.kz', 'delivery_sms_ivr_b2b_sales');
INSERT INTO act_id_membership (user_id_, group_id_) VALUES ('Yuriy.Nagaitsev@kcell.kz', 'delivery_sms_ivr_b2b_sales');
INSERT INTO act_id_membership (user_id_, group_id_) VALUES ('Yekaterina.Zorina@kcell.kz', 'delivery_sms_ivr_b2b_sales');
INSERT INTO act_id_membership (user_id_, group_id_) VALUES ('Zarema.Seferova@kcell.kz', 'delivery_sms_ivr_b2b_sales');
INSERT INTO act_id_membership (user_id_, group_id_) VALUES ('Zarina.Zhumadilova@kcell.kz', 'delivery_sms_ivr_b2b_sales');
INSERT INTO act_id_membership (user_id_, group_id_) VALUES ('Zhamal.Tlegenova@kcell.kz', 'delivery_sms_ivr_b2b_sales');
INSERT INTO act_id_membership (user_id_, group_id_) VALUES ('Zhanar.Amirkulova@kcell.kz', 'delivery_sms_ivr_b2b_sales');
INSERT INTO act_id_membership (user_id_, group_id_) VALUES ('Zhandos.Bektemirov@kcell.kz', 'delivery_sms_ivr_b2b_sales');
INSERT INTO act_id_membership (user_id_, group_id_) VALUES ('Zhazira.Tazabek@kcell.kz', 'delivery_sms_ivr_b2b_sales');
INSERT INTO act_id_membership (user_id_, group_id_) VALUES ('Rassul.Rakhimov@kcell.kz', 'delivery_sms_ivr_b2b_sales');
INSERT INTO act_id_membership (user_id_, group_id_) VALUES ('Rakhilya.Yessirkepova@kcell.kz', 'delivery_sms_ivr_b2b_sales');
INSERT INTO act_id_membership (user_id_, group_id_) VALUES ('Nurlan.Rakhimov@kcell.kz', 'delivery_sms_ivr_b2b_sales');
INSERT INTO act_id_membership (user_id_, group_id_) VALUES ('Zhaxylyk.Kozhakhmetov@kcell.kz', 'delivery_sms_ivr_b2b_sales');
INSERT INTO act_id_membership (user_id_, group_id_) VALUES ('Asanzhan.Baltushev@kcell.kz', 'delivery_sms_ivr_b2b_sales');
INSERT INTO act_id_membership (user_id_, group_id_) VALUES ('Maksim.Shnytkin@kcell.kz', 'delivery_sms_ivr_b2b_sales');
INSERT INTO act_id_membership (user_id_, group_id_) VALUES ('Aliya.Mussina@kcell.kz', 'delivery_sms_ivr_b2b_sales');
INSERT INTO act_id_membership (user_id_, group_id_) VALUES ('Nigara.Zairova@kcell.kz', 'delivery_sms_ivr_b2b_sales');
INSERT INTO act_id_membership (user_id_, group_id_) VALUES ('Nursultan.Nagumanov@kcell.kz', 'delivery_sms_ivr_b2b_sales');
INSERT INTO act_id_membership (user_id_, group_id_) VALUES ('Daniyar.Zhalelov@kcell.kz', 'delivery_sms_ivr_b2b_sales');
INSERT INTO act_id_membership (user_id_, group_id_) VALUES ('Natalya.Tsoy@kcell.kz', 'delivery_sms_ivr_b2b_sales');
INSERT INTO act_id_membership (user_id_, group_id_) VALUES ('Madi.Smakov@kcell.kz', 'delivery_sms_ivr_b2b_sales');
INSERT INTO act_id_membership (user_id_, group_id_) VALUES ('Timur.Amirov@kcell.kz', 'delivery_sms_ivr_b2b_sales');
INSERT INTO act_id_membership (user_id_, group_id_) VALUES ('Baurzhan.Mukhamejanov@kcell.kz', 'delivery_sms_ivr_b2b_sales');
INSERT INTO act_id_membership (user_id_, group_id_) VALUES ('Yeldar.Azimbayev@kcell.kz', 'delivery_sms_ivr_b2b_sales');
INSERT INTO act_id_membership (user_id_, group_id_) VALUES ('Manat.Mukatayev@kcell.kz', 'delivery_sms_ivr_b2b_sales');
INSERT INTO act_id_membership (user_id_, group_id_) VALUES ('Kuanysh.Dossumbayev@kcell.kz', 'delivery_sms_ivr_b2b_sales');
INSERT INTO act_id_membership (user_id_, group_id_) VALUES ('Nurlan.Magzumov@kcell.kz', 'delivery_sms_ivr_b2b_sales');
INSERT INTO act_id_membership (user_id_, group_id_) VALUES ('Ainur.Syrgabayeva@kcell.kz', 'delivery_sms_ivr_b2b_sales');
INSERT INTO act_id_membership (user_id_, group_id_) VALUES ('Askar.Zhumashev@kcell.kz', 'delivery_sms_ivr_b2b_sales');
INSERT INTO act_id_membership (user_id_, group_id_) VALUES ('Yerlan.Beissenov@kcell.kz', 'delivery_sms_ivr_b2b_sales');
INSERT INTO act_id_membership (user_id_, group_id_) VALUES ('Nadezhda.Zhonisova@kcell.kz', 'delivery_sms_ivr_b2b_sales');
INSERT INTO act_id_membership (user_id_, group_id_) VALUES ('Olzhas.Akparov@kcell.kz', 'delivery_sms_ivr_b2b_sales');
INSERT INTO act_id_membership (user_id_, group_id_) VALUES ('Elmira.Urbisinova@kcell.kz', 'delivery_sms_ivr_b2b_sales');
INSERT INTO act_id_membership (user_id_, group_id_) VALUES ('Assylbek.Kassiyenov@kcell.kz', 'delivery_sms_ivr_b2b_sales');
INSERT INTO act_id_membership (user_id_, group_id_) VALUES ('Assem.Saifutdinova@kcell.kz', 'delivery_sms_ivr_b2b_sales');