begin;

CREATE EXTENSION IF NOT EXISTS "uuid-ossp";

-- USERS
INSERT INTO act_id_user (id_, rev_, first_, last_, email_, pwd_, picture_id_) VALUES ('Aisulu.Kapassova@kcell.kz', 1, 'Aisulu', 'Kapassova', 'Aisulu.Kapassova@kcell.kz', '{SHA}fEqNCco3Yq9h5ZUglD3CZJT4lBs=', NULL) ON CONFLICT(id_) DO NOTHING;
INSERT INTO act_id_user (id_, rev_, first_, last_, email_, pwd_, picture_id_) VALUES ('Damir.Auezov@kcell.kz', 1, 'Damir', 'Auezov', 'Damir.Auezov@kcell.kz', '{SHA}fEqNCco3Yq9h5ZUglD3CZJT4lBs=', NULL) ON CONFLICT(id_) DO NOTHING;
INSERT INTO act_id_user (id_, rev_, first_, last_, email_, pwd_, picture_id_) VALUES ('Elena.Blinova@kcell.kz', 1, 'Elena', 'Blinova', 'Elena.Blinova@kcell.kz', '{SHA}fEqNCco3Yq9h5ZUglD3CZJT4lBs=', NULL) ON CONFLICT(id_) DO NOTHING;
INSERT INTO act_id_user (id_, rev_, first_, last_, email_, pwd_, picture_id_) VALUES ('Mariya.Dmitruk@kcell.kz', 1, 'Mariya', 'Dmitruk', 'Mariya.Dmitruk@kcell.kz', '{SHA}fEqNCco3Yq9h5ZUglD3CZJT4lBs=', NULL) ON CONFLICT(id_) DO NOTHING;
INSERT INTO act_id_user (id_, rev_, first_, last_, email_, pwd_, picture_id_) VALUES ('Stepan.Kipel@kcell.kz', 1, 'Stepan', 'Kipel', 'Stepan.Kipel@kcell.kz', '{SHA}fEqNCco3Yq9h5ZUglD3CZJT4lBs=', NULL) ON CONFLICT(id_) DO NOTHING;
INSERT INTO act_id_user (id_, rev_, first_, last_, email_, pwd_, picture_id_) VALUES ('Anatoliy.Khan@kcell.kz', 1, 'Anatoliy', 'Khan', 'Anatoliy.Khan@kcell.kz', '{SHA}fEqNCco3Yq9h5ZUglD3CZJT4lBs=', NULL) ON CONFLICT(id_) DO NOTHING;
INSERT INTO act_id_user (id_, rev_, first_, last_, email_, pwd_, picture_id_) VALUES ('Valentin.Lissassin@kcell.kz', 1, 'Valentin', 'Lissassin', 'Valentin.Lissassin@kcell.kz', '{SHA}fEqNCco3Yq9h5ZUglD3CZJT4lBs=', NULL) ON CONFLICT(id_) DO NOTHING;
INSERT INTO act_id_user (id_, rev_, first_, last_, email_, pwd_, picture_id_) VALUES ('Valeriy.Polikarpov@kcell.kz', 1, 'Valeriy', 'Polikarpov', 'Valeriy.Polikarpov@kcell.kz', '{SHA}fEqNCco3Yq9h5ZUglD3CZJT4lBs=', NULL) ON CONFLICT(id_) DO NOTHING;
INSERT INTO act_id_user (id_, rev_, first_, last_, email_, pwd_, picture_id_) VALUES ('Evgeniy.Grebnev@kcell.kz', 1, 'Evgeniy', 'Grebnev', 'Evgeniy.Grebnev@kcell.kz', '{SHA}fEqNCco3Yq9h5ZUglD3CZJT4lBs=', NULL) ON CONFLICT(id_) DO NOTHING;
INSERT INTO act_id_user (id_, rev_, first_, last_, email_, pwd_, picture_id_) VALUES ('Roman.Shakhmatov@kcell.kz', 1, 'Roman', 'Shakhmatov', 'Roman.Shakhmatov@kcell.kz', '{SHA}fEqNCco3Yq9h5ZUglD3CZJT4lBs=', NULL) ON CONFLICT(id_) DO NOTHING;
INSERT INTO act_id_user (id_, rev_, first_, last_, email_, pwd_, picture_id_) VALUES ('Alexandr.Varfolomeyev@kcell.kz', 1, 'Alexandr', 'Varfolomeyev', 'Alexandr.Varfolomeyev@kcell.kz', '{SHA}fEqNCco3Yq9h5ZUglD3CZJT4lBs=', NULL) ON CONFLICT(id_) DO NOTHING;
INSERT INTO act_id_user (id_, rev_, first_, last_, email_, pwd_, picture_id_) VALUES ('Rustambek.Kebirov@kcell.kz', 1, 'Rustambek', 'Kebirov', 'Rustambek.Kebirov@kcell.kz', '{SHA}fEqNCco3Yq9h5ZUglD3CZJT4lBs=', NULL) ON CONFLICT(id_) DO NOTHING;
INSERT INTO act_id_user (id_, rev_, first_, last_, email_, pwd_, picture_id_) VALUES ('Stanislav.Li@kcell.kz', 1, 'Stanislav', 'Li', 'Stanislav.Li@kcell.kz', '{SHA}fEqNCco3Yq9h5ZUglD3CZJT4lBs=', NULL) ON CONFLICT(id_) DO NOTHING;
INSERT INTO act_id_user (id_, rev_, first_, last_, email_, pwd_, picture_id_) VALUES ('Yelena.Sergeeva@kcell.kz', 1, 'Yelena', 'Sergeeva', 'Yelena.Sergeeva@kcell.kz', '{SHA}fEqNCco3Yq9h5ZUglD3CZJT4lBs=', NULL) ON CONFLICT(id_) DO NOTHING;
INSERT INTO act_id_user (id_, rev_, first_, last_, email_, pwd_, picture_id_) VALUES ('Anel.Udanova@kcell.kz', 1, 'Anel', 'Udanova', 'Anel.Udanova@kcell.kz', '{SHA}fEqNCco3Yq9h5ZUglD3CZJT4lBs=', NULL) ON CONFLICT(id_) DO NOTHING;
INSERT INTO act_id_user (id_, rev_, first_, last_, email_, pwd_, picture_id_) VALUES ('Yuliya.Luchshikova@kcell.kz', 1, 'Yuliya', 'Luchshikova', 'Yuliya.Luchshikova@kcell.kz', '{SHA}fEqNCco3Yq9h5ZUglD3CZJT4lBs=', NULL) ON CONFLICT(id_) DO NOTHING;
INSERT INTO act_id_user (id_, rev_, first_, last_, email_, pwd_, picture_id_) VALUES ('Andrey.Kravchenko@kcell.kz', 1, 'Andrey', 'Kravchenko', 'Andrey.Kravchenko@kcell.kz', '{SHA}fEqNCco3Yq9h5ZUglD3CZJT4lBs=', NULL) ON CONFLICT(id_) DO NOTHING;
INSERT INTO act_id_user (id_, rev_, first_, last_, email_, pwd_, picture_id_) VALUES ('Maxim.Pesterev@kcell.kz', 1, 'Maxim', 'Pesterev', 'Maxim.Pesterev@kcell.kz', '{SHA}fEqNCco3Yq9h5ZUglD3CZJT4lBs=', NULL) ON CONFLICT(id_) DO NOTHING;
INSERT INTO act_id_user (id_, rev_, first_, last_, email_, pwd_, picture_id_) VALUES ('Timur.Baisbaev@kcell.kz', 1, 'Timur', 'Baisbaev', 'Timur.Baisbaev@kcell.kz', '{SHA}fEqNCco3Yq9h5ZUglD3CZJT4lBs=', NULL) ON CONFLICT(id_) DO NOTHING;
INSERT INTO act_id_user (id_, rev_, first_, last_, email_, pwd_, picture_id_) VALUES ('Vassiliy.Perekrestov@kcell.kz', 1, 'Vassiliy', 'Perekrestov', 'Vassiliy.Perekrestov@kcell.kz', '{SHA}fEqNCco3Yq9h5ZUglD3CZJT4lBs=', NULL) ON CONFLICT(id_) DO NOTHING;
INSERT INTO act_id_user (id_, rev_, first_, last_, email_, pwd_, picture_id_) VALUES ('Irina.Belova@kcell.kz', 1, 'Irina', 'Belova', 'Irina.Belova@kcell.kz', '{SHA}fEqNCco3Yq9h5ZUglD3CZJT4lBs=', NULL) ON CONFLICT(id_) DO NOTHING;
INSERT INTO act_id_user (id_, rev_, first_, last_, email_, pwd_, picture_id_) VALUES ('Svetlana.Tyurina@kcell.kz', 1, 'Svetlana', 'Tyurina', 'Svetlana.Tyurina@kcell.kz', '{SHA}fEqNCco3Yq9h5ZUglD3CZJT4lBs=', NULL) ON CONFLICT(id_) DO NOTHING;
INSERT INTO act_id_user (id_, rev_, first_, last_, email_, pwd_, picture_id_) VALUES ('Assya.Yeriskina@kcell.kz', 1, 'Assya', 'Yeriskina', 'Assya.Yeriskina@kcell.kz', '{SHA}fEqNCco3Yq9h5ZUglD3CZJT4lBs=', NULL) ON CONFLICT(id_) DO NOTHING;
INSERT INTO act_id_user (id_, rev_, first_, last_, email_, pwd_, picture_id_) VALUES ('Vitaliy.Fedorov@kcell.kz', 1, 'Vitaliy', 'Fedorov', 'Vitaliy.Fedorov@kcell.kz', '{SHA}fEqNCco3Yq9h5ZUglD3CZJT4lBs=', NULL) ON CONFLICT(id_) DO NOTHING;
INSERT INTO act_id_user (id_, rev_, first_, last_, email_, pwd_, picture_id_) VALUES ('Elmira.Omarova@kcell.kz', 1, 'Elmira', 'Omarova', 'Elmira.Omarova@kcell.kz', '{SHA}fEqNCco3Yq9h5ZUglD3CZJT4lBs=', NULL) ON CONFLICT(id_) DO NOTHING;
INSERT INTO act_id_user (id_, rev_, first_, last_, email_, pwd_, picture_id_) VALUES ('Malika.Minzhulina2@kcell.kz', 1, 'Malika', 'Minzhulina', 'Malika.Minzhulina2@kcell.kz', '{SHA}fEqNCco3Yq9h5ZUglD3CZJT4lBs=', NULL) ON CONFLICT(id_) DO NOTHING;
INSERT INTO act_id_user (id_, rev_, first_, last_, email_, pwd_, picture_id_) VALUES ('Olga.Sergeyeva@kcell.kz', 1, 'Olga', 'Sergeyeva', 'Olga.Sergeyeva@kcell.kz', '{SHA}fEqNCco3Yq9h5ZUglD3CZJT4lBs=', NULL) ON CONFLICT(id_) DO NOTHING;
INSERT INTO act_id_user (id_, rev_, first_, last_, email_, pwd_, picture_id_) VALUES ('Svetlana.Maslyannaya@kcell.kz', 1, 'Svetlana', 'Maslyannaya', 'Svetlana.Maslyannaya@kcell.kz', '{SHA}fEqNCco3Yq9h5ZUglD3CZJT4lBs=', NULL) ON CONFLICT(id_) DO NOTHING;
INSERT INTO act_id_user (id_, rev_, first_, last_, email_, pwd_, picture_id_) VALUES ('Nikolai.Naumov@kcell.kz', 1, 'Nikolai', 'Naumov', 'Nikolai.Naumov@kcell.kz', '{SHA}fEqNCco3Yq9h5ZUglD3CZJT4lBs=', NULL) ON CONFLICT(id_) DO NOTHING;
INSERT INTO act_id_user (id_, rev_, first_, last_, email_, pwd_, picture_id_) VALUES ('Tatyana.Agapova@kcell.kz', 1, 'Tatyana', 'Agapova', 'Tatyana.Agapova@kcell.kz', '{SHA}fEqNCco3Yq9h5ZUglD3CZJT4lBs=', NULL) ON CONFLICT(id_) DO NOTHING;
INSERT INTO act_id_user (id_, rev_, first_, last_, email_, pwd_, picture_id_) VALUES ('Batima.Aimagambetova@kcell.kz', 1, 'Batima', 'Aimagambetova', 'Batima.Aimagambetova@kcell.kz', '{SHA}fEqNCco3Yq9h5ZUglD3CZJT4lBs=', NULL) ON CONFLICT(id_) DO NOTHING;
INSERT INTO act_id_user (id_, rev_, first_, last_, email_, pwd_, picture_id_) VALUES ('Kirill.Klimov@kcell.kz', 1, 'Kirill', 'Klimovkz', 'Kirill.Klimov@kcell.kz', '{SHA}fEqNCco3Yq9h5ZUglD3CZJT4lBs=', NULL) ON CONFLICT(id_) DO NOTHING;


-- GROUPS
INSERT INTO act_id_group (id_, rev_, name_, type_) VALUES ('delivery_pbx_users', 1, 'delivery pbx users', 'WORKFLOW') ON CONFLICT(id_) DO NOTHING;
INSERT INTO act_id_group (id_, rev_, name_, type_) VALUES ('delivery_pbx_b2b_delivery', 1, 'delivery pbx b2b delivery', 'WORKFLOW') ON CONFLICT(id_) DO NOTHING;
INSERT INTO act_id_group (id_, rev_, name_, type_) VALUES ('delivery_pbx_tic_sales_support_team', 1, 'delivery pbx tic sales support team', 'WORKFLOW') ON CONFLICT(id_) DO NOTHING;
INSERT INTO act_id_group (id_, rev_, name_, type_) VALUES ('delivery_pbx_sip_proxy_technical_dept', 1, 'delivery pbx sip proxy technical dept', 'WORKFLOW') ON CONFLICT(id_) DO NOTHING;
INSERT INTO act_id_group (id_, rev_, name_, type_) VALUES ('delivery_pbx_asterisk_technical_dept', 1, 'delivery pbx asterisk technical dept', 'WORKFLOW') ON CONFLICT(id_) DO NOTHING;
INSERT INTO act_id_group (id_, rev_, name_, type_) VALUES ('delivery_pbx_sbc_technical_dept', 1, 'delivery pbx sbc technical dept', 'WORKFLOW') ON CONFLICT(id_) DO NOTHING;
INSERT INTO act_id_group (id_, rev_, name_, type_) VALUES ('delivery_pbx_osst', 1, 'delivery pbx osst', 'WORKFLOW') ON CONFLICT(id_) DO NOTHING;
INSERT INTO act_id_group (id_, rev_, name_, type_) VALUES ('delivery_it_delivery', 1, 'delivery it delivery', 'WORKFLOW') ON CONFLICT(id_) DO NOTHING;
INSERT INTO act_id_group (id_, rev_, name_, type_) VALUES ('delivery_pbx_b2b_managers', 1, 'delivery pbx b2b managers', 'WORKFLOW') ON CONFLICT(id_) DO NOTHING;
INSERT INTO act_id_group (id_, rev_, name_, type_) VALUES ('delivery_pbx_bsst', 1, 'delivery pbx bsst', 'WORKFLOW') ON CONFLICT(id_) DO NOTHING;
INSERT INTO act_id_group (id_, rev_, name_, type_) VALUES ('delivery_pbx_enterprise_data_network', 1, 'delivery pbx enterprise data network', 'WORKFLOW') ON CONFLICT(id_) DO NOTHING;
INSERT INTO act_id_group (id_, rev_, name_, type_) VALUES ('delivery_pbx_contract_sales_support_team', 1, 'delivery pbx contract sales support team', 'WORKFLOW') ON CONFLICT(id_) DO NOTHING;
INSERT INTO act_id_group (id_, rev_, name_, type_) VALUES ('delivery_pbx_docs_logistics_support', 1, 'delivery pbx docs logistics support', 'WORKFLOW') ON CONFLICT(id_) DO NOTHING;
INSERT INTO act_id_group (id_, rev_, name_, type_) VALUES ('delivery_voice_network', 1, 'delivery voice network', 'WORKFLOW') ON CONFLICT(id_) DO NOTHING;


-- MEMBERSHIPS
----- kcellUsers
INSERT INTO act_id_membership (user_id_, group_id_) VALUES ('Aisulu.Kapassova@kcell.kz', 'kcellUsers') ON CONFLICT (user_id_, group_id_) DO NOTHING;
INSERT INTO act_id_membership (user_id_, group_id_) VALUES ('Damir.Auezov@kcell.kz', 'kcellUsers') ON CONFLICT (user_id_, group_id_) DO NOTHING;
INSERT INTO act_id_membership (user_id_, group_id_) VALUES ('Elena.Blinova@kcell.kz', 'kcellUsers') ON CONFLICT (user_id_, group_id_) DO NOTHING;
INSERT INTO act_id_membership (user_id_, group_id_) VALUES ('Mariya.Dmitruk@kcell.kz', 'kcellUsers') ON CONFLICT (user_id_, group_id_) DO NOTHING;
INSERT INTO act_id_membership (user_id_, group_id_) VALUES ('Stepan.Kipel@kcell.kz', 'kcellUsers') ON CONFLICT (user_id_, group_id_) DO NOTHING;
INSERT INTO act_id_membership (user_id_, group_id_) VALUES ('Anatoliy.Khan@kcell.kz', 'kcellUsers') ON CONFLICT (user_id_, group_id_) DO NOTHING;
INSERT INTO act_id_membership (user_id_, group_id_) VALUES ('Valentin.Lissassin@kcell.kz', 'kcellUsers') ON CONFLICT (user_id_, group_id_) DO NOTHING;
INSERT INTO act_id_membership (user_id_, group_id_) VALUES ('Valeriy.Polikarpov@kcell.kz', 'kcellUsers') ON CONFLICT (user_id_, group_id_) DO NOTHING;
INSERT INTO act_id_membership (user_id_, group_id_) VALUES ('Evgeniy.Grebnev@kcell.kz', 'kcellUsers') ON CONFLICT (user_id_, group_id_) DO NOTHING;
INSERT INTO act_id_membership (user_id_, group_id_) VALUES ('Roman.Shakhmatov@kcell.kz', 'kcellUsers') ON CONFLICT (user_id_, group_id_) DO NOTHING;
INSERT INTO act_id_membership (user_id_, group_id_) VALUES ('Alexandr.Varfolomeyev@kcell.kz', 'kcellUsers') ON CONFLICT (user_id_, group_id_) DO NOTHING;
INSERT INTO act_id_membership (user_id_, group_id_) VALUES ('Rustambek.Kebirov@kcell.kz', 'kcellUsers') ON CONFLICT (user_id_, group_id_) DO NOTHING;
INSERT INTO act_id_membership (user_id_, group_id_) VALUES ('Stanislav.Li@kcell.kz', 'kcellUsers') ON CONFLICT (user_id_, group_id_) DO NOTHING;
INSERT INTO act_id_membership (user_id_, group_id_) VALUES ('Yelena.Sergeeva@kcell.kz', 'kcellUsers') ON CONFLICT (user_id_, group_id_) DO NOTHING;
INSERT INTO act_id_membership (user_id_, group_id_) VALUES ('Anel.Udanova@kcell.kz', 'kcellUsers') ON CONFLICT (user_id_, group_id_) DO NOTHING;
INSERT INTO act_id_membership (user_id_, group_id_) VALUES ('Yuliya.Luchshikova@kcell.kz', 'kcellUsers') ON CONFLICT (user_id_, group_id_) DO NOTHING;
INSERT INTO act_id_membership (user_id_, group_id_) VALUES ('Andrey.Kravchenko@kcell.kz', 'kcellUsers') ON CONFLICT (user_id_, group_id_) DO NOTHING;
INSERT INTO act_id_membership (user_id_, group_id_) VALUES ('Maxim.Pesterev@kcell.kz', 'kcellUsers') ON CONFLICT (user_id_, group_id_) DO NOTHING;
INSERT INTO act_id_membership (user_id_, group_id_) VALUES ('Timur.Baisbaev@kcell.kz', 'kcellUsers') ON CONFLICT (user_id_, group_id_) DO NOTHING;
INSERT INTO act_id_membership (user_id_, group_id_) VALUES ('Vassiliy.Perekrestov@kcell.kz', 'kcellUsers') ON CONFLICT (user_id_, group_id_) DO NOTHING;
INSERT INTO act_id_membership (user_id_, group_id_) VALUES ('Irina.Belova@kcell.kz', 'kcellUsers') ON CONFLICT (user_id_, group_id_) DO NOTHING;
INSERT INTO act_id_membership (user_id_, group_id_) VALUES ('Svetlana.Tyurina@kcell.kz', 'kcellUsers') ON CONFLICT (user_id_, group_id_) DO NOTHING;
INSERT INTO act_id_membership (user_id_, group_id_) VALUES ('Assya.Yeriskina@kcell.kz', 'kcellUsers') ON CONFLICT (user_id_, group_id_) DO NOTHING;
INSERT INTO act_id_membership (user_id_, group_id_) VALUES ('Vitaliy.Fedorov@kcell.kz', 'kcellUsers') ON CONFLICT (user_id_, group_id_) DO NOTHING;
INSERT INTO act_id_membership (user_id_, group_id_) VALUES ('Elmira.Omarova@kcell.kz', 'kcellUsers') ON CONFLICT (user_id_, group_id_) DO NOTHING;
INSERT INTO act_id_membership (user_id_, group_id_) VALUES ('Malika.Minzhulina2@kcell.kz', 'kcellUsers') ON CONFLICT (user_id_, group_id_) DO NOTHING;
INSERT INTO act_id_membership (user_id_, group_id_) VALUES ('Olga.Sergeyeva@kcell.kz', 'kcellUsers') ON CONFLICT (user_id_, group_id_) DO NOTHING;
INSERT INTO act_id_membership (user_id_, group_id_) VALUES ('Svetlana.Maslyannaya@kcell.kz', 'kcellUsers') ON CONFLICT (user_id_, group_id_) DO NOTHING;
INSERT INTO act_id_membership (user_id_, group_id_) VALUES ('Nikolai.Naumov@kcell.kz', 'kcellUsers') ON CONFLICT (user_id_, group_id_) DO NOTHING;
INSERT INTO act_id_membership (user_id_, group_id_) VALUES ('Tatyana.Agapova@kcell.kz', 'kcellUsers') ON CONFLICT (user_id_, group_id_) DO NOTHING;
INSERT INTO act_id_membership (user_id_, group_id_) VALUES ('Batima.Aimagambetova@kcell.kz', 'kcellUsers') ON CONFLICT (user_id_, group_id_) DO NOTHING;
INSERT INTO act_id_membership (user_id_, group_id_) VALUES ('Kirill.Klimov@kcell.kz', 'kcellUsers') ON CONFLICT (user_id_, group_id_) DO NOTHING;

----- delivery_pbx_users
INSERT INTO act_id_membership (user_id_, group_id_) VALUES ('Aisulu.Kapassova@kcell.kz', 'delivery_pbx_users') ON CONFLICT (user_id_, group_id_) DO NOTHING;
INSERT INTO act_id_membership (user_id_, group_id_) VALUES ('Damir.Auezov@kcell.kz', 'delivery_pbx_users') ON CONFLICT (user_id_, group_id_) DO NOTHING;
INSERT INTO act_id_membership (user_id_, group_id_) VALUES ('Elena.Blinova@kcell.kz', 'delivery_pbx_users') ON CONFLICT (user_id_, group_id_) DO NOTHING;
INSERT INTO act_id_membership (user_id_, group_id_) VALUES ('Mariya.Dmitruk@kcell.kz', 'delivery_pbx_users') ON CONFLICT (user_id_, group_id_) DO NOTHING;
INSERT INTO act_id_membership (user_id_, group_id_) VALUES ('Stepan.Kipel@kcell.kz', 'delivery_pbx_users') ON CONFLICT (user_id_, group_id_) DO NOTHING;
INSERT INTO act_id_membership (user_id_, group_id_) VALUES ('Anatoliy.Khan@kcell.kz', 'delivery_pbx_users') ON CONFLICT (user_id_, group_id_) DO NOTHING;
INSERT INTO act_id_membership (user_id_, group_id_) VALUES ('Valentin.Lissassin@kcell.kz', 'delivery_pbx_users') ON CONFLICT (user_id_, group_id_) DO NOTHING;
INSERT INTO act_id_membership (user_id_, group_id_) VALUES ('Valeriy.Polikarpov@kcell.kz', 'delivery_pbx_users') ON CONFLICT (user_id_, group_id_) DO NOTHING;
INSERT INTO act_id_membership (user_id_, group_id_) VALUES ('Evgeniy.Grebnev@kcell.kz', 'delivery_pbx_users') ON CONFLICT (user_id_, group_id_) DO NOTHING;
INSERT INTO act_id_membership (user_id_, group_id_) VALUES ('Roman.Shakhmatov@kcell.kz', 'delivery_pbx_users') ON CONFLICT (user_id_, group_id_) DO NOTHING;
INSERT INTO act_id_membership (user_id_, group_id_) VALUES ('Alexandr.Varfolomeyev@kcell.kz', 'delivery_pbx_users') ON CONFLICT (user_id_, group_id_) DO NOTHING;
INSERT INTO act_id_membership (user_id_, group_id_) VALUES ('Rustambek.Kebirov@kcell.kz', 'delivery_pbx_users') ON CONFLICT (user_id_, group_id_) DO NOTHING;
INSERT INTO act_id_membership (user_id_, group_id_) VALUES ('Stanislav.Li@kcell.kz', 'delivery_pbx_users') ON CONFLICT (user_id_, group_id_) DO NOTHING;
INSERT INTO act_id_membership (user_id_, group_id_) VALUES ('Yelena.Sergeeva@kcell.kz', 'delivery_pbx_users') ON CONFLICT (user_id_, group_id_) DO NOTHING;
INSERT INTO act_id_membership (user_id_, group_id_) VALUES ('Anel.Udanova@kcell.kz', 'delivery_pbx_users') ON CONFLICT (user_id_, group_id_) DO NOTHING;
INSERT INTO act_id_membership (user_id_, group_id_) VALUES ('Yuliya.Luchshikova@kcell.kz', 'delivery_pbx_users') ON CONFLICT (user_id_, group_id_) DO NOTHING;
INSERT INTO act_id_membership (user_id_, group_id_) VALUES ('Andrey.Kravchenko@kcell.kz', 'delivery_pbx_users') ON CONFLICT (user_id_, group_id_) DO NOTHING;
INSERT INTO act_id_membership (user_id_, group_id_) VALUES ('Maxim.Pesterev@kcell.kz', 'delivery_pbx_users') ON CONFLICT (user_id_, group_id_) DO NOTHING;
INSERT INTO act_id_membership (user_id_, group_id_) VALUES ('Timur.Baisbaev@kcell.kz', 'delivery_pbx_users') ON CONFLICT (user_id_, group_id_) DO NOTHING;
INSERT INTO act_id_membership (user_id_, group_id_) VALUES ('Vassiliy.Perekrestov@kcell.kz', 'delivery_pbx_users') ON CONFLICT (user_id_, group_id_) DO NOTHING;
INSERT INTO act_id_membership (user_id_, group_id_) VALUES ('Irina.Belova@kcell.kz', 'delivery_pbx_users') ON CONFLICT (user_id_, group_id_) DO NOTHING;
INSERT INTO act_id_membership (user_id_, group_id_) VALUES ('Svetlana.Tyurina@kcell.kz', 'delivery_pbx_users') ON CONFLICT (user_id_, group_id_) DO NOTHING;
INSERT INTO act_id_membership (user_id_, group_id_) VALUES ('Assya.Yeriskina@kcell.kz', 'delivery_pbx_users') ON CONFLICT (user_id_, group_id_) DO NOTHING;
INSERT INTO act_id_membership (user_id_, group_id_) VALUES ('Vitaliy.Fedorov@kcell.kz', 'delivery_pbx_users') ON CONFLICT (user_id_, group_id_) DO NOTHING;
INSERT INTO act_id_membership (user_id_, group_id_) VALUES ('Elmira.Omarova@kcell.kz', 'delivery_pbx_users') ON CONFLICT (user_id_, group_id_) DO NOTHING;
INSERT INTO act_id_membership (user_id_, group_id_) VALUES ('Malika.Minzhulina2@kcell.kz', 'delivery_pbx_users') ON CONFLICT (user_id_, group_id_) DO NOTHING;
INSERT INTO act_id_membership (user_id_, group_id_) VALUES ('Olga.Sergeyeva@kcell.kz', 'delivery_pbx_users') ON CONFLICT (user_id_, group_id_) DO NOTHING;
INSERT INTO act_id_membership (user_id_, group_id_) VALUES ('Svetlana.Maslyannaya@kcell.kz', 'delivery_pbx_users') ON CONFLICT (user_id_, group_id_) DO NOTHING;
INSERT INTO act_id_membership (user_id_, group_id_) VALUES ('Nikolai.Naumov@kcell.kz', 'delivery_pbx_users') ON CONFLICT (user_id_, group_id_) DO NOTHING;
INSERT INTO act_id_membership (user_id_, group_id_) VALUES ('Tatyana.Agapova@kcell.kz', 'delivery_pbx_users') ON CONFLICT (user_id_, group_id_) DO NOTHING;
INSERT INTO act_id_membership (user_id_, group_id_) VALUES ('Batima.Aimagambetova@kcell.kz', 'delivery_pbx_users') ON CONFLICT (user_id_, group_id_) DO NOTHING;
INSERT INTO act_id_membership (user_id_, group_id_) VALUES ('Kirill.Klimov@kcell.kz', 'delivery_pbx_users') ON CONFLICT (user_id_, group_id_) DO NOTHING;

INSERT INTO act_id_membership (user_id_, group_id_) VALUES ('Aisulu.Kapassova@kcell.kz', 'delivery_pbx_b2b_delivery') ON CONFLICT (user_id_, group_id_) DO NOTHING;
INSERT INTO act_id_membership (user_id_, group_id_) VALUES ('Damir.Auezov@kcell.kz', 'delivery_pbx_b2b_delivery') ON CONFLICT (user_id_, group_id_) DO NOTHING;
INSERT INTO act_id_membership (user_id_, group_id_) VALUES ('Elena.Blinova@kcell.kz', 'delivery_pbx_tic_sales_support_team') ON CONFLICT (user_id_, group_id_) DO NOTHING;
INSERT INTO act_id_membership (user_id_, group_id_) VALUES ('Mariya.Dmitruk@kcell.kz', 'delivery_pbx_tic_sales_support_team') ON CONFLICT (user_id_, group_id_) DO NOTHING;
INSERT INTO act_id_membership (user_id_, group_id_) VALUES ('Stepan.Kipel@kcell.kz', 'delivery_pbx_sip_proxy_technical_dept') ON CONFLICT (user_id_, group_id_) DO NOTHING;
INSERT INTO act_id_membership (user_id_, group_id_) VALUES ('Anatoliy.Khan@kcell.kz', 'delivery_pbx_sip_proxy_technical_dept') ON CONFLICT (user_id_, group_id_) DO NOTHING;
INSERT INTO act_id_membership (user_id_, group_id_) VALUES ('Valentin.Lissassin@kcell.kz', 'delivery_pbx_asterisk_technical_dept') ON CONFLICT (user_id_, group_id_) DO NOTHING;
INSERT INTO act_id_membership (user_id_, group_id_) VALUES ('Valeriy.Polikarpov@kcell.kz', 'delivery_pbx_asterisk_technical_dept') ON CONFLICT (user_id_, group_id_) DO NOTHING;
INSERT INTO act_id_membership (user_id_, group_id_) VALUES ('Evgeniy.Grebnev@kcell.kz', 'delivery_pbx_sbc_technical_dept') ON CONFLICT (user_id_, group_id_) DO NOTHING;
INSERT INTO act_id_membership (user_id_, group_id_) VALUES ('Roman.Shakhmatov@kcell.kz', 'delivery_pbx_sbc_technical_dept') ON CONFLICT (user_id_, group_id_) DO NOTHING;
INSERT INTO act_id_membership (user_id_, group_id_) VALUES ('Alexandr.Varfolomeyev@kcell.kz', 'delivery_pbx_osst') ON CONFLICT (user_id_, group_id_) DO NOTHING;
INSERT INTO act_id_membership (user_id_, group_id_) VALUES ('Rustambek.Kebirov@kcell.kz', 'delivery_pbx_osst') ON CONFLICT (user_id_, group_id_) DO NOTHING;
INSERT INTO act_id_membership (user_id_, group_id_) VALUES ('Stanislav.Li@kcell.kz', 'delivery_it_delivery') ON CONFLICT (user_id_, group_id_) DO NOTHING;
INSERT INTO act_id_membership (user_id_, group_id_) VALUES ('Yelena.Sergeeva@kcell.kz', 'delivery_pbx_b2b_managers') ON CONFLICT (user_id_, group_id_) DO NOTHING;
INSERT INTO act_id_membership (user_id_, group_id_) VALUES ('Anel.Udanova@kcell.kz', 'delivery_pbx_bsst') ON CONFLICT (user_id_, group_id_) DO NOTHING;
INSERT INTO act_id_membership (user_id_, group_id_) VALUES ('Yuliya.Luchshikova@kcell.kz', 'delivery_pbx_bsst') ON CONFLICT (user_id_, group_id_) DO NOTHING;
INSERT INTO act_id_membership (user_id_, group_id_) VALUES ('Olga.Sergeyeva@kcell.kz', 'delivery_pbx_bsst') ON CONFLICT (user_id_, group_id_) DO NOTHING;
INSERT INTO act_id_membership (user_id_, group_id_) VALUES ('Svetlana.Maslyannaya@kcell.kz', 'delivery_pbx_bsst') ON CONFLICT (user_id_, group_id_) DO NOTHING;
INSERT INTO act_id_membership (user_id_, group_id_) VALUES ('Andrey.Kravchenko@kcell.kz', 'delivery_pbx_enterprise_data_network') ON CONFLICT (user_id_, group_id_) DO NOTHING;
INSERT INTO act_id_membership (user_id_, group_id_) VALUES ('Maxim.Pesterev@kcell.kz', 'delivery_pbx_enterprise_data_network') ON CONFLICT (user_id_, group_id_) DO NOTHING;
INSERT INTO act_id_membership (user_id_, group_id_) VALUES ('Timur.Baisbaev@kcell.kz', 'delivery_pbx_enterprise_data_network') ON CONFLICT (user_id_, group_id_) DO NOTHING;
INSERT INTO act_id_membership (user_id_, group_id_) VALUES ('Vassiliy.Perekrestov@kcell.kz', 'delivery_pbx_enterprise_data_network') ON CONFLICT (user_id_, group_id_) DO NOTHING;
INSERT INTO act_id_membership (user_id_, group_id_) VALUES ('Irina.Belova@kcell.kz', 'delivery_pbx_contract_sales_support_team') ON CONFLICT (user_id_, group_id_) DO NOTHING;
INSERT INTO act_id_membership (user_id_, group_id_) VALUES ('Vitaliy.Fedorov@kcell.kz', 'delivery_pbx_contract_sales_support_team') ON CONFLICT (user_id_, group_id_) DO NOTHING;
INSERT INTO act_id_membership (user_id_, group_id_) VALUES ('Elmira.Omarova@kcell.kz', 'delivery_pbx_docs_logistics_support') ON CONFLICT (user_id_, group_id_) DO NOTHING;
INSERT INTO act_id_membership (user_id_, group_id_) VALUES ('Malika.Minzhulina2@kcell.kz', 'delivery_pbx_docs_logistics_support') ON CONFLICT (user_id_, group_id_) DO NOTHING;
INSERT INTO act_id_membership (user_id_, group_id_) VALUES ('Nikolai.Naumov@kcell.kz', 'delivery_voice_network') ON CONFLICT (user_id_, group_id_) DO NOTHING;
INSERT INTO act_id_membership (user_id_, group_id_) VALUES ('Tatyana.Agapova@kcell.kz', 'delivery_voice_network') ON CONFLICT (user_id_, group_id_) DO NOTHING;
INSERT INTO act_id_membership (user_id_, group_id_) VALUES ('Batima.Aimagambetova@kcell.kz', 'delivery_voice_network') ON CONFLICT (user_id_, group_id_) DO NOTHING;
INSERT INTO act_id_membership (user_id_, group_id_) VALUES ('Kirill.Klimov@kcell.kz', 'delivery_voice_network') ON CONFLICT (user_id_, group_id_) DO NOTHING;


-- PROCESS DEFINITION AUTHORIZATION (READ, READ_TASK, READ_INSTANCE, READ_HISTORY)
INSERT INTO act_ru_authorization (id_, rev_, type_, group_id_, user_id_, resource_type_, resource_id_, perms_) VALUES (uuid_generate_v4(), 1, 1, 'delivery_pbx_b2b_delivery', NULL, 6, 'revolvingNumbers', 37698) ON CONFLICT ON CONSTRAINT ACT_UNIQ_AUTH_GROUP DO NOTHING;
INSERT INTO act_ru_authorization (id_, rev_, type_, group_id_, user_id_, resource_type_, resource_id_, perms_) VALUES (uuid_generate_v4(), 1, 1, 'delivery_pbx_users', NULL, 6, 'revolvingNumbers', 4674) ON CONFLICT ON CONSTRAINT ACT_UNIQ_AUTH_GROUP DO NOTHING;

commit;
