
begin;

INSERT INTO public.act_id_group (id_, rev_, name_, type_) VALUES ('delivery_provider_sms_consult', 1, 'delivery_provider_sms_consult', 'WORKFLOW') ON CONFLICT(id_) DO NOTHING;;
INSERT INTO public.act_id_group (id_, rev_, name_, type_) VALUES ('delivery_provider_mms', 1, 'delivery_provider_mms', 'WORKFLOW') ON CONFLICT(id_) DO NOTHING;;
INSERT INTO public.act_id_group (id_, rev_, name_, type_) VALUES ('delivery_provider_kit', 1, 'delivery_provider_kit', 'WORKFLOW') ON CONFLICT(id_) DO NOTHING;;
INSERT INTO public.act_id_group (id_, rev_, name_, type_) VALUES ('delivery_sms_ivr_b2b_delivery', 1, 'delivery_sms_ivr_b2b_delivery', 'WORKFLOW') ON CONFLICT(id_) DO NOTHING;;
INSERT INTO public.act_id_group (id_, rev_, name_, type_) VALUES ('delivery_enterprise_data_network', 1, 'delivery_enterprise_data_network', 'WORKFLOW') ON CONFLICT(id_) DO NOTHING;;
INSERT INTO public.act_id_group (id_, rev_, name_, type_) VALUES ('delivery_voice_network', 1, 'delivery_voice_network', 'WORKFLOW') ON CONFLICT(id_) DO NOTHING;;
INSERT INTO public.act_id_group (id_, rev_, name_, type_) VALUES ('delivery_transmission_network_operations', 1, 'delivery_transmission_network_operations', 'WORKFLOW') ON CONFLICT(id_) DO NOTHING;;
INSERT INTO public.act_id_group (id_, rev_, name_, type_) VALUES ('delivery_it_delivery', 1, 'delivery_it_delivery', 'WORKFLOW') ON CONFLICT(id_) DO NOTHING;;
INSERT INTO public.act_id_group (id_, rev_, name_, type_) VALUES ('delivery_tech_sao_so_cvo', 1, 'delivery_tech_sao_so_cvo', 'WORKFLOW') ON CONFLICT(id_) DO NOTHING;;
INSERT INTO public.act_id_group (id_, rev_, name_, type_) VALUES ('delivery_SMSGW_admin', 1, 'delivery_SMSGW_admin', 'WORKFLOW') ON CONFLICT(id_) DO NOTHING;

INSERT INTO public.act_ru_authorization (id_, rev_, type_, group_id_, user_id_, resource_type_, resource_id_, perms_) VALUES ('a866c6ad-658e-11e9-8402-0242ac12000a', 1, 1, 'delivery_freephone_users', null, 6, 'after-sales-ivr-sms', 4930) ON CONFLICT(id_) DO NOTHING;
INSERT INTO public.act_ru_authorization (id_, rev_, type_, group_id_, user_id_, resource_type_, resource_id_, perms_) VALUES ('e973749e-658e-11e9-8402-0242ac12000a', 1, 1, 'delivery_sms_users', null, 6, 'after-sales-ivr-sms', 4930) ON CONFLICT(id_) DO NOTHING;
INSERT INTO public.act_ru_authorization (id_, rev_, type_, group_id_, user_id_, resource_type_, resource_id_, perms_) VALUES ('dddb9cff-884c-11e9-a2d6-0242ac12000a', 2, 1, 'delivery_freephone_users', null, 6, 'ivr_disconnection', 4930) ON CONFLICT(id_) DO NOTHING;
INSERT INTO public.act_ru_authorization (id_, rev_, type_, group_id_, user_id_, resource_type_, resource_id_, perms_) VALUES ('e4716cac-883a-11e9-ad9a-0242ac12000a', 2, 1, 'delivery_sms_users', null, 6, 'BulkSMS_disconnection', 4930) ON CONFLICT(id_) DO NOTHING;
INSERT INTO public.act_ru_authorization (id_, rev_, type_, group_id_, user_id_, resource_type_, resource_id_, perms_) VALUES ('254eef21-884d-11e9-a2d6-0242ac12000a', 1, 1, 'delivery_sms_users', null, 6, 'changeConnectionType', 4930) ON CONFLICT(id_) DO NOTHING;
INSERT INTO public.act_ru_authorization (id_, rev_, type_, group_id_, user_id_, resource_type_, resource_id_, perms_) VALUES ('105d25f0-884d-11e9-a2d6-0242ac12000a', 2, 1, 'delivery_freephone_users', null, 6, 'changeConnectionType', 4930) ON CONFLICT(id_) DO NOTHING;

INSERT INTO public.act_id_user (id_, rev_, first_, last_, email_, pwd_, picture_id_, salt_, lock_exp_time_, attempts_) VALUES ('Pavel.Borgul@kcell.kz', 2, 'Pavel', 'Borgul', 'Pavel.Borgul@kcell.kz', '{SHA-512}DhqxY2MTmb+QMac/TDoetlDmWtf/IULnI+Ofkm6FdbkBSqT2eLVJ3tFdn96Fs4OFnvv7GskNnjVGF6QY7PBFhw==', null, 'tLSdWo1Om7gB6uluLlEa6Q==', null, 0) ON CONFLICT(id_) DO NOTHING;
INSERT INTO public.act_id_user (id_, rev_, first_, last_, email_, pwd_, picture_id_, salt_, lock_exp_time_, attempts_) VALUES ('Alexandr.Vasilyev@kcell.kz', 9, 'Alexandr', 'Vasilyev', 'Alexandr.Vasilyev@kcell.kz', '{SHA-512}Q3LCjev5PBu25qH6qRpxbrXe75cHcfOGc6okIZES+XkTiho7x8jXkHlEEBmg2iBvO9RqXhmtSv6ymNYrhjcZqQ==', null, 'nGmJIfFqWsqZCryj+EhRWw==', null, 0) ON CONFLICT(id_) DO NOTHING;
INSERT INTO public.act_id_user (id_, rev_, first_, last_, email_, pwd_, picture_id_, salt_, lock_exp_time_, attempts_) VALUES ('Aidarbek.Sultan@kcell.kz', 7, 'Aidarbek', 'Sultan', 'Aidarbek.Sultan@kcell.kz', '{SHA}ieSV55Qc+eQOaYDRSha/AjzNTJE=', null, null, null, 0) ON CONFLICT(id_) DO NOTHING;
INSERT INTO public.act_id_user (id_, rev_, first_, last_, email_, pwd_, picture_id_, salt_, lock_exp_time_, attempts_) VALUES ('Albina.Nukibayeva@kcell.kz', 1, 'Albina', 'Nukibayeva', 'Albina.Nukibayeva@kcell.kz', '{SHA}ieSV55Qc+eQOaYDRSha/AjzNTJE=', null, null, null, null) ON CONFLICT(id_) DO NOTHING;
INSERT INTO public.act_id_user (id_, rev_, first_, last_, email_, pwd_, picture_id_, salt_, lock_exp_time_, attempts_) VALUES ('Stanislav.Li@kcell.kz', 1, 'Stanislav', 'Li', 'Stanislav.Li@kcell.kz', '{SHA-512}XGM7mTxqjK6vl5BCVZT/8P/8FHFxgMByJSSPWQo/+YrpRSSZgYNTz17pmlxp7dw8yjzRixLu0M/wqahTMxkoKw==', null, 'T5RKRxeRDxyL/ID99CpHFA==', null, null) ON CONFLICT(id_) DO NOTHING;
INSERT INTO public.act_id_user (id_, rev_, first_, last_, email_, pwd_, picture_id_, salt_, lock_exp_time_, attempts_) VALUES ('Roman.Shakhmatov@kcell.kz', 1, 'Roman', 'Shakhmatov', 'Roman.Shakhmatov@kcell.kz', '{SHA-512}DhqxY2MTmb+QMac/TDoetlDmWtf/IULnI+Ofkm6FdbkBSqT2eLVJ3tFdn96Fs4OFnvv7GskNnjVGF6QY7PBFhw==', null, 'tLSdWo1Om7gB6uluLlEa6Q==', null, null) ON CONFLICT(id_) DO NOTHING;
INSERT INTO public.act_id_user (id_, rev_, first_, last_, email_, pwd_, picture_id_, salt_, lock_exp_time_, attempts_) VALUES ('Almas.Mustafin@kcell.kz', 1, 'Almas', 'Mustafin', 'Almas.Mustafin@kcell.kz', '{SHA}ieSV55Qc+eQOaYDRSha/AjzNTJE=', null, null, null, null) ON CONFLICT(id_) DO NOTHING;
INSERT INTO public.act_id_user (id_, rev_, first_, last_, email_, pwd_, picture_id_, salt_, lock_exp_time_, attempts_) VALUES ('Vadim.Li@kcell.kz', 1, 'Vadim', 'Li', 'Vadim.Li@kcell.kz', '{SHA-512}DhqxY2MTmb+QMac/TDoetlDmWtf/IULnI+Ofkm6FdbkBSqT2eLVJ3tFdn96Fs4OFnvv7GskNnjVGF6QY7PBFhw==', null, 'tLSdWo1Om7gB6uluLlEa6Q==', null, null) ON CONFLICT(id_) DO NOTHING;
INSERT INTO public.act_id_user (id_, rev_, first_, last_, email_, pwd_, picture_id_, salt_, lock_exp_time_, attempts_) VALUES ('Sagida.Adiyeva@kcell.kz', 10, 'Sagida', 'Adiyeva', 'Sagida.Adiyeva@kcell.kz', '{SHA-512}DhqxY2MTmb+QMac/TDoetlDmWtf/IULnI+Ofkm6FdbkBSqT2eLVJ3tFdn96Fs4OFnvv7GskNnjVGF6QY7PBFhw==', null, 'tLSdWo1Om7gB6uluLlEa6Q==', null, 0) ON CONFLICT(id_) DO NOTHING;
INSERT INTO public.act_id_user (id_, rev_, first_, last_, email_, pwd_, picture_id_, salt_, lock_exp_time_, attempts_) VALUES ('Tatyana.Agapova@kcell.kz', 1, 'Tatyana', 'Agapova', 'Tatyana.Agapova@kcell.kz', '{SHA-512}DhqxY2MTmb+QMac/TDoetlDmWtf/IULnI+Ofkm6FdbkBSqT2eLVJ3tFdn96Fs4OFnvv7GskNnjVGF6QY7PBFhw==', null, 'tLSdWo1Om7gB6uluLlEa6Q==', null, null) ON CONFLICT(id_) DO NOTHING;
INSERT INTO public.act_id_user (id_, rev_, first_, last_, email_, pwd_, picture_id_, salt_, lock_exp_time_, attempts_) VALUES ('Kirill.Klimov@kcell.kz', 1, 'Kirill', 'Klimov', 'Kirill.Klimov@kcell.kz', '{SHA-512}DhqxY2MTmb+QMac/TDoetlDmWtf/IULnI+Ofkm6FdbkBSqT2eLVJ3tFdn96Fs4OFnvv7GskNnjVGF6QY7PBFhw==', null, 'tLSdWo1Om7gB6uluLlEa6Q==', null, null) ON CONFLICT(id_) DO NOTHING;
INSERT INTO public.act_id_user (id_, rev_, first_, last_, email_, pwd_, picture_id_, salt_, lock_exp_time_, attempts_) VALUES ('Batima.Aimagambetova@kcell.kz', 1, 'Batima', 'Aimagambetova', 'Batima.Aimagambetova@kcell.kz', '{SHA-512}DhqxY2MTmb+QMac/TDoetlDmWtf/IULnI+Ofkm6FdbkBSqT2eLVJ3tFdn96Fs4OFnvv7GskNnjVGF6QY7PBFhw==', null, 'tLSdWo1Om7gB6uluLlEa6Q==', null, null) ON CONFLICT(id_) DO NOTHING;
INSERT INTO public.act_id_user (id_, rev_, first_, last_, email_, pwd_, picture_id_, salt_, lock_exp_time_, attempts_) VALUES ('Nikolai.Naumov@kcell.kz', 1, 'Nikolai', 'Naumov', 'Nikolai.Naumov@kcell.kz', '{SHA-512}DhqxY2MTmb+QMac/TDoetlDmWtf/IULnI+Ofkm6FdbkBSqT2eLVJ3tFdn96Fs4OFnvv7GskNnjVGF6QY7PBFhw==', null, 'tLSdWo1Om7gB6uluLlEa6Q==', null, null) ON CONFLICT(id_) DO NOTHING;
INSERT INTO public.act_id_user (id_, rev_, first_, last_, email_, pwd_, picture_id_, salt_, lock_exp_time_, attempts_) VALUES ('Evgeniy.Grebnev@kcell.kz', 1, 'Evgeniy', 'Grebnev', 'Evgeniy.Grebnev@kcell.kz', '{SHA-512}DhqxY2MTmb+QMac/TDoetlDmWtf/IULnI+Ofkm6FdbkBSqT2eLVJ3tFdn96Fs4OFnvv7GskNnjVGF6QY7PBFhw==', null, 'tLSdWo1Om7gB6uluLlEa6Q==', null, null) ON CONFLICT(id_) DO NOTHING;
INSERT INTO public.act_id_user (id_, rev_, first_, last_, email_, pwd_, picture_id_, salt_, lock_exp_time_, attempts_) VALUES ('Alexander.Travkin@kcell.kz', 1, 'Alexander', 'Travkin', 'Alexander.Travkin@kcell.kz', '{SHA-512}DhqxY2MTmb+QMac/TDoetlDmWtf/IULnI+Ofkm6FdbkBSqT2eLVJ3tFdn96Fs4OFnvv7GskNnjVGF6QY7PBFhw==', null, 'tLSdWo1Om7gB6uluLlEa6Q==', null, null) ON CONFLICT(id_) DO NOTHING;
INSERT INTO public.act_id_user (id_, rev_, first_, last_, email_, pwd_, picture_id_, salt_, lock_exp_time_, attempts_) VALUES ('Nabat.Oralbekova@kcell.kz', 1, 'Nabat', 'Oralbekova', 'Nabat.Oralbekova@kcell.kz', '{SHA-512}DhqxY2MTmb+QMac/TDoetlDmWtf/IULnI+Ofkm6FdbkBSqT2eLVJ3tFdn96Fs4OFnvv7GskNnjVGF6QY7PBFhw==', null, 'tLSdWo1Om7gB6uluLlEa6Q==', null, null) ON CONFLICT(id_) DO NOTHING;
INSERT INTO public.act_id_user (id_, rev_, first_, last_, email_, pwd_, picture_id_, salt_, lock_exp_time_, attempts_) VALUES ('Nazym.Muralimova@kcell.kz', 11, 'Nazym', 'Muralimova', 'Nazym.Muralimova@kcell.kz', '{SHA-512}DhqxY2MTmb+QMac/TDoetlDmWtf/IULnI+Ofkm6FdbkBSqT2eLVJ3tFdn96Fs4OFnvv7GskNnjVGF6QY7PBFhw==', null, 'tLSdWo1Om7gB6uluLlEa6Q==', null, 0) ON CONFLICT(id_) DO NOTHING;
INSERT INTO public.act_id_user (id_, rev_, first_, last_, email_, pwd_, picture_id_, salt_, lock_exp_time_, attempts_) VALUES ('Andrey.Khan@kcell.kz', 3, 'Andrey', 'Khan', 'Andrey.Khan@kcell.kz', '{SHA-512}DhqxY2MTmb+QMac/TDoetlDmWtf/IULnI+Ofkm6FdbkBSqT2eLVJ3tFdn96Fs4OFnvv7GskNnjVGF6QY7PBFhw==', null, 'tLSdWo1Om7gB6uluLlEa6Q==', null, 0) ON CONFLICT(id_) DO NOTHING;
INSERT INTO public.act_id_user (id_, rev_, first_, last_, email_, pwd_, picture_id_, salt_, lock_exp_time_, attempts_) VALUES ('Sergey.Fedoseev@kcell.kz', 1, 'Sergey', 'Fedoseev', 'Sergey.Fedoseev@kcell.kz', '{SHA}ieSV55Qc+eQOaYDRSha/AjzNTJE=', null, null, null, null) ON CONFLICT(id_) DO NOTHING;
INSERT INTO public.act_id_user (id_, rev_, first_, last_, email_, pwd_, picture_id_, salt_, lock_exp_time_, attempts_) VALUES ('Saidam.Ismagulova@kcell.kz', 3, 'Saidam', 'Ismagulova', 'Saidam.Ismagulova@kcell.kz', '{SHA-512}lBiG8uCWWy/NYiaRIxQxFW059USoRS311GgWV2mcRGCAM1a0idiTy+XmTgFSGI+LeQ+DWnU98StJMYzr/0Gteg==', null, 'nThp6Iu/8md+Qbfv4fFOYw==', null, null) ON CONFLICT(id_) DO NOTHING;
INSERT INTO public.act_id_user (id_, rev_, first_, last_, email_, pwd_, picture_id_, salt_, lock_exp_time_, attempts_) VALUES ('Nurzhamal.Sandybek@kcell.kz', 11, 'Nurzhamal', 'Sandybek', 'Nurzhamal.Sandybek@kcell.kz', '{SHA}ieSV55Qc+eQOaYDRSha/AjzNTJE=', null, null, null, 0) ON CONFLICT(id_) DO NOTHING;
INSERT INTO public.act_id_user (id_, rev_, first_, last_, email_, pwd_, picture_id_, salt_, lock_exp_time_, attempts_) VALUES ('Andrey.Kravchenko@kcell.kz', 5, 'Andrey', 'Kravchenko', 'Andrey.Kravchenko@kcell.kz', '{SHA-512}DhqxY2MTmb+QMac/TDoetlDmWtf/IULnI+Ofkm6FdbkBSqT2eLVJ3tFdn96Fs4OFnvv7GskNnjVGF6QY7PBFhw==', null, 'tLSdWo1Om7gB6uluLlEa6Q==', null, 0) ON CONFLICT(id_) DO NOTHING;
INSERT INTO public.act_id_user (id_, rev_, first_, last_, email_, pwd_, picture_id_, salt_, lock_exp_time_, attempts_) VALUES ('Vassiliy.Perekrestov@kcell.kz', 2, 'Vassiliy', 'Perekrestov', 'Vassiliy.Perekrestov@kcell.kz', '{SHA-512}DhqxY2MTmb+QMac/TDoetlDmWtf/IULnI+Ofkm6FdbkBSqT2eLVJ3tFdn96Fs4OFnvv7GskNnjVGF6QY7PBFhw==', null, 'tLSdWo1Om7gB6uluLlEa6Q==', null, 0) ON CONFLICT(id_) DO NOTHING;
INSERT INTO public.act_id_user (id_, rev_, first_, last_, email_, pwd_, picture_id_, salt_, lock_exp_time_, attempts_) VALUES ('e.lopatin@sms-consult.kz', 1, 'e', 'lopatin', 'e.lopatin@sms-consult.kz', '{SHA-512}E/9kmyTISxxMQyU03ISFSIVfcJGDi8UyOOu4My7XudtetWgNgVCx4D+3EDrHpO7gFvF7GpBaLY7RP0WXhoZbcw==', null, 'JhCjWt/AtSJ9qPlwxWKQUg==', null, null) ON CONFLICT(id_) DO NOTHING;
INSERT INTO public.act_id_user (id_, rev_, first_, last_, email_, pwd_, picture_id_, salt_, lock_exp_time_, attempts_) VALUES ('natalya.spirikova@sms-consult.kz', 1, 'natalya', 'spirikova', 'natalya.spirikova@sms-consult.kz', '{SHA-512}Hj782aS3QWWbsMRQI74db3if91k5beR+9/lH/Q41KalzwUIhwe8h+hXvgaWqJjBK9pHYMCnu68gpfNwagD/+HQ==', null, '9FtWO9WnfUtHWmZaVkwYEA==', null, null) ON CONFLICT(id_) DO NOTHING;
INSERT INTO public.act_id_user (id_, rev_, first_, last_, email_, pwd_, picture_id_, salt_, lock_exp_time_, attempts_) VALUES ('v.svetlana@kazinfoteh.kz', 1, 'v', 'svetlana', 'v.svetlana@kazinfoteh.kz', '{SHA}ieSV55Qc+eQOaYDRSha/AjzNTJE=', null, null, null, null) ON CONFLICT(id_) DO NOTHING;
INSERT INTO public.act_id_user (id_, rev_, first_, last_, email_, pwd_, picture_id_, salt_, lock_exp_time_, attempts_) VALUES ('a.meri@kazinfoteh.kz', 1, 'a', 'meri', 'a.meri@kazinfoteh.kz', '{SHA}ieSV55Qc+eQOaYDRSha/AjzNTJE=', null, null, null, null) ON CONFLICT(id_) DO NOTHING;
INSERT INTO public.act_id_user (id_, rev_, first_, last_, email_, pwd_, picture_id_, salt_, lock_exp_time_, attempts_) VALUES ('vika@mobcontent.kz', 1, 'vika', 'mobcontent', 'vika@mobcontent.kz', '{SHA}ieSV55Qc+eQOaYDRSha/AjzNTJE=', null, null, null, null) ON CONFLICT(id_) DO NOTHING;
INSERT INTO public.act_id_user (id_, rev_, first_, last_, email_, pwd_, picture_id_, salt_, lock_exp_time_, attempts_) VALUES ('a.vasilyev@kcellsolutions.kz', 1, 'A', 'Vasilyev', 'a.vasilyev@kcellsolutions.kz', '{SHA}ieSV55Qc+eQOaYDRSha/AjzNTJE=', null, null, null, null) ON CONFLICT(id_) DO NOTHING;
INSERT INTO public.act_id_user (id_, rev_, first_, last_, email_, pwd_, picture_id_, salt_, lock_exp_time_, attempts_) VALUES ('zaituna@mobcontent.kz', 2, 'zaituna', 'mobcontent', 'zaituna@mobcontent.kz', '{SHA-512}1MwPuvyMV4hI0lVZAaRlEopHqc46F2itGfrob/kuUGuI7aguJ+AAi/JqS335W21jlaOIeg/fk9cOMkHdYZq1jw==', null, 'EDm6GEms1QLjyU5y2ryZZg==', null, null) ON CONFLICT(id_) DO NOTHING;
INSERT INTO public.act_id_user (id_, rev_, first_, last_, email_, pwd_, picture_id_, salt_, lock_exp_time_, attempts_) VALUES ('svetlana@kazinfoteh.kz', 5, 'svetlana', 'kazinfoteh', 'svetlana@kazinfoteh.kz', '{SHA-512}t1TlkA8g4OWQlcqtyj4l+EbV+cSPTPAIq3lZUl5En3i98enpqP+F/V1pzcX0uVYmjWhbCKQBwLM+2lWazjkbOw==', null, '7NL2Rc94/pQX9yrg19AVFw==', null, 0) ON CONFLICT(id_) DO NOTHING;

INSERT INTO public.act_id_membership (user_id_, group_id_) VALUES ('zaituna@mobcontent.kz', 'delivery_provider_mms') ON CONFLICT(user_id_, group_id_) DO NOTHING;
INSERT INTO public.act_id_membership (user_id_, group_id_) VALUES ('v.svetlana@kazinfoteh.kz', 'delivery_provider_kit') ON CONFLICT(user_id_, group_id_) DO NOTHING;
INSERT INTO public.act_id_membership (user_id_, group_id_) VALUES ('vika@mobcontent.kz', 'delivery_provider_mms') ON CONFLICT(user_id_, group_id_) DO NOTHING;
INSERT INTO public.act_id_membership (user_id_, group_id_) VALUES ('Vassiliy.Perekrestov@kcell.kz', 'delivery_enterprise_data_network') ON CONFLICT(user_id_, group_id_) DO NOTHING;
INSERT INTO public.act_id_membership (user_id_, group_id_) VALUES ('Vadim.Li@kcell.kz', 'delivery_enterprise_data_network') ON CONFLICT(user_id_, group_id_) DO NOTHING;
INSERT INTO public.act_id_membership (user_id_, group_id_) VALUES ('Tatyana.Agapova@kcell.kz', 'delivery_voice_network') ON CONFLICT(user_id_, group_id_) DO NOTHING;
INSERT INTO public.act_id_membership (user_id_, group_id_) VALUES ('svetlana@kazinfoteh.kz', 'delivery_provider_kit') ON CONFLICT(user_id_, group_id_) DO NOTHING;
INSERT INTO public.act_id_membership (user_id_, group_id_) VALUES ('Stanislav.Li@kcell.kz', 'delivery_it_delivery') ON CONFLICT(user_id_, group_id_) DO NOTHING;
INSERT INTO public.act_id_membership (user_id_, group_id_) VALUES ('Sergey.Fedoseev@kcell.kz', 'delivery_sms_ivr_b2b_delivery') ON CONFLICT(user_id_, group_id_) DO NOTHING;
INSERT INTO public.act_id_membership (user_id_, group_id_) VALUES ('Sergey.Fedoseev@kcell.kz', 'delivery_it_delivery') ON CONFLICT(user_id_, group_id_) DO NOTHING;
INSERT INTO public.act_id_membership (user_id_, group_id_) VALUES ('Saidam.Ismagulova@kcell.kz', 'delivery_sms_ivr_b2b_delivery') ON CONFLICT(user_id_, group_id_) DO NOTHING;
INSERT INTO public.act_id_membership (user_id_, group_id_) VALUES ('Sagida.Adiyeva@kcell.kz', 'delivery_it_delivery') ON CONFLICT(user_id_, group_id_) DO NOTHING;
INSERT INTO public.act_id_membership (user_id_, group_id_) VALUES ('Sagida.Adiyeva@kcell.kz', 'delivery_provider_sms_consult') ON CONFLICT(user_id_, group_id_) DO NOTHING;
INSERT INTO public.act_id_membership (user_id_, group_id_) VALUES ('Sagida.Adiyeva@kcell.kz', 'delivery_provider_kit') ON CONFLICT(user_id_, group_id_) DO NOTHING;
INSERT INTO public.act_id_membership (user_id_, group_id_) VALUES ('Sagida.Adiyeva@kcell.kz', 'delivery_voice_network') ON CONFLICT(user_id_, group_id_) DO NOTHING;
INSERT INTO public.act_id_membership (user_id_, group_id_) VALUES ('Sagida.Adiyeva@kcell.kz', 'delivery_provider_mms') ON CONFLICT(user_id_, group_id_) DO NOTHING;
INSERT INTO public.act_id_membership (user_id_, group_id_) VALUES ('Sagida.Adiyeva@kcell.kz', 'delivery_SMSGW_admin') ON CONFLICT(user_id_, group_id_) DO NOTHING;
INSERT INTO public.act_id_membership (user_id_, group_id_) VALUES ('Sagida.Adiyeva@kcell.kz', 'delivery_tech_sao_so_cvo') ON CONFLICT(user_id_, group_id_) DO NOTHING;
INSERT INTO public.act_id_membership (user_id_, group_id_) VALUES ('Sagida.Adiyeva@kcell.kz', 'delivery_sms_ivr_b2b_delivery') ON CONFLICT(user_id_, group_id_) DO NOTHING;
INSERT INTO public.act_id_membership (user_id_, group_id_) VALUES ('Roman.Shakhmatov@kcell.kz', 'delivery_transmission_network_operations') ON CONFLICT(user_id_, group_id_) DO NOTHING;
INSERT INTO public.act_id_membership (user_id_, group_id_) VALUES ('Pavel.Borgul@kcell.kz', 'delivery_SMSGW_admin') ON CONFLICT(user_id_, group_id_) DO NOTHING;
INSERT INTO public.act_id_membership (user_id_, group_id_) VALUES ('Pavel.Borgul@kcell.kz', 'delivery_it_delivery') ON CONFLICT(user_id_, group_id_) DO NOTHING;
INSERT INTO public.act_id_membership (user_id_, group_id_) VALUES ('Pavel.Borgul@kcell.kz', 'delivery_tech_sao_so_cvo') ON CONFLICT(user_id_, group_id_) DO NOTHING;
INSERT INTO public.act_id_membership (user_id_, group_id_) VALUES ('Nurzhamal.Sandybek@kcell.kz', 'delivery_SMSGW_admin') ON CONFLICT(user_id_, group_id_) DO NOTHING;
INSERT INTO public.act_id_membership (user_id_, group_id_) VALUES ('Nurzhamal.Sandybek@kcell.kz', 'delivery_sms_ivr_b2b_delivery') ON CONFLICT(user_id_, group_id_) DO NOTHING;
INSERT INTO public.act_id_membership (user_id_, group_id_) VALUES ('Nurzhamal.Sandybek@kcell.kz', 'delivery_it_delivery') ON CONFLICT(user_id_, group_id_) DO NOTHING;
INSERT INTO public.act_id_membership (user_id_, group_id_) VALUES ('Nurzhamal.Sandybek@kcell.kz', 'delivery_enterprise_data_network') ON CONFLICT(user_id_, group_id_) DO NOTHING;
INSERT INTO public.act_id_membership (user_id_, group_id_) VALUES ('Nurzhamal.Sandybek@kcell.kz', 'delivery_transmission_network_operations') ON CONFLICT(user_id_, group_id_) DO NOTHING;
INSERT INTO public.act_id_membership (user_id_, group_id_) VALUES ('Nurzhamal.Sandybek@kcell.kz', 'delivery_voice_network') ON CONFLICT(user_id_, group_id_) DO NOTHING;
INSERT INTO public.act_id_membership (user_id_, group_id_) VALUES ('Nurzhamal.Sandybek@kcell.kz', 'delivery_provider_mms') ON CONFLICT(user_id_, group_id_) DO NOTHING;
INSERT INTO public.act_id_membership (user_id_, group_id_) VALUES ('Nurzhamal.Sandybek@kcell.kz', 'delivery_provider_kit') ON CONFLICT(user_id_, group_id_) DO NOTHING;
INSERT INTO public.act_id_membership (user_id_, group_id_) VALUES ('Nurzhamal.Sandybek@kcell.kz', 'delivery_provider_sms_consult') ON CONFLICT(user_id_, group_id_) DO NOTHING;
INSERT INTO public.act_id_membership (user_id_, group_id_) VALUES ('Nurzhamal.Sandybek@kcell.kz', 'delivery_tech_sao_so_cvo') ON CONFLICT(user_id_, group_id_) DO NOTHING;
INSERT INTO public.act_id_membership (user_id_, group_id_) VALUES ('Nikolai.Naumov@kcell.kz', 'delivery_voice_network') ON CONFLICT(user_id_, group_id_) DO NOTHING;
INSERT INTO public.act_id_membership (user_id_, group_id_) VALUES ('Nazym.Muralimova@kcell.kz', 'delivery_transmission_network_operations') ON CONFLICT(user_id_, group_id_) DO NOTHING;
INSERT INTO public.act_id_membership (user_id_, group_id_) VALUES ('Nazym.Muralimova@kcell.kz', 'delivery_it_delivery') ON CONFLICT(user_id_, group_id_) DO NOTHING;
INSERT INTO public.act_id_membership (user_id_, group_id_) VALUES ('Nazym.Muralimova@kcell.kz', 'delivery_SMSGW_admin') ON CONFLICT(user_id_, group_id_) DO NOTHING;
INSERT INTO public.act_id_membership (user_id_, group_id_) VALUES ('Nazym.Muralimova@kcell.kz', 'delivery_sms_ivr_b2b_delivery') ON CONFLICT(user_id_, group_id_) DO NOTHING;
INSERT INTO public.act_id_membership (user_id_, group_id_) VALUES ('Nazym.Muralimova@kcell.kz', 'delivery_provider_sms_consult') ON CONFLICT(user_id_, group_id_) DO NOTHING;
INSERT INTO public.act_id_membership (user_id_, group_id_) VALUES ('Nazym.Muralimova@kcell.kz', 'delivery_provider_kit') ON CONFLICT(user_id_, group_id_) DO NOTHING;
INSERT INTO public.act_id_membership (user_id_, group_id_) VALUES ('Nazym.Muralimova@kcell.kz', 'delivery_provider_mms') ON CONFLICT(user_id_, group_id_) DO NOTHING;
INSERT INTO public.act_id_membership (user_id_, group_id_) VALUES ('Nazym.Muralimova@kcell.kz', 'delivery_enterprise_data_network') ON CONFLICT(user_id_, group_id_) DO NOTHING;
INSERT INTO public.act_id_membership (user_id_, group_id_) VALUES ('Nazym.Muralimova@kcell.kz', 'delivery_voice_network') ON CONFLICT(user_id_, group_id_) DO NOTHING;
INSERT INTO public.act_id_membership (user_id_, group_id_) VALUES ('natalya.spirikova@sms-consult.kz', 'delivery_provider_sms_consult') ON CONFLICT(user_id_, group_id_) DO NOTHING;
INSERT INTO public.act_id_membership (user_id_, group_id_) VALUES ('Nabat.Oralbekova@kcell.kz', 'delivery_tech_sao_so_cvo') ON CONFLICT(user_id_, group_id_) DO NOTHING;
INSERT INTO public.act_id_membership (user_id_, group_id_) VALUES ('Kirill.Klimov@kcell.kz', 'delivery_voice_network') ON CONFLICT(user_id_, group_id_) DO NOTHING;
INSERT INTO public.act_id_membership (user_id_, group_id_) VALUES ('Evgeniy.Grebnev@kcell.kz', 'delivery_transmission_network_operations') ON CONFLICT(user_id_, group_id_) DO NOTHING;
INSERT INTO public.act_id_membership (user_id_, group_id_) VALUES ('e.lopatin@sms-consult.kz', 'delivery_provider_sms_consult') ON CONFLICT(user_id_, group_id_) DO NOTHING;
INSERT INTO public.act_id_membership (user_id_, group_id_) VALUES ('Batima.Aimagambetova@kcell.kz', 'delivery_voice_network') ON CONFLICT(user_id_, group_id_) DO NOTHING;
INSERT INTO public.act_id_membership (user_id_, group_id_) VALUES ('a.vasilyev@kcellsolutions.kz', 'delivery_sms_ivr_b2b_delivery') ON CONFLICT(user_id_, group_id_) DO NOTHING;
INSERT INTO public.act_id_membership (user_id_, group_id_) VALUES ('Andrey.Kravchenko@kcell.kz', 'delivery_enterprise_data_network') ON CONFLICT(user_id_, group_id_) DO NOTHING;
INSERT INTO public.act_id_membership (user_id_, group_id_) VALUES ('Andrey.Khan@kcell.kz', 'delivery_tech_sao_so_cvo') ON CONFLICT(user_id_, group_id_) DO NOTHING;
INSERT INTO public.act_id_membership (user_id_, group_id_) VALUES ('a.meri@kazinfoteh.kz', 'delivery_provider_kit') ON CONFLICT(user_id_, group_id_) DO NOTHING;
INSERT INTO public.act_id_membership (user_id_, group_id_) VALUES ('Almas.Mustafin@kcell.kz', 'delivery_it_delivery') ON CONFLICT(user_id_, group_id_) DO NOTHING;
INSERT INTO public.act_id_membership (user_id_, group_id_) VALUES ('Alexandr.Vasilyev@kcell.kz', 'delivery_sms_ivr_b2b_delivery') ON CONFLICT(user_id_, group_id_) DO NOTHING;
INSERT INTO public.act_id_membership (user_id_, group_id_) VALUES ('Alexander.Travkin@kcell.kz', 'delivery_tech_sao_so_cvo') ON CONFLICT(user_id_, group_id_) DO NOTHING;
INSERT INTO public.act_id_membership (user_id_, group_id_) VALUES ('Albina.Nukibayeva@kcell.kz', 'delivery_tech_sao_so_cvo') ON CONFLICT(user_id_, group_id_) DO NOTHING;
INSERT INTO public.act_id_membership (user_id_, group_id_) VALUES ('Albina.Nukibayeva@kcell.kz', 'delivery_enterprise_data_network') ON CONFLICT(user_id_, group_id_) DO NOTHING;
INSERT INTO public.act_id_membership (user_id_, group_id_) VALUES ('Albina.Nukibayeva@kcell.kz', 'delivery_sms_ivr_b2b_delivery') ON CONFLICT(user_id_, group_id_) DO NOTHING;
INSERT INTO public.act_id_membership (user_id_, group_id_) VALUES ('Albina.Nukibayeva@kcell.kz', 'delivery_SMSGW_admin') ON CONFLICT(user_id_, group_id_) DO NOTHING;
INSERT INTO public.act_id_membership (user_id_, group_id_) VALUES ('Aidarbek.Sultan@kcell.kz', 'delivery_provider_mms') ON CONFLICT(user_id_, group_id_) DO NOTHING;
INSERT INTO public.act_id_membership (user_id_, group_id_) VALUES ('Aidarbek.Sultan@kcell.kz', 'delivery_tech_sao_so_cvo') ON CONFLICT(user_id_, group_id_) DO NOTHING;
INSERT INTO public.act_id_membership (user_id_, group_id_) VALUES ('Aidarbek.Sultan@kcell.kz', 'delivery_transmission_network_operations') ON CONFLICT(user_id_, group_id_) DO NOTHING;
INSERT INTO public.act_id_membership (user_id_, group_id_) VALUES ('Aidarbek.Sultan@kcell.kz', 'delivery_voice_network') ON CONFLICT(user_id_, group_id_) DO NOTHING;
INSERT INTO public.act_id_membership (user_id_, group_id_) VALUES ('Aidarbek.Sultan@kcell.kz', 'delivery_sms_ivr_b2b_delivery') ON CONFLICT(user_id_, group_id_) DO NOTHING;
INSERT INTO public.act_id_membership (user_id_, group_id_) VALUES ('Aidarbek.Sultan@kcell.kz', 'delivery_provider_kit') ON CONFLICT(user_id_, group_id_) DO NOTHING;
INSERT INTO public.act_id_membership (user_id_, group_id_) VALUES ('Aidarbek.Sultan@kcell.kz', 'delivery_it_delivery') ON CONFLICT(user_id_, group_id_) DO NOTHING;
INSERT INTO public.act_id_membership (user_id_, group_id_) VALUES ('Aidarbek.Sultan@kcell.kz', 'delivery_provider_sms_consult') ON CONFLICT(user_id_, group_id_) DO NOTHING;

INSERT INTO public.act_id_membership (user_id_, group_id_) VALUES ('svetlana@kazinfoteh.kz', 'provider_users')  ON CONFLICT(user_id_, group_id_) DO NOTHING;
INSERT INTO public.act_id_membership (user_id_, group_id_) VALUES ('natalya.spirikova@sms-consult.kz', 'provider_users')  ON CONFLICT(user_id_, group_id_) DO NOTHING;
INSERT INTO public.act_id_membership (user_id_, group_id_) VALUES ('e.lopatin@sms-consult.kz', 'provider_users') ON CONFLICT(user_id_, group_id_) DO NOTHING;
INSERT INTO public.act_id_membership (user_id_, group_id_) VALUES ('zaituna@mobcontent.kz', 'provider_users') ON CONFLICT(user_id_, group_id_) DO NOTHING;
INSERT INTO public.act_id_membership (user_id_, group_id_) VALUES ('vika@mobcontent.kz', 'provider_users') ON CONFLICT(user_id_, group_id_) DO NOTHING;
INSERT INTO public.act_id_membership (user_id_, group_id_) VALUES ('a.meri@kazinfoteh.kz', 'provider_users') ON CONFLICT(user_id_, group_id_) DO NOTHING;
INSERT INTO public.act_id_membership (user_id_, group_id_) VALUES ('v.svetlana@kazinfoteh.kz', 'provider_users') ON CONFLICT(user_id_, group_id_) DO NOTHING;
INSERT INTO public.act_id_membership (user_id_, group_id_) VALUES ('demo', 'provider_users') ON CONFLICT(user_id_, group_id_) DO NOTHING;
INSERT INTO public.act_id_membership (user_id_, group_id_) VALUES ('Aidar.Zhumekenov@kcell.kz', 'provider_users') ON CONFLICT(user_id_, group_id_) DO NOTHING;

INSERT INTO public.act_ru_authorization (id_, rev_, type_, group_id_, user_id_, resource_type_, resource_id_, perms_)
select uuid_generate_v4(), 1, 1, null, u.id_, 1, u.id_, 2147483647
from act_id_user u
    left outer join act_ru_authorization a on u.id_ = a.user_id_ and a.user_id_ = a.resource_id_
where a.id_ is null;

commit;