-- tnu_tsd
begin;

--users
INSERT INTO public.act_id_user (id_, rev_, first_, last_, email_, pwd_, picture_id_, salt_, lock_exp_time_, attempts_) VALUES ('Aslan.Shalov@kcell.kz', 1, 'Aslan', 'Shalov', 'Aslan.Shalov@kcell.kz', '{SHA-512}DhqxY2MTmb+QMac/TDoetlDmWtf/IULnI+Ofkm6FdbkBSqT2eLVJ3tFdn96Fs4OFnvv7GskNnjVGF6QY7PBFhw==', null, 'tLSdWo1Om7gB6uluLlEa6Q==', null, 0) ON CONFLICT(id_) DO NOTHING;
INSERT INTO public.act_id_user (id_, rev_, first_, last_, email_, pwd_, picture_id_, salt_, lock_exp_time_, attempts_) VALUES ('Asset.Rashitov@kcell.kz', 1, 'Asset', 'Rashitov', 'Asset.Rashitov@kcell.kz', '{SHA-512}DhqxY2MTmb+QMac/TDoetlDmWtf/IULnI+Ofkm6FdbkBSqT2eLVJ3tFdn96Fs4OFnvv7GskNnjVGF6QY7PBFhw==', null, 'tLSdWo1Om7gB6uluLlEa6Q==', null, 0) ON CONFLICT(id_) DO NOTHING;
INSERT INTO public.act_id_user (id_, rev_, first_, last_, email_, pwd_, picture_id_, salt_, lock_exp_time_, attempts_) VALUES ('Makhambet.Sameke2@kcell.kz', 1, 'Makhambet', 'Sameke2', 'Makhambet.Sameke2@kcell.kz', '{SHA-512}DhqxY2MTmb+QMac/TDoetlDmWtf/IULnI+Ofkm6FdbkBSqT2eLVJ3tFdn96Fs4OFnvv7GskNnjVGF6QY7PBFhw==', null, 'tLSdWo1Om7gB6uluLlEa6Q==', null, 0) ON CONFLICT(id_) DO NOTHING;
INSERT INTO public.act_id_user (id_, rev_, first_, last_, email_, pwd_, picture_id_, salt_, lock_exp_time_, attempts_) VALUES ('Maulen.Kempirbayev@kcell.kz', 1, 'Maulen', 'Kempirbayev', 'Maulen.Kempirbayev@kcell.kz', '{SHA-512}DhqxY2MTmb+QMac/TDoetlDmWtf/IULnI+Ofkm6FdbkBSqT2eLVJ3tFdn96Fs4OFnvv7GskNnjVGF6QY7PBFhw==', null, 'tLSdWo1Om7gB6uluLlEa6Q==', null, 0) ON CONFLICT(id_) DO NOTHING;
INSERT INTO public.act_id_user (id_, rev_, first_, last_, email_, pwd_, picture_id_, salt_, lock_exp_time_, attempts_) VALUES ('Shyngys.Kassabekov@kcell.kz', 1, 'Shyngys', 'Kassabekov', 'Shyngys.Kassabekov@kcell.kz', '{SHA-512}DhqxY2MTmb+QMac/TDoetlDmWtf/IULnI+Ofkm6FdbkBSqT2eLVJ3tFdn96Fs4OFnvv7GskNnjVGF6QY7PBFhw==', null, 'tLSdWo1Om7gB6uluLlEa6Q==', null, 0) ON CONFLICT(id_) DO NOTHING;
INSERT INTO public.act_id_user (id_, rev_, first_, last_, email_, pwd_, picture_id_, salt_, lock_exp_time_, attempts_) VALUES ('Vladimir.Yefanov@kcell.kz', 1, 'Vladimir', 'Yefanov', 'Vladimir.Yefanov@kcell.kz', '{SHA-512}DhqxY2MTmb+QMac/TDoetlDmWtf/IULnI+Ofkm6FdbkBSqT2eLVJ3tFdn96Fs4OFnvv7GskNnjVGF6QY7PBFhw==', null, 'tLSdWo1Om7gB6uluLlEa6Q==', null, 0) ON CONFLICT(id_) DO NOTHING;
INSERT INTO public.act_id_user (id_, rev_, first_, last_, email_, pwd_, picture_id_, salt_, lock_exp_time_, attempts_) VALUES ('Yerbolat.Kairzhanov@kcell.kz', 1, 'Yerbolat', 'Kairzhanov', 'Yerbolat.Kairzhanov@kcell.kz', '{SHA-512}DhqxY2MTmb+QMac/TDoetlDmWtf/IULnI+Ofkm6FdbkBSqT2eLVJ3tFdn96Fs4OFnvv7GskNnjVGF6QY7PBFhw==', null, 'tLSdWo1Om7gB6uluLlEa6Q==', null, 0) ON CONFLICT(id_) DO NOTHING;
INSERT INTO public.act_id_user (id_, rev_, first_, last_, email_, pwd_, picture_id_, salt_, lock_exp_time_, attempts_) VALUES ('Alexey.Kolyagin@kcell.kz', 1, 'Alexey', 'Kolyagin', 'Alexey.Kolyagin@kcell.kz', '{SHA-512}DhqxY2MTmb+QMac/TDoetlDmWtf/IULnI+Ofkm6FdbkBSqT2eLVJ3tFdn96Fs4OFnvv7GskNnjVGF6QY7PBFhw==', null, 'tLSdWo1Om7gB6uluLlEa6Q==', null, 0) ON CONFLICT(id_) DO NOTHING;
INSERT INTO public.act_id_user (id_, rev_, first_, last_, email_, pwd_, picture_id_, salt_, lock_exp_time_, attempts_) VALUES ('Anastassiya.Shenojak@kcell.kz', 1, 'Anastassiya', 'Shenojak', 'Anastassiya.Shenojak@kcell.kz', '{SHA-512}DhqxY2MTmb+QMac/TDoetlDmWtf/IULnI+Ofkm6FdbkBSqT2eLVJ3tFdn96Fs4OFnvv7GskNnjVGF6QY7PBFhw==', null, 'tLSdWo1Om7gB6uluLlEa6Q==', null, 0) ON CONFLICT(id_) DO NOTHING;
INSERT INTO public.act_id_user (id_, rev_, first_, last_, email_, pwd_, picture_id_, salt_, lock_exp_time_, attempts_) VALUES ('Dmitriy.Saidashev@kcell.kz', 1, 'Dmitriy', 'Saidashev', 'Dmitriy.Saidashev@kcell.kz', '{SHA-512}DhqxY2MTmb+QMac/TDoetlDmWtf/IULnI+Ofkm6FdbkBSqT2eLVJ3tFdn96Fs4OFnvv7GskNnjVGF6QY7PBFhw==', null, 'tLSdWo1Om7gB6uluLlEa6Q==', null, 0) ON CONFLICT(id_) DO NOTHING;
INSERT INTO public.act_id_user (id_, rev_, first_, last_, email_, pwd_, picture_id_, salt_, lock_exp_time_, attempts_) VALUES ('Kanat.Kulmukhambetov@kcell.kz', 1, 'Kanat', 'Kulmukhambetov', 'Kanat.Kulmukhambetov@kcell.kz', '{SHA-512}DhqxY2MTmb+QMac/TDoetlDmWtf/IULnI+Ofkm6FdbkBSqT2eLVJ3tFdn96Fs4OFnvv7GskNnjVGF6QY7PBFhw==', null, 'tLSdWo1Om7gB6uluLlEa6Q==', null, 0) ON CONFLICT(id_) DO NOTHING;
INSERT INTO public.act_id_user (id_, rev_, first_, last_, email_, pwd_, picture_id_, salt_, lock_exp_time_, attempts_) VALUES ('Kerey.Zatilda@kcell.kz', 1, 'Kerey', 'Zatilda', 'Kerey.Zatilda@kcell.kz', '{SHA-512}DhqxY2MTmb+QMac/TDoetlDmWtf/IULnI+Ofkm6FdbkBSqT2eLVJ3tFdn96Fs4OFnvv7GskNnjVGF6QY7PBFhw==', null, 'tLSdWo1Om7gB6uluLlEa6Q==', null, 0) ON CONFLICT(id_) DO NOTHING;
INSERT INTO public.act_id_user (id_, rev_, first_, last_, email_, pwd_, picture_id_, salt_, lock_exp_time_, attempts_) VALUES ('Sergey.Michshenko@kcell.kz', 1, 'Sergey', 'Michshenko', 'Sergey.Michshenko@kcell.kz', '{SHA-512}DhqxY2MTmb+QMac/TDoetlDmWtf/IULnI+Ofkm6FdbkBSqT2eLVJ3tFdn96Fs4OFnvv7GskNnjVGF6QY7PBFhw==', null, 'tLSdWo1Om7gB6uluLlEa6Q==', null, 0) ON CONFLICT(id_) DO NOTHING;
INSERT INTO public.act_id_user (id_, rev_, first_, last_, email_, pwd_, picture_id_, salt_, lock_exp_time_, attempts_) VALUES ('Timur.Akylkhanov@kcell.kz', 1, 'Timur', 'Akylkhanov', 'Timur.Akylkhanov@kcell.kz', '{SHA-512}DhqxY2MTmb+QMac/TDoetlDmWtf/IULnI+Ofkm6FdbkBSqT2eLVJ3tFdn96Fs4OFnvv7GskNnjVGF6QY7PBFhw==', null, 'tLSdWo1Om7gB6uluLlEa6Q==', null, 0) ON CONFLICT(id_) DO NOTHING;
INSERT INTO public.act_id_user (id_, rev_, first_, last_, email_, pwd_, picture_id_, salt_, lock_exp_time_, attempts_) VALUES ('Amangeldy.Kamerdenov@kcell.kz', 1, 'Amangeldy', 'Kamerdenov', 'Amangeldy.Kamerdenov@kcell.kz', '{SHA-512}DhqxY2MTmb+QMac/TDoetlDmWtf/IULnI+Ofkm6FdbkBSqT2eLVJ3tFdn96Fs4OFnvv7GskNnjVGF6QY7PBFhw==', null, 'tLSdWo1Om7gB6uluLlEa6Q==', null, 0) ON CONFLICT(id_) DO NOTHING;
INSERT INTO public.act_id_user (id_, rev_, first_, last_, email_, pwd_, picture_id_, salt_, lock_exp_time_, attempts_) VALUES ('Farhat.Toleukhanov@kcell.kz', 1, 'Farhat', 'Toleukhanov', 'Farhat.Toleukhanov@kcell.kz', '{SHA-512}DhqxY2MTmb+QMac/TDoetlDmWtf/IULnI+Ofkm6FdbkBSqT2eLVJ3tFdn96Fs4OFnvv7GskNnjVGF6QY7PBFhw==', null, 'tLSdWo1Om7gB6uluLlEa6Q==', null, 0) ON CONFLICT(id_) DO NOTHING;
INSERT INTO public.act_id_user (id_, rev_, first_, last_, email_, pwd_, picture_id_, salt_, lock_exp_time_, attempts_) VALUES ('Nurbolat.Uteyev@kcell.kz', 1, 'Nurbolat', 'Uteyev', 'Nurbolat.Uteyev@kcell.kz', '{SHA-512}DhqxY2MTmb+QMac/TDoetlDmWtf/IULnI+Ofkm6FdbkBSqT2eLVJ3tFdn96Fs4OFnvv7GskNnjVGF6QY7PBFhw==', null, 'tLSdWo1Om7gB6uluLlEa6Q==', null, 0) ON CONFLICT(id_) DO NOTHING;
INSERT INTO public.act_id_user (id_, rev_, first_, last_, email_, pwd_, picture_id_, salt_, lock_exp_time_, attempts_) VALUES ('Roman.Stupko@kcell.kz', 1, 'Roman', 'Stupko', 'Roman.Stupko@kcell.kz', '{SHA-512}DhqxY2MTmb+QMac/TDoetlDmWtf/IULnI+Ofkm6FdbkBSqT2eLVJ3tFdn96Fs4OFnvv7GskNnjVGF6QY7PBFhw==', null, 'tLSdWo1Om7gB6uluLlEa6Q==', null, 0) ON CONFLICT(id_) DO NOTHING;
INSERT INTO public.act_id_user (id_, rev_, first_, last_, email_, pwd_, picture_id_, salt_, lock_exp_time_, attempts_) VALUES ('Yerbol.Tyshkambayev@kcell.kz', 1, 'Yerbol', 'Tyshkambayev', 'Yerbol.Tyshkambayev@kcell.kz', '{SHA-512}DhqxY2MTmb+QMac/TDoetlDmWtf/IULnI+Ofkm6FdbkBSqT2eLVJ3tFdn96Fs4OFnvv7GskNnjVGF6QY7PBFhw==', null, 'tLSdWo1Om7gB6uluLlEa6Q==', null, 0) ON CONFLICT(id_) DO NOTHING;
INSERT INTO public.act_id_user (id_, rev_, first_, last_, email_, pwd_, picture_id_, salt_, lock_exp_time_, attempts_) VALUES ('Zhanibek.Abylkassymov@kcell.kz', 1, 'Zhanibek', 'Abylkassymov', 'Zhanibek.Abylkassymov@kcell.kz', '{SHA-512}DhqxY2MTmb+QMac/TDoetlDmWtf/IULnI+Ofkm6FdbkBSqT2eLVJ3tFdn96Fs4OFnvv7GskNnjVGF6QY7PBFhw==', null, 'tLSdWo1Om7gB6uluLlEa6Q==', null, 0) ON CONFLICT(id_) DO NOTHING;
INSERT INTO public.act_id_user (id_, rev_, first_, last_, email_, pwd_, picture_id_, salt_, lock_exp_time_, attempts_) VALUES ('Aikyn.Bayanbayev@kcell.kz', 1, 'Aikyn', 'Bayanbayev', 'Aikyn.Bayanbayev@kcell.kz', '{SHA-512}DhqxY2MTmb+QMac/TDoetlDmWtf/IULnI+Ofkm6FdbkBSqT2eLVJ3tFdn96Fs4OFnvv7GskNnjVGF6QY7PBFhw==', null, 'tLSdWo1Om7gB6uluLlEa6Q==', null, 0) ON CONFLICT(id_) DO NOTHING;
INSERT INTO public.act_id_user (id_, rev_, first_, last_, email_, pwd_, picture_id_, salt_, lock_exp_time_, attempts_) VALUES ('Andrey.Cheslavskiy@kcell.kz', 1, 'Andrey', 'Cheslavskiy', 'Andrey.Cheslavskiy@kcell.kz', '{SHA-512}DhqxY2MTmb+QMac/TDoetlDmWtf/IULnI+Ofkm6FdbkBSqT2eLVJ3tFdn96Fs4OFnvv7GskNnjVGF6QY7PBFhw==', null, 'tLSdWo1Om7gB6uluLlEa6Q==', null, 0) ON CONFLICT(id_) DO NOTHING;
INSERT INTO public.act_id_user (id_, rev_, first_, last_, email_, pwd_, picture_id_, salt_, lock_exp_time_, attempts_) VALUES ('Farhat.Toleukhanov@kcell.kz', 1, 'Farhat', 'Toleukhanov', 'Farhat.Toleukhanov@kcell.kz', '{SHA-512}DhqxY2MTmb+QMac/TDoetlDmWtf/IULnI+Ofkm6FdbkBSqT2eLVJ3tFdn96Fs4OFnvv7GskNnjVGF6QY7PBFhw==', null, 'tLSdWo1Om7gB6uluLlEa6Q==', null, 0) ON CONFLICT(id_) DO NOTHING;
INSERT INTO public.act_id_user (id_, rev_, first_, last_, email_, pwd_, picture_id_, salt_, lock_exp_time_, attempts_) VALUES ('Kanat.Mussabekov@kcell.kz', 1, 'Kanat', 'Mussabekov', 'Kanat.Mussabekov@kcell.kz', '{SHA-512}DhqxY2MTmb+QMac/TDoetlDmWtf/IULnI+Ofkm6FdbkBSqT2eLVJ3tFdn96Fs4OFnvv7GskNnjVGF6QY7PBFhw==', null, 'tLSdWo1Om7gB6uluLlEa6Q==', null, 0) ON CONFLICT(id_) DO NOTHING;
INSERT INTO public.act_id_user (id_, rev_, first_, last_, email_, pwd_, picture_id_, salt_, lock_exp_time_, attempts_) VALUES ('Maksat.Nauryzbay@kcell.kz', 1, 'Maksat', 'Nauryzbay', 'Maksat.Nauryzbay@kcell.kz', '{SHA-512}DhqxY2MTmb+QMac/TDoetlDmWtf/IULnI+Ofkm6FdbkBSqT2eLVJ3tFdn96Fs4OFnvv7GskNnjVGF6QY7PBFhw==', null, 'tLSdWo1Om7gB6uluLlEa6Q==', null, 0) ON CONFLICT(id_) DO NOTHING;
INSERT INTO public.act_id_user (id_, rev_, first_, last_, email_, pwd_, picture_id_, salt_, lock_exp_time_, attempts_) VALUES ('Tatyana.Tsoy@kcell.kz', 1, 'Tatyana', 'Tsoy', 'Tatyana.Tsoy@kcell.kz', '{SHA-512}DhqxY2MTmb+QMac/TDoetlDmWtf/IULnI+Ofkm6FdbkBSqT2eLVJ3tFdn96Fs4OFnvv7GskNnjVGF6QY7PBFhw==', null, 'tLSdWo1Om7gB6uluLlEa6Q==', null, 0) ON CONFLICT(id_) DO NOTHING;
INSERT INTO public.act_id_user (id_, rev_, first_, last_, email_, pwd_, picture_id_, salt_, lock_exp_time_, attempts_) VALUES ('Alexandr.Koval@kcell.kz', 1, 'Alexandr', 'Koval', 'Alexandr.Koval@kcell.kz', '{SHA-512}DhqxY2MTmb+QMac/TDoetlDmWtf/IULnI+Ofkm6FdbkBSqT2eLVJ3tFdn96Fs4OFnvv7GskNnjVGF6QY7PBFhw==', null, 'tLSdWo1Om7gB6uluLlEa6Q==', null, 0) ON CONFLICT(id_) DO NOTHING;
INSERT INTO public.act_id_user (id_, rev_, first_, last_, email_, pwd_, picture_id_, salt_, lock_exp_time_, attempts_) VALUES ('Askhat.Shektibayev@kcell.kz', 1, 'Askhat', 'Shektibayev', 'Askhat.Shektibayev@kcell.kz', '{SHA-512}DhqxY2MTmb+QMac/TDoetlDmWtf/IULnI+Ofkm6FdbkBSqT2eLVJ3tFdn96Fs4OFnvv7GskNnjVGF6QY7PBFhw==', null, 'tLSdWo1Om7gB6uluLlEa6Q==', null, 0) ON CONFLICT(id_) DO NOTHING;
INSERT INTO public.act_id_user (id_, rev_, first_, last_, email_, pwd_, picture_id_, salt_, lock_exp_time_, attempts_) VALUES ('Aziz.Kadyrkulov@kcell.kz', 1, 'Aziz', 'Kadyrkulov', 'Aziz.Kadyrkulov@kcell.kz', '{SHA-512}DhqxY2MTmb+QMac/TDoetlDmWtf/IULnI+Ofkm6FdbkBSqT2eLVJ3tFdn96Fs4OFnvv7GskNnjVGF6QY7PBFhw==', null, 'tLSdWo1Om7gB6uluLlEa6Q==', null, 0) ON CONFLICT(id_) DO NOTHING;
INSERT INTO public.act_id_user (id_, rev_, first_, last_, email_, pwd_, picture_id_, salt_, lock_exp_time_, attempts_) VALUES ('Igor.Drantussov@kcell.kz', 1, 'Igor', 'Drantussov', 'Igor.Drantussov@kcell.kz', '{SHA-512}DhqxY2MTmb+QMac/TDoetlDmWtf/IULnI+Ofkm6FdbkBSqT2eLVJ3tFdn96Fs4OFnvv7GskNnjVGF6QY7PBFhw==', null, 'tLSdWo1Om7gB6uluLlEa6Q==', null, 0) ON CONFLICT(id_) DO NOTHING;
INSERT INTO public.act_id_user (id_, rev_, first_, last_, email_, pwd_, picture_id_, salt_, lock_exp_time_, attempts_) VALUES ('Mansur.Saidirassulov@kcell.kz', 1, 'Mansur', 'Saidirassulov', 'Mansur.Saidirassulov@kcell.kz', '{SHA-512}DhqxY2MTmb+QMac/TDoetlDmWtf/IULnI+Ofkm6FdbkBSqT2eLVJ3tFdn96Fs4OFnvv7GskNnjVGF6QY7PBFhw==', null, 'tLSdWo1Om7gB6uluLlEa6Q==', null, 0) ON CONFLICT(id_) DO NOTHING;
INSERT INTO public.act_id_user (id_, rev_, first_, last_, email_, pwd_, picture_id_, salt_, lock_exp_time_, attempts_) VALUES ('Nurbolat.Uteyev@kcell.kz', 1, 'Nurbolat', 'Uteyev', 'Nurbolat.Uteyev@kcell.kz', '{SHA-512}DhqxY2MTmb+QMac/TDoetlDmWtf/IULnI+Ofkm6FdbkBSqT2eLVJ3tFdn96Fs4OFnvv7GskNnjVGF6QY7PBFhw==', null, 'tLSdWo1Om7gB6uluLlEa6Q==', null, 0) ON CONFLICT(id_) DO NOTHING;
INSERT INTO public.act_id_user (id_, rev_, first_, last_, email_, pwd_, picture_id_, salt_, lock_exp_time_, attempts_) VALUES ('Azat.Kelgenbayev@kcell.kz', 1, 'Azat', 'Kelgenbayev', 'Azat.Kelgenbayev@kcell.kz', '{SHA-512}DhqxY2MTmb+QMac/TDoetlDmWtf/IULnI+Ofkm6FdbkBSqT2eLVJ3tFdn96Fs4OFnvv7GskNnjVGF6QY7PBFhw==', null, 'tLSdWo1Om7gB6uluLlEa6Q==', null, 0) ON CONFLICT(id_) DO NOTHING;
INSERT INTO public.act_id_user (id_, rev_, first_, last_, email_, pwd_, picture_id_, salt_, lock_exp_time_, attempts_) VALUES ('Galymzhan.Kuanyshov@kcell.kz', 1, 'Galymzhan', 'Kuanyshov', 'Galymzhan.Kuanyshov@kcell.kz', '{SHA-512}DhqxY2MTmb+QMac/TDoetlDmWtf/IULnI+Ofkm6FdbkBSqT2eLVJ3tFdn96Fs4OFnvv7GskNnjVGF6QY7PBFhw==', null, 'tLSdWo1Om7gB6uluLlEa6Q==', null, 0) ON CONFLICT(id_) DO NOTHING;
INSERT INTO public.act_id_user (id_, rev_, first_, last_, email_, pwd_, picture_id_, salt_, lock_exp_time_, attempts_) VALUES ('Nurbek.Rysbekov@kcell.kz', 1, 'Nurbek', 'Rysbekov', 'Nurbek.Rysbekov@kcell.kz', '{SHA-512}DhqxY2MTmb+QMac/TDoetlDmWtf/IULnI+Ofkm6FdbkBSqT2eLVJ3tFdn96Fs4OFnvv7GskNnjVGF6QY7PBFhw==', null, 'tLSdWo1Om7gB6uluLlEa6Q==', null, 0) ON CONFLICT(id_) DO NOTHING;
INSERT INTO public.act_id_user (id_, rev_, first_, last_, email_, pwd_, picture_id_, salt_, lock_exp_time_, attempts_) VALUES ('Satzhan.Bekbolat@kcell.kz', 1, 'Satzhan', 'Bekbolat', 'Satzhan.Bekbolat@kcell.kz', '{SHA-512}DhqxY2MTmb+QMac/TDoetlDmWtf/IULnI+Ofkm6FdbkBSqT2eLVJ3tFdn96Fs4OFnvv7GskNnjVGF6QY7PBFhw==', null, 'tLSdWo1Om7gB6uluLlEa6Q==', null, 0) ON CONFLICT(id_) DO NOTHING;
INSERT INTO public.act_id_user (id_, rev_, first_, last_, email_, pwd_, picture_id_, salt_, lock_exp_time_, attempts_) VALUES ('Stanislav.Fodchuk@kcell.kz', 1, 'Stanislav', 'Fodchuk', 'Stanislav.Fodchuk@kcell.kz', '{SHA-512}DhqxY2MTmb+QMac/TDoetlDmWtf/IULnI+Ofkm6FdbkBSqT2eLVJ3tFdn96Fs4OFnvv7GskNnjVGF6QY7PBFhw==', null, 'tLSdWo1Om7gB6uluLlEa6Q==', null, 0) ON CONFLICT(id_) DO NOTHING;
INSERT INTO public.act_id_user (id_, rev_, first_, last_, email_, pwd_, picture_id_, salt_, lock_exp_time_, attempts_) VALUES ('Yerbol.Tasenov@kcell.kz', 1, 'Yerbol', 'Tasenov', 'Yerbol.Tasenov@kcell.kz', '{SHA-512}DhqxY2MTmb+QMac/TDoetlDmWtf/IULnI+Ofkm6FdbkBSqT2eLVJ3tFdn96Fs4OFnvv7GskNnjVGF6QY7PBFhw==', null, 'tLSdWo1Om7gB6uluLlEa6Q==', null, 0) ON CONFLICT(id_) DO NOTHING;
INSERT INTO public.act_id_user (id_, rev_, first_, last_, email_, pwd_, picture_id_, salt_, lock_exp_time_, attempts_) VALUES ('Zaurbek.Bastarbekov@kcell.kz', 1, 'Zaurbek', 'Bastarbekov', 'Zaurbek.Bastarbekov@kcell.kz', '{SHA-512}DhqxY2MTmb+QMac/TDoetlDmWtf/IULnI+Ofkm6FdbkBSqT2eLVJ3tFdn96Fs4OFnvv7GskNnjVGF6QY7PBFhw==', null, 'tLSdWo1Om7gB6uluLlEa6Q==', null, 0) ON CONFLICT(id_) DO NOTHING;
INSERT INTO public.act_id_user (id_, rev_, first_, last_, email_, pwd_, picture_id_, salt_, lock_exp_time_, attempts_) VALUES ('Zhassulan.Lukpanov@kcell.kz', 1, 'Zhassulan', 'Lukpanov', 'Zhassulan.Lukpanov@kcell.kz', '{SHA-512}DhqxY2MTmb+QMac/TDoetlDmWtf/IULnI+Ofkm6FdbkBSqT2eLVJ3tFdn96Fs4OFnvv7GskNnjVGF6QY7PBFhw==', null, 'tLSdWo1Om7gB6uluLlEa6Q==', null, 0) ON CONFLICT(id_) DO NOTHING;
INSERT INTO public.act_id_user (id_, rev_, first_, last_, email_, pwd_, picture_id_, salt_, lock_exp_time_, attempts_) VALUES ('Aleksandr.Kryuchkov@kcell.kz', 1, 'Aleksandr', 'Kryuchkov', 'Aleksandr.Kryuchkov@kcell.kz', '{SHA-512}DhqxY2MTmb+QMac/TDoetlDmWtf/IULnI+Ofkm6FdbkBSqT2eLVJ3tFdn96Fs4OFnvv7GskNnjVGF6QY7PBFhw==', null, 'tLSdWo1Om7gB6uluLlEa6Q==', null, 0) ON CONFLICT(id_) DO NOTHING;
INSERT INTO public.act_id_user (id_, rev_, first_, last_, email_, pwd_, picture_id_, salt_, lock_exp_time_, attempts_) VALUES ('Askar.Ospanov@kcell.kz', 1, 'Askar', 'Ospanov', 'Askar.Ospanov@kcell.kz', '{SHA-512}DhqxY2MTmb+QMac/TDoetlDmWtf/IULnI+Ofkm6FdbkBSqT2eLVJ3tFdn96Fs4OFnvv7GskNnjVGF6QY7PBFhw==', null, 'tLSdWo1Om7gB6uluLlEa6Q==', null, 0) ON CONFLICT(id_) DO NOTHING;
INSERT INTO public.act_id_user (id_, rev_, first_, last_, email_, pwd_, picture_id_, salt_, lock_exp_time_, attempts_) VALUES ('Didar.Gaparov@kcell.kz', 1, 'Didar', 'Gaparov', 'Didar.Gaparov@kcell.kz', '{SHA-512}DhqxY2MTmb+QMac/TDoetlDmWtf/IULnI+Ofkm6FdbkBSqT2eLVJ3tFdn96Fs4OFnvv7GskNnjVGF6QY7PBFhw==', null, 'tLSdWo1Om7gB6uluLlEa6Q==', null, 0) ON CONFLICT(id_) DO NOTHING;
INSERT INTO public.act_id_user (id_, rev_, first_, last_, email_, pwd_, picture_id_, salt_, lock_exp_time_, attempts_) VALUES ('Galym.Atambayev@kcell.kz', 1, 'Galym', 'Atambayev', 'Galym.Atambayev@kcell.kz', '{SHA-512}DhqxY2MTmb+QMac/TDoetlDmWtf/IULnI+Ofkm6FdbkBSqT2eLVJ3tFdn96Fs4OFnvv7GskNnjVGF6QY7PBFhw==', null, 'tLSdWo1Om7gB6uluLlEa6Q==', null, 0) ON CONFLICT(id_) DO NOTHING;
INSERT INTO public.act_id_user (id_, rev_, first_, last_, email_, pwd_, picture_id_, salt_, lock_exp_time_, attempts_) VALUES ('Nurken.Seish@kcell.kz', 1, 'Nurken', 'Seish', 'Nurken.Seish@kcell.kz', '{SHA-512}DhqxY2MTmb+QMac/TDoetlDmWtf/IULnI+Ofkm6FdbkBSqT2eLVJ3tFdn96Fs4OFnvv7GskNnjVGF6QY7PBFhw==', null, 'tLSdWo1Om7gB6uluLlEa6Q==', null, 0) ON CONFLICT(id_) DO NOTHING;
INSERT INTO public.act_id_user (id_, rev_, first_, last_, email_, pwd_, picture_id_, salt_, lock_exp_time_, attempts_) VALUES ('Nurlan.Tazhmukhanov@kcell.kz', 1, 'Nurlan', 'Tazhmukhanov', 'Nurlan.Tazhmukhanov@kcell.kz', '{SHA-512}DhqxY2MTmb+QMac/TDoetlDmWtf/IULnI+Ofkm6FdbkBSqT2eLVJ3tFdn96Fs4OFnvv7GskNnjVGF6QY7PBFhw==', null, 'tLSdWo1Om7gB6uluLlEa6Q==', null, 0) ON CONFLICT(id_) DO NOTHING;
INSERT INTO public.act_id_user (id_, rev_, first_, last_, email_, pwd_, picture_id_, salt_, lock_exp_time_, attempts_) VALUES ('Marta.Gabdrakhmanova@kcell.kz', 1, 'Marta', 'Gabdrakhmanova', 'Marta.Gabdrakhmanova@kcell.kz', '{SHA-512}DhqxY2MTmb+QMac/TDoetlDmWtf/IULnI+Ofkm6FdbkBSqT2eLVJ3tFdn96Fs4OFnvv7GskNnjVGF6QY7PBFhw==', null, 'tLSdWo1Om7gB6uluLlEa6Q==', null, 0) ON CONFLICT(id_) DO NOTHING;
INSERT INTO public.act_id_user (id_, rev_, first_, last_, email_, pwd_, picture_id_, salt_, lock_exp_time_, attempts_) VALUES ('Maxet.Akzhigitov@kcell.kz', 1, 'Maxet', 'Akzhigitov', 'Maxet.Akzhigitov@kcell.kz', '{SHA-512}DhqxY2MTmb+QMac/TDoetlDmWtf/IULnI+Ofkm6FdbkBSqT2eLVJ3tFdn96Fs4OFnvv7GskNnjVGF6QY7PBFhw==', null, 'tLSdWo1Om7gB6uluLlEa6Q==', null, 0) ON CONFLICT(id_) DO NOTHING;
INSERT INTO public.act_id_user (id_, rev_, first_, last_, email_, pwd_, picture_id_, salt_, lock_exp_time_, attempts_) VALUES ('Nurbol.Kalibekuly@kcell.kz', 1, 'Nurbol', 'Kalibekuly', 'Nurbol.Kalibekuly@kcell.kz', '{SHA-512}DhqxY2MTmb+QMac/TDoetlDmWtf/IULnI+Ofkm6FdbkBSqT2eLVJ3tFdn96Fs4OFnvv7GskNnjVGF6QY7PBFhw==', null, 'tLSdWo1Om7gB6uluLlEa6Q==', null, 0) ON CONFLICT(id_) DO NOTHING;
INSERT INTO public.act_id_user (id_, rev_, first_, last_, email_, pwd_, picture_id_, salt_, lock_exp_time_, attempts_) VALUES ('Nurzhan.Zhangaliyev@kcell.kz', 1, 'Nurzhan', 'Zhangaliyev', 'Nurzhan.Zhangaliyev@kcell.kz', '{SHA-512}DhqxY2MTmb+QMac/TDoetlDmWtf/IULnI+Ofkm6FdbkBSqT2eLVJ3tFdn96Fs4OFnvv7GskNnjVGF6QY7PBFhw==', null, 'tLSdWo1Om7gB6uluLlEa6Q==', null, 0) ON CONFLICT(id_) DO NOTHING;
INSERT INTO public.act_id_user (id_, rev_, first_, last_, email_, pwd_, picture_id_, salt_, lock_exp_time_, attempts_) VALUES ('Oleg.Yelayev@kcell.kz', 1, 'Oleg', 'Yelayev', 'Oleg.Yelayev@kcell.kz', '{SHA-512}DhqxY2MTmb+QMac/TDoetlDmWtf/IULnI+Ofkm6FdbkBSqT2eLVJ3tFdn96Fs4OFnvv7GskNnjVGF6QY7PBFhw==', null, 'tLSdWo1Om7gB6uluLlEa6Q==', null, 0) ON CONFLICT(id_) DO NOTHING;
INSERT INTO public.act_id_user (id_, rev_, first_, last_, email_, pwd_, picture_id_, salt_, lock_exp_time_, attempts_) VALUES ('Yerlan.Begimbayev@kcell.kz', 1, 'Yerlan', 'Begimbayev', 'Yerlan.Begimbayev@kcell.kz', '{SHA-512}DhqxY2MTmb+QMac/TDoetlDmWtf/IULnI+Ofkm6FdbkBSqT2eLVJ3tFdn96Fs4OFnvv7GskNnjVGF6QY7PBFhw==', null, 'tLSdWo1Om7gB6uluLlEa6Q==', null, 0) ON CONFLICT(id_) DO NOTHING;
INSERT INTO public.act_id_user (id_, rev_, first_, last_, email_, pwd_, picture_id_, salt_, lock_exp_time_, attempts_) VALUES ('Zhassulan.Makhanbetov@kcell.kz', 1, 'Zhassulan', 'Makhanbetov', 'Zhassulan.Makhanbetov@kcell.kz', '{SHA-512}DhqxY2MTmb+QMac/TDoetlDmWtf/IULnI+Ofkm6FdbkBSqT2eLVJ3tFdn96Fs4OFnvv7GskNnjVGF6QY7PBFhw==', null, 'tLSdWo1Om7gB6uluLlEa6Q==', null, 0) ON CONFLICT(id_) DO NOTHING;
INSERT INTO public.act_id_user (id_, rev_, first_, last_, email_, pwd_, picture_id_, salt_, lock_exp_time_, attempts_) VALUES ('Alexandr.Galat@kcell.kz', 1, 'Alexandr', 'Galat', 'Alexandr.Galat@kcell.kz', '{SHA-512}DhqxY2MTmb+QMac/TDoetlDmWtf/IULnI+Ofkm6FdbkBSqT2eLVJ3tFdn96Fs4OFnvv7GskNnjVGF6QY7PBFhw==', null, 'tLSdWo1Om7gB6uluLlEa6Q==', null, 0) ON CONFLICT(id_) DO NOTHING;
INSERT INTO public.act_id_user (id_, rev_, first_, last_, email_, pwd_, picture_id_, salt_, lock_exp_time_, attempts_) VALUES ('Ilya.Nevpryaga2@kcell.kz', 1, 'Ilya', 'Nevpryaga2', 'Ilya.Nevpryaga2@kcell.kz', '{SHA-512}DhqxY2MTmb+QMac/TDoetlDmWtf/IULnI+Ofkm6FdbkBSqT2eLVJ3tFdn96Fs4OFnvv7GskNnjVGF6QY7PBFhw==', null, 'tLSdWo1Om7gB6uluLlEa6Q==', null, 0) ON CONFLICT(id_) DO NOTHING;
INSERT INTO public.act_id_user (id_, rev_, first_, last_, email_, pwd_, picture_id_, salt_, lock_exp_time_, attempts_) VALUES ('Nurbek.Auez@kcell.kz', 1, 'Nurbek', 'Auez', 'Nurbek.Auez@kcell.kz', '{SHA-512}DhqxY2MTmb+QMac/TDoetlDmWtf/IULnI+Ofkm6FdbkBSqT2eLVJ3tFdn96Fs4OFnvv7GskNnjVGF6QY7PBFhw==', null, 'tLSdWo1Om7gB6uluLlEa6Q==', null, 0) ON CONFLICT(id_) DO NOTHING;
INSERT INTO public.act_id_user (id_, rev_, first_, last_, email_, pwd_, picture_id_, salt_, lock_exp_time_, attempts_) VALUES ('Pavel.Volkov@kcell.kz', 1, 'Pavel', 'Volkov', 'Pavel.Volkov@kcell.kz', '{SHA-512}DhqxY2MTmb+QMac/TDoetlDmWtf/IULnI+Ofkm6FdbkBSqT2eLVJ3tFdn96Fs4OFnvv7GskNnjVGF6QY7PBFhw==', null, 'tLSdWo1Om7gB6uluLlEa6Q==', null, 0) ON CONFLICT(id_) DO NOTHING;
INSERT INTO public.act_id_user (id_, rev_, first_, last_, email_, pwd_, picture_id_, salt_, lock_exp_time_, attempts_) VALUES ('Pavel.Zaitsev@kcell.kz', 1, 'Pavel', 'Zaitsev', 'Pavel.Zaitsev@kcell.kz', '{SHA-512}DhqxY2MTmb+QMac/TDoetlDmWtf/IULnI+Ofkm6FdbkBSqT2eLVJ3tFdn96Fs4OFnvv7GskNnjVGF6QY7PBFhw==', null, 'tLSdWo1Om7gB6uluLlEa6Q==', null, 0) ON CONFLICT(id_) DO NOTHING;
INSERT INTO public.act_id_user (id_, rev_, first_, last_, email_, pwd_, picture_id_, salt_, lock_exp_time_, attempts_) VALUES ('Vladislav.Poplavskiy@kcell.kz', 1, 'Vladislav', 'Poplavskiy', 'Vladislav.Poplavskiy@kcell.kz', '{SHA-512}DhqxY2MTmb+QMac/TDoetlDmWtf/IULnI+Ofkm6FdbkBSqT2eLVJ3tFdn96Fs4OFnvv7GskNnjVGF6QY7PBFhw==', null, 'tLSdWo1Om7gB6uluLlEa6Q==', null, 0) ON CONFLICT(id_) DO NOTHING;
INSERT INTO public.act_id_user (id_, rev_, first_, last_, email_, pwd_, picture_id_, salt_, lock_exp_time_, attempts_) VALUES ('Yerdos.Tuleuov@kcell.kz', 1, 'Yerdos', 'Tuleuov', 'Yerdos.Tuleuov@kcell.kz', '{SHA-512}DhqxY2MTmb+QMac/TDoetlDmWtf/IULnI+Ofkm6FdbkBSqT2eLVJ3tFdn96Fs4OFnvv7GskNnjVGF6QY7PBFhw==', null, 'tLSdWo1Om7gB6uluLlEa6Q==', null, 0) ON CONFLICT(id_) DO NOTHING;
INSERT INTO public.act_id_user (id_, rev_, first_, last_, email_, pwd_, picture_id_, salt_, lock_exp_time_, attempts_) VALUES ('Yuriy.Ivanov@kcell.kz', 1, 'Yuriy', 'Ivanov', 'Yuriy.Ivanov@kcell.kz', '{SHA-512}DhqxY2MTmb+QMac/TDoetlDmWtf/IULnI+Ofkm6FdbkBSqT2eLVJ3tFdn96Fs4OFnvv7GskNnjVGF6QY7PBFhw==', null, 'tLSdWo1Om7gB6uluLlEa6Q==', null, 0) ON CONFLICT(id_) DO NOTHING;
INSERT INTO public.act_id_user (id_, rev_, first_, last_, email_, pwd_, picture_id_, salt_, lock_exp_time_, attempts_) VALUES ('Anastassiya.Tsoy@kcell.kz', 1, 'Anastassiya', 'Tsoy', 'Anastassiya.Tsoy@kcell.kz', '{SHA-512}DhqxY2MTmb+QMac/TDoetlDmWtf/IULnI+Ofkm6FdbkBSqT2eLVJ3tFdn96Fs4OFnvv7GskNnjVGF6QY7PBFhw==', null, 'tLSdWo1Om7gB6uluLlEa6Q==', null, 0) ON CONFLICT(id_) DO NOTHING;
INSERT INTO public.act_id_user (id_, rev_, first_, last_, email_, pwd_, picture_id_, salt_, lock_exp_time_, attempts_) VALUES ('Dastan.Kazhibayev@kcell.kz', 1, 'Dastan', 'Kazhibayev', 'Dastan.Kazhibayev@kcell.kz', '{SHA-512}DhqxY2MTmb+QMac/TDoetlDmWtf/IULnI+Ofkm6FdbkBSqT2eLVJ3tFdn96Fs4OFnvv7GskNnjVGF6QY7PBFhw==', null, 'tLSdWo1Om7gB6uluLlEa6Q==', null, 0) ON CONFLICT(id_) DO NOTHING;
INSERT INTO public.act_id_user (id_, rev_, first_, last_, email_, pwd_, picture_id_, salt_, lock_exp_time_, attempts_) VALUES ('Kenzhekhan.Mussayev@kcell.kz', 1, 'Kenzhekhan', 'Mussayev', 'Kenzhekhan.Mussayev@kcell.kz', '{SHA-512}DhqxY2MTmb+QMac/TDoetlDmWtf/IULnI+Ofkm6FdbkBSqT2eLVJ3tFdn96Fs4OFnvv7GskNnjVGF6QY7PBFhw==', null, 'tLSdWo1Om7gB6uluLlEa6Q==', null, 0) ON CONFLICT(id_) DO NOTHING;
INSERT INTO public.act_id_user (id_, rev_, first_, last_, email_, pwd_, picture_id_, salt_, lock_exp_time_, attempts_) VALUES ('Stanislav.Khvan@kcell.kz', 1, 'Stanislav', 'Khvan', 'Stanislav.Khvan@kcell.kz', '{SHA-512}DhqxY2MTmb+QMac/TDoetlDmWtf/IULnI+Ofkm6FdbkBSqT2eLVJ3tFdn96Fs4OFnvv7GskNnjVGF6QY7PBFhw==', null, 'tLSdWo1Om7gB6uluLlEa6Q==', null, 0) ON CONFLICT(id_) DO NOTHING;

INSERT INTO public.act_id_user (id_, rev_, first_, last_, email_, pwd_, picture_id_, salt_, lock_exp_time_, attempts_) VALUES ('Nikolay.Ustinov@kcell.kz', 1, 'Nikolay', 'Ustinov', 'Nikolay.Ustinov@kcell.kz', '{SHA-512}DhqxY2MTmb+QMac/TDoetlDmWtf/IULnI+Ofkm6FdbkBSqT2eLVJ3tFdn96Fs4OFnvv7GskNnjVGF6QY7PBFhw==', null, 'tLSdWo1Om7gB6uluLlEa6Q==', null, 0) ON CONFLICT(id_) DO NOTHING;
INSERT INTO public.act_id_user (id_, rev_, first_, last_, email_, pwd_, picture_id_, salt_, lock_exp_time_, attempts_) VALUES ('Andrey.Ivanov@kcell.kz', 1, 'Andrey', 'Ivanov', 'Andrey.Ivanov@kcell.kz', '{SHA-512}DhqxY2MTmb+QMac/TDoetlDmWtf/IULnI+Ofkm6FdbkBSqT2eLVJ3tFdn96Fs4OFnvv7GskNnjVGF6QY7PBFhw==', null, 'tLSdWo1Om7gB6uluLlEa6Q==', null, 0) ON CONFLICT(id_) DO NOTHING;
INSERT INTO public.act_id_user (id_, rev_, first_, last_, email_, pwd_, picture_id_, salt_, lock_exp_time_, attempts_) VALUES ('Samat.Dautov@kcell.kz', 1, 'Samat', 'Dautov', 'Samat.Dautov@kcell.kz', '{SHA-512}DhqxY2MTmb+QMac/TDoetlDmWtf/IULnI+Ofkm6FdbkBSqT2eLVJ3tFdn96Fs4OFnvv7GskNnjVGF6QY7PBFhw==', null, 'tLSdWo1Om7gB6uluLlEa6Q==', null, 0) ON CONFLICT(id_) DO NOTHING;
INSERT INTO public.act_id_user (id_, rev_, first_, last_, email_, pwd_, picture_id_, salt_, lock_exp_time_, attempts_) VALUES ('Alexandr.Galat@kcell.kz', 1, 'Alexandr', 'Galat', 'Alexandr.Galat@kcell.kz', '{SHA-512}DhqxY2MTmb+QMac/TDoetlDmWtf/IULnI+Ofkm6FdbkBSqT2eLVJ3tFdn96Fs4OFnvv7GskNnjVGF6QY7PBFhw==', null, 'tLSdWo1Om7gB6uluLlEa6Q==', null, 0) ON CONFLICT(id_) DO NOTHING;
INSERT INTO public.act_id_user (id_, rev_, first_, last_, email_, pwd_, picture_id_, salt_, lock_exp_time_, attempts_) VALUES ('Marat.Abdin@kcell.kz', 1, 'Marat', 'Abdin', 'Marat.Abdin@kcell.kz', '{SHA-512}DhqxY2MTmb+QMac/TDoetlDmWtf/IULnI+Ofkm6FdbkBSqT2eLVJ3tFdn96Fs4OFnvv7GskNnjVGF6QY7PBFhw==', null, 'tLSdWo1Om7gB6uluLlEa6Q==', null, 0) ON CONFLICT(id_) DO NOTHING;


-- groups
INSERT INTO act_id_group (id_, rev_, name_, type_) VALUES ('alm_tn_engineer', 1, 'alm_tn_engineer', 'WORKFLOW') ON CONFLICT(id_) DO NOTHING;
INSERT INTO act_id_group (id_, rev_, name_, type_) VALUES ('astana_tn_engineer', 1, 'astana_tn_engineer', 'WORKFLOW') ON CONFLICT(id_) DO NOTHING;
INSERT INTO act_id_group (id_, rev_, name_, type_) VALUES ('nc_tn_engineer', 1, 'nc_tn_engineer', 'WORKFLOW') ON CONFLICT(id_) DO NOTHING;
INSERT INTO act_id_group (id_, rev_, name_, type_) VALUES ('east_tn_engineer', 1, 'east_tn_engineer', 'WORKFLOW') ON CONFLICT(id_) DO NOTHING;
INSERT INTO act_id_group (id_, rev_, name_, type_) VALUES ('south_tn_engineer', 1, 'south_tn_engineer', 'WORKFLOW') ON CONFLICT(id_) DO NOTHING;
INSERT INTO act_id_group (id_, rev_, name_, type_) VALUES ('west_tn_engineer', 1, 'west_tn_engineer', 'WORKFLOW') ON CONFLICT(id_) DO NOTHING;
INSERT INTO act_id_group (id_, rev_, name_, type_) VALUES ('hq_tn_engineer', 1, 'hq_tn_engineer', 'WORKFLOW') ON CONFLICT(id_) DO NOTHING;

-- memberships
INSERT INTO public.act_id_membership (user_id_, group_id_) VALUES ('Aslan.Shalov@kcell.kz', 'alm_tn_engineer') ON CONFLICT(user_id_, group_id_) DO NOTHING;
INSERT INTO public.act_id_membership (user_id_, group_id_) VALUES ('Asset.Rashitov@kcell.kz', 'alm_tn_engineer') ON CONFLICT(user_id_, group_id_) DO NOTHING;
INSERT INTO public.act_id_membership (user_id_, group_id_) VALUES ('Makhambet.Sameke2@kcell.kz', 'alm_tn_engineer') ON CONFLICT(user_id_, group_id_) DO NOTHING;
INSERT INTO public.act_id_membership (user_id_, group_id_) VALUES ('Maulen.Kempirbayev@kcell.kz', 'alm_tn_engineer') ON CONFLICT(user_id_, group_id_) DO NOTHING;
INSERT INTO public.act_id_membership (user_id_, group_id_) VALUES ('Shyngys.Kassabekov@kcell.kz', 'alm_tn_engineer') ON CONFLICT(user_id_, group_id_) DO NOTHING;
INSERT INTO public.act_id_membership (user_id_, group_id_) VALUES ('Vladimir.Yefanov@kcell.kz', 'alm_tn_engineer') ON CONFLICT(user_id_, group_id_) DO NOTHING;
INSERT INTO public.act_id_membership (user_id_, group_id_) VALUES ('Yerbolat.Kairzhanov@kcell.kz', 'alm_tn_engineer') ON CONFLICT(user_id_, group_id_) DO NOTHING;
INSERT INTO public.act_id_membership (user_id_, group_id_) VALUES ('Alexey.Kolyagin@kcell.kz', 'alm_tn_engineer') ON CONFLICT(user_id_, group_id_) DO NOTHING;
INSERT INTO public.act_id_membership (user_id_, group_id_) VALUES ('Anastassiya.Shenojak@kcell.kz', 'alm_tn_engineer') ON CONFLICT(user_id_, group_id_) DO NOTHING;
INSERT INTO public.act_id_membership (user_id_, group_id_) VALUES ('Dmitriy.Saidashev@kcell.kz', 'alm_tn_engineer') ON CONFLICT(user_id_, group_id_) DO NOTHING;
INSERT INTO public.act_id_membership (user_id_, group_id_) VALUES ('Kanat.Kulmukhambetov@kcell.kz', 'alm_tn_engineer') ON CONFLICT(user_id_, group_id_) DO NOTHING;
INSERT INTO public.act_id_membership (user_id_, group_id_) VALUES ('Kerey.Zatilda@kcell.kz', 'alm_tn_engineer') ON CONFLICT(user_id_, group_id_) DO NOTHING;
INSERT INTO public.act_id_membership (user_id_, group_id_) VALUES ('Sergey.Michshenko@kcell.kz', 'alm_tn_engineer') ON CONFLICT(user_id_, group_id_) DO NOTHING;
INSERT INTO public.act_id_membership (user_id_, group_id_) VALUES ('Timur.Akylkhanov@kcell.kz', 'alm_tn_engineer') ON CONFLICT(user_id_, group_id_) DO NOTHING;
INSERT INTO public.act_id_membership (user_id_, group_id_) VALUES ('Amangeldy.Kamerdenov@kcell.kz', 'east_tn_engineer') ON CONFLICT(user_id_, group_id_) DO NOTHING;
INSERT INTO public.act_id_membership (user_id_, group_id_) VALUES ('Farhat.Toleukhanov@kcell.kz', 'east_tn_engineer') ON CONFLICT(user_id_, group_id_) DO NOTHING;
INSERT INTO public.act_id_membership (user_id_, group_id_) VALUES ('Nurbolat.Uteyev@kcell.kz', 'east_tn_engineer') ON CONFLICT(user_id_, group_id_) DO NOTHING;
INSERT INTO public.act_id_membership (user_id_, group_id_) VALUES ('Roman.Stupko@kcell.kz', 'east_tn_engineer') ON CONFLICT(user_id_, group_id_) DO NOTHING;
INSERT INTO public.act_id_membership (user_id_, group_id_) VALUES ('Yerbol.Tyshkambayev@kcell.kz', 'east_tn_engineer') ON CONFLICT(user_id_, group_id_) DO NOTHING;
INSERT INTO public.act_id_membership (user_id_, group_id_) VALUES ('Zhanibek.Abylkassymov@kcell.kz', 'east_tn_engineer') ON CONFLICT(user_id_, group_id_) DO NOTHING;
INSERT INTO public.act_id_membership (user_id_, group_id_) VALUES ('Aikyn.Bayanbayev@kcell.kz', 'east_tn_engineer') ON CONFLICT(user_id_, group_id_) DO NOTHING;
INSERT INTO public.act_id_membership (user_id_, group_id_) VALUES ('Andrey.Cheslavskiy@kcell.kz', 'east_tn_engineer') ON CONFLICT(user_id_, group_id_) DO NOTHING;
INSERT INTO public.act_id_membership (user_id_, group_id_) VALUES ('Farhat.Toleukhanov@kcell.kz', 'east_tn_engineer') ON CONFLICT(user_id_, group_id_) DO NOTHING;
INSERT INTO public.act_id_membership (user_id_, group_id_) VALUES ('Kanat.Mussabekov@kcell.kz', 'east_tn_engineer') ON CONFLICT(user_id_, group_id_) DO NOTHING;
INSERT INTO public.act_id_membership (user_id_, group_id_) VALUES ('Maksat.Nauryzbay@kcell.kz', 'east_tn_engineer') ON CONFLICT(user_id_, group_id_) DO NOTHING;
INSERT INTO public.act_id_membership (user_id_, group_id_) VALUES ('Tatyana.Tsoy@kcell.kz', 'east_tn_engineer') ON CONFLICT(user_id_, group_id_) DO NOTHING;
INSERT INTO public.act_id_membership (user_id_, group_id_) VALUES ('Alexandr.Koval@kcell.kz', 'south_tn_engineer') ON CONFLICT(user_id_, group_id_) DO NOTHING;
INSERT INTO public.act_id_membership (user_id_, group_id_) VALUES ('Askhat.Shektibayev@kcell.kz', 'south_tn_engineer') ON CONFLICT(user_id_, group_id_) DO NOTHING;
INSERT INTO public.act_id_membership (user_id_, group_id_) VALUES ('Aziz.Kadyrkulov@kcell.kz', 'south_tn_engineer') ON CONFLICT(user_id_, group_id_) DO NOTHING;
INSERT INTO public.act_id_membership (user_id_, group_id_) VALUES ('Igor.Drantussov@kcell.kz', 'south_tn_engineer') ON CONFLICT(user_id_, group_id_) DO NOTHING;
INSERT INTO public.act_id_membership (user_id_, group_id_) VALUES ('Mansur.Saidirassulov@kcell.kz', 'south_tn_engineer') ON CONFLICT(user_id_, group_id_) DO NOTHING;
INSERT INTO public.act_id_membership (user_id_, group_id_) VALUES ('Nurbolat.Uteyev@kcell.kz', 'south_tn_engineer') ON CONFLICT(user_id_, group_id_) DO NOTHING;
INSERT INTO public.act_id_membership (user_id_, group_id_) VALUES ('Azat.Kelgenbayev@kcell.kz', 'south_tn_engineer') ON CONFLICT(user_id_, group_id_) DO NOTHING;
INSERT INTO public.act_id_membership (user_id_, group_id_) VALUES ('Galymzhan.Kuanyshov@kcell.kz', 'south_tn_engineer') ON CONFLICT(user_id_, group_id_) DO NOTHING;
INSERT INTO public.act_id_membership (user_id_, group_id_) VALUES ('Nurbek.Rysbekov@kcell.kz', 'south_tn_engineer') ON CONFLICT(user_id_, group_id_) DO NOTHING;
INSERT INTO public.act_id_membership (user_id_, group_id_) VALUES ('Satzhan.Bekbolat@kcell.kz', 'south_tn_engineer') ON CONFLICT(user_id_, group_id_) DO NOTHING;
INSERT INTO public.act_id_membership (user_id_, group_id_) VALUES ('Stanislav.Fodchuk@kcell.kz', 'south_tn_engineer') ON CONFLICT(user_id_, group_id_) DO NOTHING;
INSERT INTO public.act_id_membership (user_id_, group_id_) VALUES ('Yerbol.Tasenov@kcell.kz', 'south_tn_engineer') ON CONFLICT(user_id_, group_id_) DO NOTHING;
INSERT INTO public.act_id_membership (user_id_, group_id_) VALUES ('Zaurbek.Bastarbekov@kcell.kz', 'south_tn_engineer') ON CONFLICT(user_id_, group_id_) DO NOTHING;
INSERT INTO public.act_id_membership (user_id_, group_id_) VALUES ('Zhassulan.Lukpanov@kcell.kz', 'south_tn_engineer') ON CONFLICT(user_id_, group_id_) DO NOTHING;
INSERT INTO public.act_id_membership (user_id_, group_id_) VALUES ('Aleksandr.Kryuchkov@kcell.kz', 'west_tn_engineer') ON CONFLICT(user_id_, group_id_) DO NOTHING;
INSERT INTO public.act_id_membership (user_id_, group_id_) VALUES ('Askar.Ospanov@kcell.kz', 'west_tn_engineer') ON CONFLICT(user_id_, group_id_) DO NOTHING;
INSERT INTO public.act_id_membership (user_id_, group_id_) VALUES ('Didar.Gaparov@kcell.kz', 'west_tn_engineer') ON CONFLICT(user_id_, group_id_) DO NOTHING;
INSERT INTO public.act_id_membership (user_id_, group_id_) VALUES ('Galym.Atambayev@kcell.kz', 'west_tn_engineer') ON CONFLICT(user_id_, group_id_) DO NOTHING;
INSERT INTO public.act_id_membership (user_id_, group_id_) VALUES ('Nurken.Seish@kcell.kz', 'west_tn_engineer') ON CONFLICT(user_id_, group_id_) DO NOTHING;
INSERT INTO public.act_id_membership (user_id_, group_id_) VALUES ('Nurlan.Tazhmukhanov@kcell.kz', 'west_tn_engineer') ON CONFLICT(user_id_, group_id_) DO NOTHING;
INSERT INTO public.act_id_membership (user_id_, group_id_) VALUES ('Marta.Gabdrakhmanova@kcell.kz', 'west_tn_engineer') ON CONFLICT(user_id_, group_id_) DO NOTHING;
INSERT INTO public.act_id_membership (user_id_, group_id_) VALUES ('Maxet.Akzhigitov@kcell.kz', 'west_tn_engineer') ON CONFLICT(user_id_, group_id_) DO NOTHING;
INSERT INTO public.act_id_membership (user_id_, group_id_) VALUES ('Nurbol.Kalibekuly@kcell.kz', 'west_tn_engineer') ON CONFLICT(user_id_, group_id_) DO NOTHING;
INSERT INTO public.act_id_membership (user_id_, group_id_) VALUES ('Nurzhan.Zhangaliyev@kcell.kz', 'west_tn_engineer') ON CONFLICT(user_id_, group_id_) DO NOTHING;
INSERT INTO public.act_id_membership (user_id_, group_id_) VALUES ('Oleg.Yelayev@kcell.kz', 'west_tn_engineer') ON CONFLICT(user_id_, group_id_) DO NOTHING;
INSERT INTO public.act_id_membership (user_id_, group_id_) VALUES ('Yerlan.Begimbayev@kcell.kz', 'west_tn_engineer') ON CONFLICT(user_id_, group_id_) DO NOTHING;
INSERT INTO public.act_id_membership (user_id_, group_id_) VALUES ('Zhassulan.Makhanbetov@kcell.kz', 'west_tn_engineer') ON CONFLICT(user_id_, group_id_) DO NOTHING;
INSERT INTO public.act_id_membership (user_id_, group_id_) VALUES ('Alexandr.Galat@kcell.kz', 'nc_tn_engineer') ON CONFLICT(user_id_, group_id_) DO NOTHING;
INSERT INTO public.act_id_membership (user_id_, group_id_) VALUES ('Ilya.Nevpryaga2@kcell.kz', 'nc_tn_engineer') ON CONFLICT(user_id_, group_id_) DO NOTHING;
INSERT INTO public.act_id_membership (user_id_, group_id_) VALUES ('Nurbek.Auez@kcell.kz', 'nc_tn_engineer') ON CONFLICT(user_id_, group_id_) DO NOTHING;
INSERT INTO public.act_id_membership (user_id_, group_id_) VALUES ('Pavel.Volkov@kcell.kz', 'nc_tn_engineer') ON CONFLICT(user_id_, group_id_) DO NOTHING;
INSERT INTO public.act_id_membership (user_id_, group_id_) VALUES ('Pavel.Zaitsev@kcell.kz', 'nc_tn_engineer') ON CONFLICT(user_id_, group_id_) DO NOTHING;
INSERT INTO public.act_id_membership (user_id_, group_id_) VALUES ('Vladislav.Poplavskiy@kcell.kz', 'nc_tn_engineer') ON CONFLICT(user_id_, group_id_) DO NOTHING;
INSERT INTO public.act_id_membership (user_id_, group_id_) VALUES ('Yerdos.Tuleuov@kcell.kz', 'nc_tn_engineer') ON CONFLICT(user_id_, group_id_) DO NOTHING;
INSERT INTO public.act_id_membership (user_id_, group_id_) VALUES ('Yuriy.Ivanov@kcell.kz', 'nc_tn_engineer') ON CONFLICT(user_id_, group_id_) DO NOTHING;
INSERT INTO public.act_id_membership (user_id_, group_id_) VALUES ('Anastassiya.Tsoy@kcell.kz', 'nc_tn_engineer') ON CONFLICT(user_id_, group_id_) DO NOTHING;
INSERT INTO public.act_id_membership (user_id_, group_id_) VALUES ('Dastan.Kazhibayev@kcell.kz', 'nc_tn_engineer') ON CONFLICT(user_id_, group_id_) DO NOTHING;
INSERT INTO public.act_id_membership (user_id_, group_id_) VALUES ('Kenzhekhan.Mussayev@kcell.kz', 'nc_tn_engineer') ON CONFLICT(user_id_, group_id_) DO NOTHING;
INSERT INTO public.act_id_membership (user_id_, group_id_) VALUES ('Stanislav.Khvan@kcell.kz', 'nc_tn_engineer') ON CONFLICT(user_id_, group_id_) DO NOTHING;
INSERT INTO public.act_id_membership (user_id_, group_id_) VALUES ('Nikolay.Ustinov@kcell.kz', 'hq_tn_engineer') ON CONFLICT(user_id_, group_id_) DO NOTHING;
INSERT INTO public.act_id_membership (user_id_, group_id_) VALUES ('Andrey.Ivanov@kcell.kz', 'hq_tn_engineer') ON CONFLICT(user_id_, group_id_) DO NOTHING;
INSERT INTO public.act_id_membership (user_id_, group_id_) VALUES ('Samat.Dautov@kcell.kz', 'hq_tn_engineer') ON CONFLICT(user_id_, group_id_) DO NOTHING;
INSERT INTO public.act_id_membership (user_id_, group_id_) VALUES ('Alexandr.Galat@kcell.kz', 'hq_tn_engineer') ON CONFLICT(user_id_, group_id_) DO NOTHING;
INSERT INTO public.act_id_membership (user_id_, group_id_) VALUES ('Marat.Abdin@kcell.kz', 'hq_tn_engineer') ON CONFLICT(user_id_, group_id_) DO NOTHING;


-- authorizations
INSERT INTO public.act_ru_authorization (id_, rev_, type_, group_id_, user_id_, resource_type_, resource_id_, perms_) VALUES ('3095cad6-4327-11ea-b160-8a38eff8d212', 2, 1, 'infrastructure_hop_delete_users', null, 6, 'cancel-tsd', 4674) ON CONFLICT(id_) DO NOTHING;
INSERT INTO public.act_ru_authorization (id_, rev_, type_, group_id_, user_id_, resource_type_, resource_id_, perms_) VALUES ('0be3865b-4326-11ea-b160-8a38eff8d212', 3, 1, 'alm_tn_engineer', null, 6, 'cancel-tsd', 258) ON CONFLICT(id_) DO NOTHING;
INSERT INTO public.act_ru_authorization (id_, rev_, type_, group_id_, user_id_, resource_type_, resource_id_, perms_) VALUES ('0be3865b-4326-11ea-b160-8a38eff8d212', 3, 1, 'astana_tn_engineer', null, 6, 'cancel-tsd', 258) ON CONFLICT(id_) DO NOTHING;
INSERT INTO public.act_ru_authorization (id_, rev_, type_, group_id_, user_id_, resource_type_, resource_id_, perms_) VALUES ('0be3865b-4326-11ea-b160-8a38eff8d212', 3, 1, 'nc_tn_engineer', null, 6, 'cancel-tsd', 258) ON CONFLICT(id_) DO NOTHING;
INSERT INTO public.act_ru_authorization (id_, rev_, type_, group_id_, user_id_, resource_type_, resource_id_, perms_) VALUES ('0be3865b-4326-11ea-b160-8a38eff8d212', 3, 1, 'east_tn_engineer', null, 6, 'cancel-tsd', 258) ON CONFLICT(id_) DO NOTHING;
INSERT INTO public.act_ru_authorization (id_, rev_, type_, group_id_, user_id_, resource_type_, resource_id_, perms_) VALUES ('0be3865b-4326-11ea-b160-8a38eff8d212', 3, 1, 'south_tn_engineer', null, 6, 'cancel-tsd', 258) ON CONFLICT(id_) DO NOTHING;
INSERT INTO public.act_ru_authorization (id_, rev_, type_, group_id_, user_id_, resource_type_, resource_id_, perms_) VALUES ('0be3865b-4326-11ea-b160-8a38eff8d212', 3, 1, 'west_tn_engineer', null, 6, 'cancel-tsd', 258) ON CONFLICT(id_) DO NOTHING;
INSERT INTO public.act_ru_authorization (id_, rev_, type_, group_id_, user_id_, resource_type_, resource_id_, perms_) VALUES ('0be3865b-4326-11ea-b160-8a38eff8d212', 3, 1, 'hq_tn_engineer', null, 6, 'cancel-tsd', 258) ON CONFLICT(id_) DO NOTHING;

commit;