insert into a_service(id_, name_, sap_code_) values(1, 'Revision', 'X');
insert into a_service(id_, name_, sap_code_) values(2, 'Rollout', 'Y');
insert into a_service(id_, name_, sap_code_) values(3, 'Power', 'Z');
insert into a_service(id_, name_, sap_code_) values(4, 'Field Maintainance', 'W');

insert into a_contractor(id_, name_, type_) values(1, 'ТОО Аврора Сервис', 'Contractor');
insert into a_contractor(id_, name_, type_) values(2, 'ТОО AICOM', 'Contractor');
insert into a_contractor(id_, name_, type_) values(3, 'ТОО Spectr energy group', 'Contractor');
insert into a_contractor(id_, name_, type_) values(4, 'TOO Line System Engineering', 'Contractor');
insert into a_contractor(id_, name_, type_) values(5, 'JSC Kcell', 'Kcell');

insert into a_reason(id_, name_) values(1,'Optimization works');
insert into a_reason(id_, name_) values(2,'Transmission works');
insert into a_reason(id_, name_) values(3,'Infrastructure works');
insert into a_reason(id_, name_) values(4,'Operation works');

insert into a_contract(id_, sap_id_, contractor_, service_) values(12345, '123456', 4, 1);
insert into a_contract(id_, sap_id_, contractor_, service_) values(12346, '123456', 4, 2);
insert into a_contract(id_, sap_id_, contractor_, service_) values(12347, '123457', 3, 3);
insert into a_contract(id_, sap_id_, contractor_, service_) values(12348, '123458', 2, 3);
insert into a_contract(id_, sap_id_, contractor_, service_) values(12349, '123459', 1, 3);
insert into a_contract(id_, sap_id_, contractor_, service_) values(12341, '123459', 1, 3);
insert into a_contract(id_, sap_id_, contractor_, service_) values(12342, '123452', 1, 4);

insert into a_contract_type(id_, name_) values(1,'Materials');
insert into a_contract_type(id_, name_) values(2,'Services');

insert into a_contract_2_type(contract_, contract_type_) values (12345, 1);
insert into a_contract_2_type(contract_, contract_type_) values (12345, 2);
insert into a_contract_2_type(contract_, contract_type_) values (12346, 1);
insert into a_contract_2_type(contract_, contract_type_) values (12346, 2);
insert into a_contract_2_type(contract_, contract_type_) values (12347, 1);
insert into a_contract_2_type(contract_, contract_type_) values (12347, 2);
insert into a_contract_2_type(contract_, contract_type_) values (12348, 1);
insert into a_contract_2_type(contract_, contract_type_) values (12348, 2);
insert into a_contract_2_type(contract_, contract_type_) values (12349, 2);
insert into a_contract_2_type(contract_, contract_type_) values (12341, 1);

insert into a_unit(value_, description_, dictionary_category_) values('AU','Activity Unit','Works quantities');
insert into a_unit(value_, description_, dictionary_category_) values('KG','Killograms','Materials quantities');
insert into a_unit(value_, description_, dictionary_category_) values('SET','Set of various materials','Materials quantities');
insert into a_unit(value_, description_, dictionary_category_) values('UNIT','Units','Materials quantities');
insert into a_unit(value_, description_, dictionary_category_) values('M','Meters (of wire for ex.)','Materials quantities');
insert into a_unit(value_, description_, dictionary_category_) values('PCS','Pieces of some equipment','Materials quantities');

insert into a_region(id_, name_) values(7, 'Almaty');

INSERT INTO a_work (id_, cost_type_, create_date_, currency_, display_service_name_, fa_class_, material_group_, net_price_, sap_po_service_name_, sap_service_number_, spp_, spp_sao_, units_, year_, contractor_, region_, service_) VALUES (3, 'CAPEX', '2017-06-05 00:00:00', 'KZT', '3.RBS/BTS Extension Installation(cabinet+battery backup) with on-air/ Установка RBS/BTS Extension (кабинет +система питания) с активацией', '29403422', 'STD0016', NULL, '3.RBS/BTS Extension inst(cab+batt)on-air', '3', 'RN-0502-33-0067', NULL, 'site/сайт', 2016, 5, 7, 2);
INSERT INTO a_work (id_, cost_type_, create_date_, currency_, display_service_name_, fa_class_, material_group_, net_price_, sap_po_service_name_, sap_service_number_, spp_, spp_sao_, units_, year_, contractor_, region_, service_) VALUES (4, 'CAPEX', '2017-06-05 00:00:00', 'KZT', '4.RBS/BTS type change (cabinet+battery backup)with on-air / Замена RBS/BTS (кабинет+ запасная батарея) с активацией', '29403422', 'STD0017', NULL, '4.RBS/BTS type chge (cab+batt)on-air', '4', 'RN-0502-33-0067', NULL, 'site/сайт', 2016, 5, 7, 2);
INSERT INTO a_work (id_, cost_type_, create_date_, currency_, display_service_name_, fa_class_, material_group_, net_price_, sap_po_service_name_, sap_service_number_, spp_, spp_sao_, units_, year_, contractor_, region_, service_) VALUES (5, 'CAPEX', '2017-06-05 00:00:00', 'KZT', '5.RBS/BTS cell addition(BBS+cabinet+antennas+feeders+poles) with on-air / Добавление сотового сегмента к  RBS/BTS (BBS+кабинет+антенны+фидер+  трубостойкb) с активацией', '29403422', 'STD0018', NULL, '5.RBS/BTS add(BBS+cab+ant+feed+pole)oair', '5', 'RN-0502-33-0067', NULL, 'site/сайт', 2016, 5, 7, 2);
INSERT INTO a_work (id_, cost_type_, create_date_, currency_, display_service_name_, fa_class_, material_group_, net_price_, sap_po_service_name_, sap_service_number_, spp_, spp_sao_, units_, year_, contractor_, region_, service_) VALUES (6, 'OPEX', '2017-06-05 00:00:00', 'KZT', '6.BTS Macro removal (including packaging according Kcell required) / Демонтаж кабинета BTS Macro (включая упаковку согласно стандартам Kcell)', '29403422', 'STD0019', NULL, '6. BTS Macro removal ', '6', '251-70160-1', '252-70160-1', 'site/сайт', 2016, 5, 7, NULL);
INSERT INTO a_work (id_, cost_type_, create_date_, currency_, display_service_name_, fa_class_, material_group_, net_price_, sap_po_service_name_, sap_service_number_, spp_, spp_sao_, units_, year_, contractor_, region_, service_) VALUES (7, 'OPEX', '2017-06-05 00:00:00', 'KZT', '7.BTS Micro/BTS Midi removal (including packaging according KCELL required) / Демонтаж BTS Micro/BTS Midi (включая упаковку согласно стандартам Kcell)', '29403422', 'STD0020', NULL, '7. BTS Micro/BTS Midi removal ', '7', '251-70160-1', '252-70160-1', 'site/сайт', 2016, 5, 7, NULL);
INSERT INTO a_work (id_, cost_type_, create_date_, currency_, display_service_name_, fa_class_, material_group_, net_price_, sap_po_service_name_, sap_service_number_, spp_, spp_sao_, units_, year_, contractor_, region_, service_) VALUES (8, 'CAPEX', '2017-06-05 00:00:00', 'KZT', '8.Site change/replacement (All equipments, RF &TR& Infrastructure including packaging according Kcell required) / Замена/перемещение  сайта (все оборудование, RF &TR& Infrastructure, включая упаковку согласно стандартам Kcell)', '29403422', 'STD0021', NULL, '8.Site chge/repl (All equips)', '8', 'RN-0502-33-0067', NULL, 'site/сайт', 2016, 5, 7, 2);
INSERT INTO a_work (id_, cost_type_, create_date_, currency_, display_service_name_, fa_class_, material_group_, net_price_, sap_po_service_name_, sap_service_number_, spp_, spp_sao_, units_, year_, contractor_, region_, service_) VALUES (9, 'OPEX', '2017-06-05 00:00:00', 'KZT', '9.Site removal - all equipment including FE deinstallation(including packaging according Kcell required) / Демонтаж сайта - все оборудование включая демонтаж трансмиссионного оборудования на удаленном конце(включая упаковку согласно стандартам Kcell)', '29403422', 'STD0022', NULL, '9. Site removal - all equipment including FE deinstallation', '9', '251-70160-1', '252-70160-1', 'site/сайт', 2016, 5, 7, NULL);
INSERT INTO a_work (id_, cost_type_, create_date_, currency_, display_service_name_, fa_class_, material_group_, net_price_, sap_po_service_name_, sap_service_number_, spp_, spp_sao_, units_, year_, contractor_, region_, service_) VALUES (10, 'CAPEX', '2017-06-05 00:00:00', 'KZT', '10.BTS Swap - between Vendors (including packaging according Kcell required) / Замена BTS  - между вендорами (включая упаковку согласно стандартам Kcell)', '29403422', 'STD0023', NULL, '10.BTS Swap-Vend (incl pack Kcell req)', '10', 'RN-0502-33-0067', NULL, 'site/сайт', 2016, 5, 7, 2);
INSERT INTO a_work (id_, cost_type_, create_date_, currency_, display_service_name_, fa_class_, material_group_, net_price_, sap_po_service_name_, sap_service_number_, spp_, spp_sao_, units_, year_, contractor_, region_, service_) VALUES (11, 'CAPEX', '2017-06-05 00:00:00', 'KZT', '11.Battery Backup System Installation with BBS  (up to 2 sets) on-air / Установка системы резервного питания включая стойку BBS  (до 2 комплектов)  с активацией', '29403422', 'STD0024', NULL, '11.BattBackSys inst BBS on-air (^2 sets)', '11', NULL, NULL, 'pc/шт', 2016, 5, 7, 2);
INSERT INTO a_work (id_, cost_type_, create_date_, currency_, display_service_name_, fa_class_, material_group_, net_price_, sap_po_service_name_, sap_service_number_, spp_, spp_sao_, units_, year_, contractor_, region_, service_) VALUES (12, 'CAPEX', '2017-06-05 00:00:00', 'KZT', '12.Battery Backup System change/replacement with on-air if required ( up to 2 sets) / Замена/перемещение системы резервных батарей с активацией, если необходимо (до 2 комплектов).', '29403422', 'STD0025', NULL, '12.BattBackSys chg/repl on-air (^2 sets)', '12', 'RN-0502-33-0067', NULL, 'pc/шт', 2016, 5, 7, 2);
INSERT INTO a_work (id_, cost_type_, create_date_, currency_, display_service_name_, fa_class_, material_group_, net_price_, sap_po_service_name_, sap_service_number_, spp_, spp_sao_, units_, year_, contractor_, region_, service_) VALUES (13, 'OPEX', '2017-06-05 00:00:00', 'KZT', '13.Battery Backup System Removal (including packaging according Kcell required) / Демонтаж системы резервных батарей (включая упаковку согласно стандартам Kcell)', '29403422', 'STD0026', NULL, '13. Battery Backup System Removal', '13', '251-70160-1', '252-70160-1', 'pc/шт', 2016, 5, 7, NULL);
INSERT INTO a_work (id_, cost_type_, create_date_, currency_, display_service_name_, fa_class_, material_group_, net_price_, sap_po_service_name_, sap_service_number_, spp_, spp_sao_, units_, year_, contractor_, region_, service_) VALUES (14, 'CAPEX', '2017-06-05 00:00:00', 'KZT', '14.Battery Change (deinstallation&Installation) per set/ замена аккумуляторной батареи (монтаж/демонтаж) за комплект', '29403422', 'STD0027', NULL, '14.BattChg (de&inst)/set (1set=4batt)', '14', NULL, NULL, 'One set = 4 battary / Один сет = 4 баттарей', 2016, 5, 7, 2);
INSERT INTO a_work (id_, cost_type_, create_date_, currency_, display_service_name_, fa_class_, material_group_, net_price_, sap_po_service_name_, sap_service_number_, spp_, spp_sao_, units_, year_, contractor_, region_, service_) VALUES (15, 'CAPEX', '2017-06-05 00:00:00', 'KZT', '15.Battery installation/deinstallation per set/ Монтаж/демонтаж аккумуляторной батареи за комплект', '29403422', 'STD0028', NULL, '15.Batt inst/deinst /set (1set=4batt)', '15', 'RN-0502-33-0067', NULL, 'One set = 4 battary / Один сет = 4 баттарей', 2016, 5, 7, 2);
INSERT INTO a_work (id_, cost_type_, create_date_, currency_, display_service_name_, fa_class_, material_group_, net_price_, sap_po_service_name_, sap_service_number_, spp_, spp_sao_, units_, year_, contractor_, region_, service_) VALUES (17, 'CAPEX', '2017-06-05 00:00:00', 'KZT', '17.Container change/replacement / Замена/перемещение контейнера', '29403422', 'STD0030', NULL, '17.Container chge/repl', '17', 'RN-0502-33-0067', NULL, 'pc/шт', 2016, 5, 7, 2);
INSERT INTO a_work (id_, cost_type_, create_date_, currency_, display_service_name_, fa_class_, material_group_, net_price_, sap_po_service_name_, sap_service_number_, spp_, spp_sao_, units_, year_, contractor_, region_, service_) VALUES (18, 'OPEX', '2017-06-05 00:00:00', 'KZT', '18.Container removal / Демонтаж контейнера', '29403422', 'STD0031', NULL, '18. Container removal', '18', '251-70160-1', '252-70160-1', 'pc/шт', 2016, 5, 7, NULL);
INSERT INTO a_work (id_, cost_type_, create_date_, currency_, display_service_name_, fa_class_, material_group_, net_price_, sap_po_service_name_, sap_service_number_, spp_, spp_sao_, units_, year_, contractor_, region_, service_) VALUES (19, 'CAPEX', '2017-06-05 00:00:00', 'KZT', '19.Site Grounding System Installation / Установка системы заземления на сайте.', '29403422', 'STD0032', NULL, '19.Site Grounding System inst', '19', 'RN-0502-33-0067', NULL, 'site/сайт', 2016, 5, 7, 2);
INSERT INTO a_work (id_, cost_type_, create_date_, currency_, display_service_name_, fa_class_, material_group_, net_price_, sap_po_service_name_, sap_service_number_, spp_, spp_sao_, units_, year_, contractor_, region_, service_) VALUES (20, 'CAPEX', '2017-06-05 00:00:00', 'KZT', '20.Site Grounding System сhange/replacement / Замена системы заземления', '29403422', 'STD0033', NULL, '20.Site Grounding System сhange/repl', '20', NULL, NULL, 'site/сайт', 2016, 5, 7, 2);
INSERT INTO a_work (id_, cost_type_, create_date_, currency_, display_service_name_, fa_class_, material_group_, net_price_, sap_po_service_name_, sap_service_number_, spp_, spp_sao_, units_, year_, contractor_, region_, service_) VALUES (21, 'OPEX', '2017-06-05 00:00:00', 'KZT', '21.Site Grounding System removal / Демонтаж системы заземления', '29403422', 'STD0034', NULL, '21. Site Grounding System removal', '21', '251-70160-1', '252-70160-1', 'site/сайт', 2016, 5, 7, NULL);
INSERT INTO a_work (id_, cost_type_, create_date_, currency_, display_service_name_, fa_class_, material_group_, net_price_, sap_po_service_name_, sap_service_number_, spp_, spp_sao_, units_, year_, contractor_, region_, service_) VALUES (22, 'CAPEX', '2017-06-05 00:00:00', 'KZT', '22.Site Lightning Protection installation / Установка системы защиты от молнии', '29403422', 'STD0035', NULL, '22.Site Lightning Protection inst', '22', NULL, NULL, 'site/сайт', 2016, 5, 7, 2);
INSERT INTO a_work (id_, cost_type_, create_date_, currency_, display_service_name_, fa_class_, material_group_, net_price_, sap_po_service_name_, sap_service_number_, spp_, spp_sao_, units_, year_, contractor_, region_, service_) VALUES (23, 'CAPEX', '2017-06-05 00:00:00', 'KZT', '23.Lighting rod change/ replacement. / Замена/перемещение молниеотвода.', '29403422', 'STD0036', NULL, '23.Lighting rod chge/ repl', '23', NULL, NULL, 'site/сайт', 2016, 5, 7, 2);
INSERT INTO a_work (id_, cost_type_, create_date_, currency_, display_service_name_, fa_class_, material_group_, net_price_, sap_po_service_name_, sap_service_number_, spp_, spp_sao_, units_, year_, contractor_, region_, service_) VALUES (24, 'OPEX', '2017-06-05 00:00:00', 'KZT', '24.Lighting rod remove / демонтаж молниеотвода', '29403422', 'STD0037', NULL, '24. Lighting rod remove', '24', '251-70160-1', '252-70160-1', 'site/сайт', 2016, 5, 7, NULL);
INSERT INTO a_work (id_, cost_type_, create_date_, currency_, display_service_name_, fa_class_, material_group_, net_price_, sap_po_service_name_, sap_service_number_, spp_, spp_sao_, units_, year_, contractor_, region_, service_) VALUES (25, 'CAPEX', '2017-06-05 00:00:00', 'KZT', '25.Air Conditioning installation / Установка кондиционера', '29403422', 'STD0038', NULL, '25.Air Conditioning inst', '25', 'RN-0502-33-0067', NULL, 'pc/шт', 2016, 5, 7, 2);
INSERT INTO a_work (id_, cost_type_, create_date_, currency_, display_service_name_, fa_class_, material_group_, net_price_, sap_po_service_name_, sap_service_number_, spp_, spp_sao_, units_, year_, contractor_, region_, service_) VALUES (26, 'CAPEX', '2017-06-05 00:00:00', 'KZT', '26.Air Conditioning change/replacement/ Замена/перемещение кондиционера.', '29403422', 'STD0039', NULL, '26.Air Conditioning chge/repl', '26', 'RN-0502-33-0067', NULL, 'pc/шт', 2016, 5, 7, 2);
INSERT INTO a_work (id_, cost_type_, create_date_, currency_, display_service_name_, fa_class_, material_group_, net_price_, sap_po_service_name_, sap_service_number_, spp_, spp_sao_, units_, year_, contractor_, region_, service_) VALUES (27, 'OPEX', '2017-06-05 00:00:00', 'KZT', '27.Air Conditioning removal(including of packing according Kcell require)/ Демонтаж кондиционера (включая упаковку согласно стандартам Kcell)', '29403422', 'STD0040', NULL, '27. Air Conditioning removal', '27', '251-70160-1', '252-70160-1', 'pc/шт', 2016, 5, 7, NULL);
INSERT INTO a_work (id_, cost_type_, create_date_, currency_, display_service_name_, fa_class_, material_group_, net_price_, sap_po_service_name_, sap_service_number_, spp_, spp_sao_, units_, year_, contractor_, region_, service_) VALUES (28, 'CAPEX', '2017-06-05 00:00:00', 'KZT', '28.TMA installation and testing / Установка и тестирование ТМА', '29403422', 'STD0041', NULL, '28.TMA inst and testing', '28', 'RN-0502-33-0067', NULL, 'pc/шт', 2016, 5, 7, 2);
INSERT INTO a_work (id_, cost_type_, create_date_, currency_, display_service_name_, fa_class_, material_group_, net_price_, sap_po_service_name_, sap_service_number_, spp_, spp_sao_, units_, year_, contractor_, region_, service_) VALUES (29, 'CAPEX', '2017-06-05 00:00:00', 'KZT', '29.TMA change/replacement / Замена/перемещение ТМА', '29403422', 'STD0042', NULL, '29.TMA chge/repl', '29', 'RN-0502-33-0067', NULL, 'pc/шт', 2016, 5, 7, 2);
INSERT INTO a_work (id_, cost_type_, create_date_, currency_, display_service_name_, fa_class_, material_group_, net_price_, sap_po_service_name_, sap_service_number_, spp_, spp_sao_, units_, year_, contractor_, region_, service_) VALUES (30, 'OPEX', '2017-06-05 00:00:00', 'KZT', '30.TMA remove and package / демонтаж ТМА', '29403422', 'STD0043', NULL, '30. TMA remove and package', '30', '251-70160-1', '252-70160-1', 'pc/шт', 2016, 5, 7, NULL);
INSERT INTO a_work (id_, cost_type_, create_date_, currency_, display_service_name_, fa_class_, material_group_, net_price_, sap_po_service_name_, sap_service_number_, spp_, spp_sao_, units_, year_, contractor_, region_, service_) VALUES (31, 'CAPEX', '2017-06-05 00:00:00', 'KZT', '31.TRU/TRX addition installation and testing / Дополнительная установка и тестирование TRU/TRX.', '29403422', 'STD0044', NULL, '31.TRU/TRX addition inst and testing', '31', 'RN-0502-33-0067', NULL, 'pc/шт', 2016, 5, 7, 2);
INSERT INTO a_work (id_, cost_type_, create_date_, currency_, display_service_name_, fa_class_, material_group_, net_price_, sap_po_service_name_, sap_service_number_, spp_, spp_sao_, units_, year_, contractor_, region_, service_) VALUES (32, 'CAPEX', '2017-06-05 00:00:00', 'KZT', '32.TRU/TRX change/replacement. / Замена/перемещение TRU/TRX.', '29403422', 'STD0045', NULL, '32.TRU/TRX chge/repl', '32', 'RN-0502-33-0067', NULL, 'pc/шт', 2016, 5, 7, 2);
INSERT INTO a_work (id_, cost_type_, create_date_, currency_, display_service_name_, fa_class_, material_group_, net_price_, sap_po_service_name_, sap_service_number_, spp_, spp_sao_, units_, year_, contractor_, region_, service_) VALUES (33, 'OPEX', '2017-06-05 00:00:00', 'KZT', '33.TRU/TRX removal. / демонтаж TRU/TRX.', '29403422', 'STD0046', NULL, '33. TRU/TRX removal.', '33', '251-70160-1', '252-70160-1', 'pc/шт', 2016, 5, 7, NULL);
INSERT INTO a_work (id_, cost_type_, create_date_, currency_, display_service_name_, fa_class_, material_group_, net_price_, sap_po_service_name_, sap_service_number_, spp_, spp_sao_, units_, year_, contractor_, region_, service_) VALUES (34, 'CAPEX', '2017-06-05 00:00:00', 'KZT', '34.EDGE DTRU/TSGB Upgrade. / Усовершенствование EDGE DTRU/TSGB', '29403422', 'STD0047', NULL, '34.EDGE DTRU/TSGB Upgrade', '34', 'RN-0502-33-0067', NULL, 'pc/шт', 2016, 5, 7, 2);
INSERT INTO a_work (id_, cost_type_, create_date_, currency_, display_service_name_, fa_class_, material_group_, net_price_, sap_po_service_name_, sap_service_number_, spp_, spp_sao_, units_, year_, contractor_, region_, service_) VALUES (35, 'CAPEX', '2017-06-05 00:00:00', 'KZT', '35.Repeater installation and testing / Установка и тестирование репитера', '29403422', 'STD0048', NULL, '35.Repeater inst and testing', '35', 'RN-0502-33-0067', NULL, 'site/сайт', 2016, 5, 7, 2);
INSERT INTO a_work (id_, cost_type_, create_date_, currency_, display_service_name_, fa_class_, material_group_, net_price_, sap_po_service_name_, sap_service_number_, spp_, spp_sao_, units_, year_, contractor_, region_, service_) VALUES (36, 'CAPEX', '2017-06-05 00:00:00', 'KZT', '36.Repeater change/replacement. / Замена/перемещение репитера.', '29403422', 'STD0049', NULL, '36.Repeater chge/repl', '36', 'RN-0502-33-0067', NULL, 'site/сайт', 2016, 5, 7, 2);
INSERT INTO a_work (id_, cost_type_, create_date_, currency_, display_service_name_, fa_class_, material_group_, net_price_, sap_po_service_name_, sap_service_number_, spp_, spp_sao_, units_, year_, contractor_, region_, service_) VALUES (37, 'OPEX', '2017-06-05 00:00:00', 'KZT', '37.Repeater removal. / Демонтаж репитера.', '29403422', 'STD0050', NULL, '37. Repeater removal.', '37', '251-70160-1', '252-70160-1', 'site/сайт', 2016, 5, 7, NULL);
INSERT INTO a_work (id_, cost_type_, create_date_, currency_, display_service_name_, fa_class_, material_group_, net_price_, sap_po_service_name_, sap_service_number_, spp_, spp_sao_, units_, year_, contractor_, region_, service_) VALUES (38, 'CAPEX', '2017-06-05 00:00:00', 'KZT', '38.GSM Antenna installation / Установка GSM антенны', '29403422', 'STD0051', NULL, '38.GSM Antenna inst', '38', 'RN-0502-33-0067', NULL, 'Per Sector / за сектор', 2016, 5, 7, 2);
INSERT INTO a_work (id_, cost_type_, create_date_, currency_, display_service_name_, fa_class_, material_group_, net_price_, sap_po_service_name_, sap_service_number_, spp_, spp_sao_, units_, year_, contractor_, region_, service_) VALUES (39, 'CAPEX', '2017-06-05 00:00:00', 'KZT', '39.GSM Antenna location change/replacement (including poles) / Замена/Смена месторасположения GSM антенны (включая трубостойки)', '29403422', 'STD0052', NULL, '39.GSM Ant loc chge/repl (incl poles)', '39', 'RN-0502-33-0067', NULL, 'Per Sector / за сектор', 2016, 5, 7, 2);
INSERT INTO a_work (id_, cost_type_, create_date_, currency_, display_service_name_, fa_class_, material_group_, net_price_, sap_po_service_name_, sap_service_number_, spp_, spp_sao_, units_, year_, contractor_, region_, service_) VALUES (40, 'CAPEX', '2017-06-05 00:00:00', 'KZT', '40.GSM Antenna direction change / Cмена направленности GSM антенны', '29403422', 'STD0053', NULL, '40.GSM Antenna direction chge', '40', 'RN-0502-33-0067', NULL, 'Per Sector / за сектор', 2016, 5, 7, 2);
INSERT INTO a_work (id_, cost_type_, create_date_, currency_, display_service_name_, fa_class_, material_group_, net_price_, sap_po_service_name_, sap_service_number_, spp_, spp_sao_, units_, year_, contractor_, region_, service_) VALUES (41, 'CAPEX', '2017-06-05 00:00:00', 'KZT', '41.GSM Antenna tilting / Смена угла наклона GSM антенны', '29403422', 'STD0054', NULL, '41.GSM Antenna tilting', '41', 'RN-0502-33-0067', NULL, 'Per Sector / за сектор', 2016, 5, 7, 2);
INSERT INTO a_work (id_, cost_type_, create_date_, currency_, display_service_name_, fa_class_, material_group_, net_price_, sap_po_service_name_, sap_service_number_, spp_, spp_sao_, units_, year_, contractor_, region_, service_) VALUES (42, 'CAPEX', '2017-06-05 00:00:00', 'KZT', '42.GSM Antenna change (with pole) / Замена GSM антенны (включая трубостойки)', '29403422', 'STD0055', NULL, '42.GSM Antenna chge (with pole)', '42', 'RN-0502-33-0067', NULL, 'Per Sector / за сектор', 2016, 5, 7, 2);
INSERT INTO a_work (id_, cost_type_, create_date_, currency_, display_service_name_, fa_class_, material_group_, net_price_, sap_po_service_name_, sap_service_number_, spp_, spp_sao_, units_, year_, contractor_, region_, service_) VALUES (43, 'CAPEX', '2017-06-05 00:00:00', 'KZT', '43.GSM Antenna height change (up/down) / Изменение высоты GSM антенны (выше/ниже)', '29403422', 'STD0056', NULL, '43.GSM Antenna height chge (up/down)', '43', 'RN-0502-33-0067', NULL, 'Per Sector / за сектор', 2016, 5, 7, 2);
INSERT INTO a_work (id_, cost_type_, create_date_, currency_, display_service_name_, fa_class_, material_group_, net_price_, sap_po_service_name_, sap_service_number_, spp_, spp_sao_, units_, year_, contractor_, region_, service_) VALUES (45, 'CAPEX', '2017-06-05 00:00:00', 'KZT', '45.Feeder installation 0-75m (per sector, if there is no feeder before) / Установка фидера 0-75м (за сектор, если ранее фидера не было)', '29403422', 'STD0058', NULL, '45.FeederInst 0-75m(/sect,noFeedBefor)', '45', 'RN-0502-33-0067', NULL, 'Per Sector / за сектор', 2016, 5, 7, 2);
INSERT INTO a_work (id_, cost_type_, create_date_, currency_, display_service_name_, fa_class_, material_group_, net_price_, sap_po_service_name_, sap_service_number_, spp_, spp_sao_, units_, year_, contractor_, region_, service_) VALUES (46, 'CAPEX', '2017-06-05 00:00:00', 'KZT', '46.Feeder installation 76-175m (per sector, if there is no feeder before) / Установка фидера  76-175 м (за сектор, если ранее фидера не было)', '29403422', 'STD0059', NULL, '46.FeederInst 76-175m(/sec,noFeedBefor)', '46', 'RN-0502-33-0067', NULL, 'Per Sector / за сектор', 2016, 5, 7, 2);
INSERT INTO a_work (id_, cost_type_, create_date_, currency_, display_service_name_, fa_class_, material_group_, net_price_, sap_po_service_name_, sap_service_number_, spp_, spp_sao_, units_, year_, contractor_, region_, service_) VALUES (47, 'CAPEX', '2017-06-05 00:00:00', 'KZT', '47.Feeder installation 176- up m (per sector, if there is no feeder before) / Установка фидера от 176 м и более (за сектор, если ранее фидера не было)', '29403422', 'STD0060', NULL, '47.FeederInst 176-^m(/sec,noFeedBefor)', '47', 'RN-0502-33-0067', NULL, 'Per Sector / за сектор', 2016, 5, 7, 2);
INSERT INTO a_work (id_, cost_type_, create_date_, currency_, display_service_name_, fa_class_, material_group_, net_price_, sap_po_service_name_, sap_service_number_, spp_, spp_sao_, units_, year_, contractor_, region_, service_) VALUES (48, 'CAPEX', '2017-06-05 00:00:00', 'KZT', '48.Feeder change/replacement 0-75m (per sector, if it is needed to change feeder) / Замена/перемещение фидера 0-75 м (за сектор, если необходимо заменить фидер)', '29403422', 'STD0061', NULL, '48.Feeder chg/rpl 0-75m(/sect,chge feed)', '48', 'RN-0502-33-0067', NULL, 'Per Sector / за сектор', 2016, 5, 7, 2);
INSERT INTO a_work (id_, cost_type_, create_date_, currency_, display_service_name_, fa_class_, material_group_, net_price_, sap_po_service_name_, sap_service_number_, spp_, spp_sao_, units_, year_, contractor_, region_, service_) VALUES (49, 'CAPEX', '2017-06-05 00:00:00', 'KZT', '49.Feeder change/replacement 76-175m (per sector, if it is needed to change feeder) / Замена/перемещение фидера 76-175 м (за сектор, если необходимо заменить фидер)', '29403422', 'STD0062', NULL, '49.Feeder chg/rpl 76-175m(/sec,chge feed', '49', 'RN-0502-33-0067', NULL, 'Per Sector / за сектор', 2016, 5, 7, 2);
INSERT INTO a_work (id_, cost_type_, create_date_, currency_, display_service_name_, fa_class_, material_group_, net_price_, sap_po_service_name_, sap_service_number_, spp_, spp_sao_, units_, year_, contractor_, region_, service_) VALUES (50, 'CAPEX', '2017-06-05 00:00:00', 'KZT', '50.Feeder change/replacement 176-up m (per sector, if it is needed to change feeder) / Замена/перемещение фидера от 176м и более (за сектор, если необходимо заменить фидер)', '29403422', 'STD0063', NULL, '50.Feeder chg/repl 176-^m(/sec,chgeFeed)', '50', 'RN-0502-33-0067', NULL, 'Per Sector / за сектор', 2016, 5, 7, 2);
INSERT INTO a_work (id_, cost_type_, create_date_, currency_, display_service_name_, fa_class_, material_group_, net_price_, sap_po_service_name_, sap_service_number_, spp_, spp_sao_, units_, year_, contractor_, region_, service_) VALUES (51, 'OPEX', '2017-06-05 00:00:00', 'KZT', '51.Feeder removal 0-75m (per sector, if it''s needed for dismantle) / демонтаж фидера 0-75 м (за сектор, если необходим демонтаж)', '29403422', 'STD0064', NULL, '51. Feeder removal 0-75m ', '51', '251-70160-1', '252-70160-1', 'Per Sector / за сектор', 2016, 5, 7, NULL);
INSERT INTO a_work (id_, cost_type_, create_date_, currency_, display_service_name_, fa_class_, material_group_, net_price_, sap_po_service_name_, sap_service_number_, spp_, spp_sao_, units_, year_, contractor_, region_, service_) VALUES (52, 'OPEX', '2017-06-05 00:00:00', 'KZT', '52.Feeder removal 76-175m (per sector, if it''s needed for dismantle) / демонтаж фидера 76-175 м (за сектор, если необходим демонтаж)', '29403422', 'STD0065', NULL, '52. Feeder removal 76-175m', '52', '251-70160-1', '252-70160-1', 'Per Sector / за сектор', 2016, 5, 7, NULL);
INSERT INTO a_work (id_, cost_type_, create_date_, currency_, display_service_name_, fa_class_, material_group_, net_price_, sap_po_service_name_, sap_service_number_, spp_, spp_sao_, units_, year_, contractor_, region_, service_) VALUES (53, 'OPEX', '2017-06-05 00:00:00', 'KZT', '53.Feeder removal 176-up m (per sector, if it''s needed for dismantle) / демонтаж фидера 176 м и более (за сектор, если необходим демонтаж)', '29403422', 'STD0066', NULL, '53.  Feeder removal 176-up m', '53', '251-70160-1', '252-70160-1', 'Per Sector / за сектор', 2016, 5, 7, NULL);
INSERT INTO a_work (id_, cost_type_, create_date_, currency_, display_service_name_, fa_class_, material_group_, net_price_, sap_po_service_name_, sap_service_number_, spp_, spp_sao_, units_, year_, contractor_, region_, service_) VALUES (54, 'CAPEX', '2017-06-05 00:00:00', 'KZT', '54.Isolation& installation and implementation on ground/ on shelter / on roof for all type of Poles from 2m till 6m / изоляция, установка, ввод в эксплуатацию на земле/ на навесе/ на крыше всех типов трубостоек от 2 м до 6 м ', '29403422', 'STD0067', NULL, '54.Isol&Inst&Impl grdShelRoofPoles 2-6m', '54', NULL, NULL, 'site/сайт', 2016, 5, 7, 2);
INSERT INTO a_work (id_, cost_type_, create_date_, currency_, display_service_name_, fa_class_, material_group_, net_price_, sap_po_service_name_, sap_service_number_, spp_, spp_sao_, units_, year_, contractor_, region_, service_) VALUES (55, 'CAPEX', '2017-06-05 00:00:00', 'KZT', '55.Isolation& installation and implementation on ground/ on shelter / on roof for all type of Poles from 7m till 10m/ изоляция, установка, ввод в эксплуатацию на земле/ на навесе/ на крыше всех типов трубостоек от 7 м до 10 м ', '29403422', 'STD0068', NULL, '55.Isol&Inst&Impl grdShelRoofPoles 7-10m', '55', NULL, NULL, 'site/сайт', 2016, 5, 7, 2);
INSERT INTO a_work (id_, cost_type_, create_date_, currency_, display_service_name_, fa_class_, material_group_, net_price_, sap_po_service_name_, sap_service_number_, spp_, spp_sao_, units_, year_, contractor_, region_, service_) VALUES (56, 'CAPEX', '2017-06-05 00:00:00', 'KZT', '56.Change/Replacement on ground/ on shelter / on roof for all type of Poles from 2m till 6m / Замена/Перемещение на земле/ на навесе/ на крыше всех типов трубостоек от 2 м до 6 м ', '29403422', 'STD0069', NULL, '56.Chge/repl grd/shel/roof poles 2-6m', '56', NULL, NULL, 'pc/шт', 2016, 5, 7, 2);
INSERT INTO a_work (id_, cost_type_, create_date_, currency_, display_service_name_, fa_class_, material_group_, net_price_, sap_po_service_name_, sap_service_number_, spp_, spp_sao_, units_, year_, contractor_, region_, service_) VALUES (57, 'CAPEX', '2017-06-05 00:00:00', 'KZT', '57.Change/Replacement on ground/ on shelter / on roof for all type of Poles from 7m till 10m /Замена/Перемещение на земле/ на навесе/ на крыше всех типов трубостоек от 7 м до 10 м ', '29403422', 'STD0070', NULL, '57.Chge/repl grd/shel/roof poles 7-10m', '57', NULL, NULL, 'pc/шт', 2016, 5, 7, 2);
INSERT INTO a_work (id_, cost_type_, create_date_, currency_, display_service_name_, fa_class_, material_group_, net_price_, sap_po_service_name_, sap_service_number_, spp_, spp_sao_, units_, year_, contractor_, region_, service_) VALUES (58, 'OPEX', '2017-06-05 00:00:00', 'KZT', '58.Removal on ground/ on shelter / on roof for all type of Poles from 2m till 6m / Демонтаж на земле/ на навесе/ на крыше всех типов трубостоек от 2 м до 6 м ', '29403422', 'STD0071', NULL, '58. Removal on ground/ on shelter / on roof for all type of Poles from 2m till 6m', '58', '251-70160-1', '252-70160-1', 'pc/шт', 2016, 5, 7, NULL);
INSERT INTO a_work (id_, cost_type_, create_date_, currency_, display_service_name_, fa_class_, material_group_, net_price_, sap_po_service_name_, sap_service_number_, spp_, spp_sao_, units_, year_, contractor_, region_, service_) VALUES (59, 'OPEX', '2017-06-05 00:00:00', 'KZT', '59.Removal on ground/ on shelter / on roof for all type of Poles from 7m till 10m /Демонтаж на земле/ на навесе/ на крыше всех типов трубостоек от 7 м до 10 м', '29403422', 'STD0072', NULL, '59. Removal on ground/ on shelter / on roof for all type of Poles from 7m till 10m', '59', '251-70160-1', '252-70160-1', 'pc/шт', 2016, 5, 7, NULL);
INSERT INTO a_work (id_, cost_type_, create_date_, currency_, display_service_name_, fa_class_, material_group_, net_price_, sap_po_service_name_, sap_service_number_, spp_, spp_sao_, units_, year_, contractor_, region_, service_) VALUES (60, 'CAPEX', '2017-06-05 00:00:00', 'KZT', '60.2Mb, connection of PCM cable to DDF / Подключение  PCM кабеля к DDF, 2Mb', '29403422', 'STD0073', NULL, '60.2Mb, connection of PCM cbl to DDF', '60', 'TN-0502-48-0067', NULL, 'site/сайт', 2016, 5, 7, 2);
INSERT INTO a_work (id_, cost_type_, create_date_, currency_, display_service_name_, fa_class_, material_group_, net_price_, sap_po_service_name_, sap_service_number_, spp_, spp_sao_, units_, year_, contractor_, region_, service_) VALUES (61, 'CAPEX', '2017-06-05 00:00:00', 'KZT', '61.Change/replacement  2Mb connection of PCM cable to DDF. / Замена/перемещение 2Mb потока PCM кабеля в DDF.', '29403422', 'STD0074', NULL, '61.chg/rpl  2Mb conn of PCM cbl to DDF', '61', 'TN-0502-48-0067', NULL, 'site/сайт', 2016, 5, 7, 2);
INSERT INTO a_work (id_, cost_type_, create_date_, currency_, display_service_name_, fa_class_, material_group_, net_price_, sap_po_service_name_, sap_service_number_, spp_, spp_sao_, units_, year_, contractor_, region_, service_) VALUES (62, 'CAPEX', '2017-06-05 00:00:00', 'KZT', '62.HDSL Modem/router cisco, d-link/SIU installation and testing/ Инсталляция, тестирование HDSL Modem/router cisco, d-link/SIU', '29403422', 'STD0075', NULL, '62.HDSLModem/rout ciscoDlink/SIU ins&tst', '62', 'TN-0502-48-0067', NULL, 'pc/шт', 2016, 5, 7, 2);
INSERT INTO a_work (id_, cost_type_, create_date_, currency_, display_service_name_, fa_class_, material_group_, net_price_, sap_po_service_name_, sap_service_number_, spp_, spp_sao_, units_, year_, contractor_, region_, service_) VALUES (63, 'CAPEX', '2017-06-05 00:00:00', 'KZT', '63.HDSL Modem/router cisco, d-link/SIU Change/replacement/ Замена/перемещение HDSL Modem/router cisco, d-link/SIU', '29403422', 'STD0076', NULL, '63.HDSLModem/rout ciscoDlink/SIU chg/rpl', '63', 'TN-0502-48-0067', NULL, 'pc/шт', 2016, 5, 7, 2);
INSERT INTO a_work (id_, cost_type_, create_date_, currency_, display_service_name_, fa_class_, material_group_, net_price_, sap_po_service_name_, sap_service_number_, spp_, spp_sao_, units_, year_, contractor_, region_, service_) VALUES (64, 'OPEX', '2017-06-05 00:00:00', 'KZT', '64.HDSL Modem/router cisco, d-link/SIU Removal/ демонтаж HDSL Modem/router cisco, d-link/SIU', '29403422', 'STD0077', NULL, '64. HDSL Modem/router cisco, d-link/SIU Removal', '64', '251-70160-1', '252-70160-1', 'pc/шт', 2016, 5, 7, NULL);
INSERT INTO a_work (id_, cost_type_, create_date_, currency_, display_service_name_, fa_class_, material_group_, net_price_, sap_po_service_name_, sap_service_number_, spp_, spp_sao_, units_, year_, contractor_, region_, service_) VALUES (65, 'CAPEX', '2017-06-05 00:00:00', 'KZT', '65.MW HOP Installation and testing including indoor, outdoor, activation, adjustment (0,3-1,2m)/ инсталляция и тестирование Радиорелейного пролета, включая indoor, outdoor, активацию, настройку (0,3-1,2 м) ', '29403422', 'STD0078', NULL, '65.MW HOP ins&tst in/odoorActAdj03-1,2m', '65', 'TN-0502-48-0067', NULL, 'pc/шт', 2016, 5, 7, 2);
INSERT INTO a_work (id_, cost_type_, create_date_, currency_, display_service_name_, fa_class_, material_group_, net_price_, sap_po_service_name_, sap_service_number_, spp_, spp_sao_, units_, year_, contractor_, region_, service_) VALUES (66, 'CAPEX', '2017-06-05 00:00:00', 'KZT', '66.MW HOP Installation and testing including indoor, outdoor, activation, adjustment (1,6-3,3m)/ инсталляция и тестирование Радиорелейного пролета, включая indoor, outdoor, активацию, настройку (1,6-3,3 м) ', '29403422', 'STD0079', NULL, '66.MW HOP ins&tst in/odoorActAdj1,6-3,3m', '66', 'TN-0502-48-0067', NULL, 'pc/шт', 2016, 5, 7, 2);
INSERT INTO a_work (id_, cost_type_, create_date_, currency_, display_service_name_, fa_class_, material_group_, net_price_, sap_po_service_name_, sap_service_number_, spp_, spp_sao_, units_, year_, contractor_, region_, service_) VALUES (67, 'CAPEX', '2017-06-05 00:00:00', 'KZT', '67.MW HOP change/replacement including indoor, outdoor, activation, adjustment (0,3-1,2m)/ Замена/перемещение Радиорелейного пролета, включая indoor, outdoor, активацию, настройку (0,3-1,2 м) ', '29403422', 'STD0080', NULL, '67.MW HOP chg/rpl in/odoorActAdj03-1,2m', '67', 'TN-0502-48-0067', NULL, 'pc/шт', 2016, 5, 7, 2);
INSERT INTO a_work (id_, cost_type_, create_date_, currency_, display_service_name_, fa_class_, material_group_, net_price_, sap_po_service_name_, sap_service_number_, spp_, spp_sao_, units_, year_, contractor_, region_, service_) VALUES (68, 'CAPEX', '2017-06-05 00:00:00', 'KZT', '68.MW HOP change/replacement including indoor, outdoor, activation, adjustment (1,6-3,3m)/  Замена/перемещение Радиорелейного пролета, включая indoor, outdoor, активацию, настройку (1,6-3,3 м) ', '29403422', 'STD0081', NULL, '68.MW HOP chg/rpl in/odoorActAdj1,6-3,3m', '68', 'TN-0502-48-0067', NULL, 'pc/шт', 2016, 5, 7, 2);
INSERT INTO a_work (id_, cost_type_, create_date_, currency_, display_service_name_, fa_class_, material_group_, net_price_, sap_po_service_name_, sap_service_number_, spp_, spp_sao_, units_, year_, contractor_, region_, service_) VALUES (69, 'OPEX', '2017-06-05 00:00:00', 'KZT', '69.MW HOP removal including indoor, outdoor (0,3-1,2m)/ демонтаж Радиорелейного пролета, включая indoor, outdoor (0,3-1,2м) ', '29403422', 'STD0082', NULL, '69. MW HOP removal including indoor, outdoor (0,3-1,2m)', '69', '251-70160-1', '252-70160-1', 'pc/шт', 2016, 5, 7, NULL);
INSERT INTO a_work (id_, cost_type_, create_date_, currency_, display_service_name_, fa_class_, material_group_, net_price_, sap_po_service_name_, sap_service_number_, spp_, spp_sao_, units_, year_, contractor_, region_, service_) VALUES (70, 'OPEX', '2017-06-05 00:00:00', 'KZT', '70.MW HOP removal including indoor, outdoor (1,6-3,3m)/ демонтаж Радиорелейного пролета, включая indoor, outdoor (1,6-3,3м) ', '29403422', 'STD0083', NULL, '70. MW HOP removal including indoor, outdoor (1,6-3,3m)', '70', '251-70160-1', '252-70160-1', 'pc/шт', 2016, 5, 7, NULL);
INSERT INTO a_work (id_, cost_type_, create_date_, currency_, display_service_name_, fa_class_, material_group_, net_price_, sap_po_service_name_, sap_service_number_, spp_, spp_sao_, units_, year_, contractor_, region_, service_) VALUES (71, 'CAPEX', '2017-06-05 00:00:00', 'KZT', '71.MW Antenna installation and testing (0,3-1,2m)/ Инсталляция и тестирование радиорелейной  антенны (0,3-1,2м)', '29403422', 'STD0084', NULL, '71.MW Ant inst and testing (0,3-1,2m)', '71', 'TN-0502-48-0067', NULL, 'pc/шт', 2016, 5, 7, 2);
INSERT INTO a_work (id_, cost_type_, create_date_, currency_, display_service_name_, fa_class_, material_group_, net_price_, sap_po_service_name_, sap_service_number_, spp_, spp_sao_, units_, year_, contractor_, region_, service_) VALUES (72, 'CAPEX', '2017-06-05 00:00:00', 'KZT', '72.MW Antenna installation and testing (1,6-3,3m)/ Инсталляция и тестирование радиорелейной  антенны (1,6-3,3м)', '29403422', 'STD0085', NULL, '72.MW Ant inst and testing (1,6-3,3m)', '72', 'TN-0502-48-0067', NULL, 'pc/шт', 2016, 5, 7, 2);
INSERT INTO a_work (id_, cost_type_, create_date_, currency_, display_service_name_, fa_class_, material_group_, net_price_, sap_po_service_name_, sap_service_number_, spp_, spp_sao_, units_, year_, contractor_, region_, service_) VALUES (74, 'CAPEX', '2017-06-05 00:00:00', 'KZT', '74.MW Antenna change/replacement (1,6-3,3m)/ Замена/перемещение радиорелейной  антенны (1,6-3,3м)', '29403422', 'STD0087', NULL, '74.MW Antenna chg/repl (1,6-3,3m)', '74', 'TN-0502-48-0067', NULL, 'pc/шт', 2016, 5, 7, 2);
INSERT INTO a_work (id_, cost_type_, create_date_, currency_, display_service_name_, fa_class_, material_group_, net_price_, sap_po_service_name_, sap_service_number_, spp_, spp_sao_, units_, year_, contractor_, region_, service_) VALUES (75, 'OPEX', '2017-06-05 00:00:00', 'KZT', '75.MW Antenna removal (0,3-1,2m)/ демонтаж радиорелейной  антенны (0,3-1,2м)', '29403422', 'STD0088', NULL, '75. MW Antenna removal (0,3-1,2m)', '75', '251-70160-1', '252-70160-1', 'pc/шт', 2016, 5, 7, NULL);
INSERT INTO a_work (id_, cost_type_, create_date_, currency_, display_service_name_, fa_class_, material_group_, net_price_, sap_po_service_name_, sap_service_number_, spp_, spp_sao_, units_, year_, contractor_, region_, service_) VALUES (76, 'OPEX', '2017-06-05 00:00:00', 'KZT', '76.MW Antenna removal (1,6-3,3m)/ демонтаж радиорелейной  антенны (1,6-3,3м)', '29403422', 'STD0089', NULL, '76. MW Antenna removal (1,6-3,3m)', '76', '251-70160-1', '252-70160-1', 'pc/шт', 2016, 5, 7, NULL);
INSERT INTO a_work (id_, cost_type_, create_date_, currency_, display_service_name_, fa_class_, material_group_, net_price_, sap_po_service_name_, sap_service_number_, spp_, spp_sao_, units_, year_, contractor_, region_, service_) VALUES (77, 'CAPEX', '2017-06-05 00:00:00', 'KZT', '77.MW Antenna direction change including adjustment (0,3-1,2m)/ изменение направления радиорелейной  антенны, включая настройку (0,3-1,2м)', '29403422', 'STD0090', NULL, '77.MW Antenna dir chg incl adj(0,3-1,2m)', '77', 'TN-0502-48-0067', NULL, 'pc/шт', 2016, 5, 7, 2);
INSERT INTO a_work (id_, cost_type_, create_date_, currency_, display_service_name_, fa_class_, material_group_, net_price_, sap_po_service_name_, sap_service_number_, spp_, spp_sao_, units_, year_, contractor_, region_, service_) VALUES (78, 'CAPEX', '2017-06-05 00:00:00', 'KZT', '78.MW Antenna direction change including adjustment (1,6-3,3m)/ изменение направления радиорелейной  антенны, включая настройку (1,6-3,3м)', '29403422', 'STD0091', NULL, '78.MW Ant dir chge incl adj(1,6-3,3m)', '78', 'TN-0502-48-0067', NULL, 'pc/шт', 2016, 5, 7, 2);
INSERT INTO a_work (id_, cost_type_, create_date_, currency_, display_service_name_, fa_class_, material_group_, net_price_, sap_po_service_name_, sap_service_number_, spp_, spp_sao_, units_, year_, contractor_, region_, service_) VALUES (79, 'CAPEX', '2017-06-05 00:00:00', 'KZT', '79.Power Splitter change/ замена Power Splitter', '29403422', 'STD0092', NULL, '79.Power Splitter chge', '79', 'TN-0502-48-0067', NULL, 'pc/шт', 2016, 5, 7, 2);
INSERT INTO a_work (id_, cost_type_, create_date_, currency_, display_service_name_, fa_class_, material_group_, net_price_, sap_po_service_name_, sap_service_number_, spp_, spp_sao_, units_, year_, contractor_, region_, service_) VALUES (80, 'CAPEX', '2017-06-05 00:00:00', 'KZT', '80.Additional fastening by metal pipe (per one pipe)/ дополнительное укрепление металлической трубой (за 1 трубу)', '29403422', 'STD0093', NULL, '80.Add fastening by metal pipe (/1pipe)', '80', 'TN-0502-48-0067', NULL, 'pc/шт', 2016, 5, 7, 2);
INSERT INTO a_work (id_, cost_type_, create_date_, currency_, display_service_name_, fa_class_, material_group_, net_price_, sap_po_service_name_, sap_service_number_, spp_, spp_sao_, units_, year_, contractor_, region_, service_) VALUES (81, 'CAPEX', '2017-06-05 00:00:00', 'KZT', '81.LTU/ETU/PFU installation cabling and testing (any type)/ инсталляция, подключение кабеля и тестирование LTU/ETU/PFU (любого типа)', '29403422', 'STD0094', NULL, '81.LTU/ETU/PFU inst cabl&test (any type)', '81', 'TN-0502-48-0067', NULL, 'pc/шт', 2016, 5, 7, 1);
INSERT INTO a_work (id_, cost_type_, create_date_, currency_, display_service_name_, fa_class_, material_group_, net_price_, sap_po_service_name_, sap_service_number_, spp_, spp_sao_, units_, year_, contractor_, region_, service_) VALUES (82, 'CAPEX', '2017-06-05 00:00:00', 'KZT', '82.LTU/ETU/PFU change/replacement (any type)/ замена/перемещение LTU/ETU/PFU (любого типа)', '29403422', 'STD0095', NULL, '82.LTU/ETU/PFU chge/repl (any type)', '82', 'TN-0502-48-0067', NULL, 'pc/шт', 2016, 5, 7, 1);
INSERT INTO a_work (id_, cost_type_, create_date_, currency_, display_service_name_, fa_class_, material_group_, net_price_, sap_po_service_name_, sap_service_number_, spp_, spp_sao_, units_, year_, contractor_, region_, service_) VALUES (83, 'OPEX', '2017-06-05 00:00:00', 'KZT', '83.LTU/ETU/PFU removal (any type)/ демонтаж LTU/ETU/PFU (любого типа)', '29403422', 'STD0096', NULL, '83. LTU/ETU/PFU removal (any type)', '83', '251-70160-1', '252-70160-1', 'pc/шт', 2016, 5, 7, NULL);
INSERT INTO a_work (id_, cost_type_, create_date_, currency_, display_service_name_, fa_class_, material_group_, net_price_, sap_po_service_name_, sap_service_number_, spp_, spp_sao_, units_, year_, contractor_, region_, service_) VALUES (84, 'CAPEX', '2017-06-05 00:00:00', 'KZT', '84.NPU installation/change/replacement/ инсталляция, замена/перемещение NPU', '29403422', 'STD0097', NULL, '84.NPU inst/chge/repl', '84', 'TN-0502-48-0067', NULL, 'pc/шт', 2016, 5, 7, 1);
INSERT INTO a_work (id_, cost_type_, create_date_, currency_, display_service_name_, fa_class_, material_group_, net_price_, sap_po_service_name_, sap_service_number_, spp_, spp_sao_, units_, year_, contractor_, region_, service_) VALUES (85, 'CAPEX', '2017-06-05 00:00:00', 'KZT', '85.FAU installation/change/removal/  инсталляция, замена/перемещение FAU', '29403422', 'STD0098', NULL, '85.FAU inst/chge/rem', '85', 'TN-0502-48-0067', NULL, 'pc/шт', 2016, 5, 7, 1);
INSERT INTO a_work (id_, cost_type_, create_date_, currency_, display_service_name_, fa_class_, material_group_, net_price_, sap_po_service_name_, sap_service_number_, spp_, spp_sao_, units_, year_, contractor_, region_, service_) VALUES (86, 'CAPEX', '2017-06-05 00:00:00', 'KZT', '86.upgrade changing configuration of MW equipment (capacity, protection type, software, modulation etc.) / модернизация, изменение конфигурации радиорелейного оборудования (емкость, тип резервирования, ПО, модуляция, т.п.)', '29403422', 'STD0099', NULL, '86.UpgrChngConf MWequip(capProtSoftMod)', '86', 'TN-0502-48-0067', NULL, 'pc/шт', 2016, 5, 7, 1);
INSERT INTO a_work (id_, cost_type_, create_date_, currency_, display_service_name_, fa_class_, material_group_, net_price_, sap_po_service_name_, sap_service_number_, spp_, spp_sao_, units_, year_, contractor_, region_, service_) VALUES (87, 'CAPEX', '2017-06-05 00:00:00', 'KZT', '87.Traffic Node 2p/6p/FIU19 installation and testing/ Инсталляция и тестирование Traffic Node 2p/6p/FIU19 ', '29403422', 'STD0100', NULL, '87.TraffNode 2p/6p/FIU19 inst and tst', '87', 'TN-0502-48-0067', NULL, 'site/сайт', 2016, 5, 7, 1);
INSERT INTO a_work (id_, cost_type_, create_date_, currency_, display_service_name_, fa_class_, material_group_, net_price_, sap_po_service_name_, sap_service_number_, spp_, spp_sao_, units_, year_, contractor_, region_, service_) VALUES (88, 'CAPEX', '2017-06-05 00:00:00', 'KZT', '88.Traffic Node 20p/Metro HUB installation and testing/ Инсталляция и тестирование Traffic Node 20p/Metro HUB', '29403422', 'STD0101', NULL, '88.TraffNode 20p/Metro HUB inst and tst', '88', 'TN-0502-48-0067', NULL, 'site/сайт', 2016, 5, 7, 1);
INSERT INTO a_work (id_, cost_type_, create_date_, currency_, display_service_name_, fa_class_, material_group_, net_price_, sap_po_service_name_, sap_service_number_, spp_, spp_sao_, units_, year_, contractor_, region_, service_) VALUES (89, 'CAPEX', '2017-06-05 00:00:00', 'KZT', '89.Traffic Node/ FIU19/ Metro HUBchange/replacement (all types)/ замена/перемещение Traffic Node/ FIU19/ Metro HUB (всех типов)', '29403422', 'STD0102', NULL, '89.TraffNod FIU19MetroHUB chgRpl(atypes', '89', 'TN-0502-48-0067', NULL, 'site/сайт', 2016, 5, 7, 1);
INSERT INTO a_work (id_, cost_type_, create_date_, currency_, display_service_name_, fa_class_, material_group_, net_price_, sap_po_service_name_, sap_service_number_, spp_, spp_sao_, units_, year_, contractor_, region_, service_) VALUES (90, 'OPEX', '2017-06-05 00:00:00', 'KZT', '90.Traffic Node all type/MetroHUB/FIU19 removal/ Демонтаж Traffic Node всех типов/MetroHUB/FIU19', '29403422', 'STD0103', NULL, '90. Traffic Node all type/MetroHUB/FIU19 removal', '90', '251-70160-1', '252-70160-1', 'site/сайт', 2016, 5, 7, NULL);
INSERT INTO a_work (id_, cost_type_, create_date_, currency_, display_service_name_, fa_class_, material_group_, net_price_, sap_po_service_name_, sap_service_number_, spp_, spp_sao_, units_, year_, contractor_, region_, service_) VALUES (91, 'CAPEX', '2017-06-05 00:00:00', 'KZT', '91.MMU/SMU installation and testing/ Инсталляция и тестирование MMU/SMU', '29403422', 'STD0104', NULL, '91.MMU/SMU inst and testing', '91', 'TN-0502-48-0067', NULL, 'pc/шт', 2016, 5, 7, 1);
INSERT INTO a_work (id_, cost_type_, create_date_, currency_, display_service_name_, fa_class_, material_group_, net_price_, sap_po_service_name_, sap_service_number_, spp_, spp_sao_, units_, year_, contractor_, region_, service_) VALUES (92, 'CAPEX', '2017-06-05 00:00:00', 'KZT', '92.MMU/SMU change/replacement /  замена/ перемещение MMU/SMU', '29403422', 'STD0105', NULL, '92.MMU/SMU chge/repl', '92', 'TN-0502-48-0067', NULL, 'pc/шт', 2016, 5, 7, 1);
INSERT INTO a_work (id_, cost_type_, create_date_, currency_, display_service_name_, fa_class_, material_group_, net_price_, sap_po_service_name_, sap_service_number_, spp_, spp_sao_, units_, year_, contractor_, region_, service_) VALUES (93, 'OPEX', '2017-06-05 00:00:00', 'KZT', '93.MMU/SMU removal / демонтаж MMU/SMU', '29403422', 'STD0106', NULL, '93. MMU/SMU removal', '93', '251-70160-1', '252-70160-1', 'pc/шт', 2016, 5, 7, NULL);
INSERT INTO a_work (id_, cost_type_, create_date_, currency_, display_service_name_, fa_class_, material_group_, net_price_, sap_po_service_name_, sap_service_number_, spp_, spp_sao_, units_, year_, contractor_, region_, service_) VALUES (94, 'CAPEX', '2017-06-05 00:00:00', 'KZT', '94.RAU installation with power splitter (any type)/ инсталляция RAU с power splitter (любой тип)', '29403422', 'STD0107', NULL, '94.RAU inst+ power splitter (any type)', '94', 'TN-0502-48-0067', NULL, 'pc/шт', 2016, 5, 7, 1);
INSERT INTO a_work (id_, cost_type_, create_date_, currency_, display_service_name_, fa_class_, material_group_, net_price_, sap_po_service_name_, sap_service_number_, spp_, spp_sao_, units_, year_, contractor_, region_, service_) VALUES (95, 'CAPEX', '2017-06-05 00:00:00', 'KZT', '95.RAU change (any type)/ замена RAU (любого типа)', '29403422', 'STD0108', NULL, '95.RAU chge (any type)', '95', 'TN-0502-48-0067', NULL, 'pc/шт', 2016, 5, 7, 1);
INSERT INTO a_work (id_, cost_type_, create_date_, currency_, display_service_name_, fa_class_, material_group_, net_price_, sap_po_service_name_, sap_service_number_, spp_, spp_sao_, units_, year_, contractor_, region_, service_) VALUES (96, 'OPEX', '2017-06-05 00:00:00', 'KZT', '96.RAU removal with power splitter (any type)/ демонтаж RAU с power splitter (любого типа)', '29403422', 'STD0109', NULL, '96. RAU removal with power splitter (any type)', '96', '251-70160-1', '252-70160-1', 'pc/шт', 2016, 5, 7, NULL);
INSERT INTO a_work (id_, cost_type_, create_date_, currency_, display_service_name_, fa_class_, material_group_, net_price_, sap_po_service_name_, sap_service_number_, spp_, spp_sao_, units_, year_, contractor_, region_, service_) VALUES (97, 'CAPEX', '2017-06-05 00:00:00', 'KZT', '97.AMM 2U/4U/14U installation (including grounding)/ инсталляция AMM 2U/4U/14U (включая заземление)', '29403422', 'STD0110', NULL, '97.AMM 2U/4U/14U inst (incl grounding)', '97', 'TN-0502-48-0067', NULL, 'pc/шт', 2016, 5, 7, 1);
INSERT INTO a_work (id_, cost_type_, create_date_, currency_, display_service_name_, fa_class_, material_group_, net_price_, sap_po_service_name_, sap_service_number_, spp_, spp_sao_, units_, year_, contractor_, region_, service_) VALUES (98, 'CAPEX', '2017-06-05 00:00:00', 'KZT', '98.AMM 2U/4U/14U change/replacement (including grounding)/ замена/перемещение AMM 2U/4U/14U (включая заземление)', '29403422', 'STD0111', NULL, '98.AMM 2U/4U/14U chge/repl (incl grnd)', '98', 'TN-0502-48-0067', NULL, 'pc/шт', 2016, 5, 7, 1);
INSERT INTO a_work (id_, cost_type_, create_date_, currency_, display_service_name_, fa_class_, material_group_, net_price_, sap_po_service_name_, sap_service_number_, spp_, spp_sao_, units_, year_, contractor_, region_, service_) VALUES (99, 'OPEX', '2017-06-05 00:00:00', 'KZT', '99.AMM 2U/4U/14U removal (including grounding)/ демонтаж AMM 2U/4U/14U (включая заземление)', '29403422', 'STD0112', NULL, '99. AMM 2U/4U/14U removal (including grounding)', '99', '251-70160-1', '252-70160-1', 'pc/шт', 2016, 5, 7, NULL);
INSERT INTO a_work (id_, cost_type_, create_date_, currency_, display_service_name_, fa_class_, material_group_, net_price_, sap_po_service_name_, sap_service_number_, spp_, spp_sao_, units_, year_, contractor_, region_, service_) VALUES (100, 'CAPEX', '2017-06-05 00:00:00', 'KZT', '100.Transmission rack 19" installation (including grounding)/ инсталляция трансмиссионной стойки 19"(включая заземление)', '29403422', 'STD0113', NULL, '100.Transmiss rack 19" inst (incl grnd)', '100', 'TN-0502-48-0067', NULL, 'site/сайт', 2016, 5, 7, 1);
INSERT INTO a_work (id_, cost_type_, create_date_, currency_, display_service_name_, fa_class_, material_group_, net_price_, sap_po_service_name_, sap_service_number_, spp_, spp_sao_, units_, year_, contractor_, region_, service_) VALUES (101, 'CAPEX', '2017-06-05 00:00:00', 'KZT', '101.Transmission rack 19" change/replacement (including grounding) / замена/перемещение трансмиссионной стойки 19"(включая заземление)', '29403422', 'STD0114', NULL, '101.Transm rack 19" che/rpl (incl grnd)', '101', 'TN-0502-48-0067', NULL, 'site/сайт', 2016, 5, 7, 1);
INSERT INTO a_work (id_, cost_type_, create_date_, currency_, display_service_name_, fa_class_, material_group_, net_price_, sap_po_service_name_, sap_service_number_, spp_, spp_sao_, units_, year_, contractor_, region_, service_) VALUES (102, 'OPEX', '2017-06-05 00:00:00', 'KZT', '102.Transmission rack 19" removal (including grounding)/ демонтаж трансмиссионной стойки 19"(включая заземление)', '29403422', 'STD0115', NULL, '102. Transmission rack 19" removal (including grounding)', '102', '251-70160-1', '252-70160-1', 'site/сайт', 2016, 5, 7, NULL);
INSERT INTO a_work (id_, cost_type_, create_date_, currency_, display_service_name_, fa_class_, material_group_, net_price_, sap_po_service_name_, sap_service_number_, spp_, spp_sao_, units_, year_, contractor_, region_, service_) VALUES (103, 'CAPEX', '2017-06-05 00:00:00', 'KZT', '103.MW Feeder/cable installation 0-75m/ Инсталляция MW Feeder/cable 0-75 м', '29403422', 'STD0116', NULL, '103.MW Feeder/cbl inst 0-75m', '103', 'TN-0502-48-0067', NULL, 'pc/шт', 2016, 5, 7, 1);
INSERT INTO a_work (id_, cost_type_, create_date_, currency_, display_service_name_, fa_class_, material_group_, net_price_, sap_po_service_name_, sap_service_number_, spp_, spp_sao_, units_, year_, contractor_, region_, service_) VALUES (104, 'CAPEX', '2017-06-05 00:00:00', 'KZT', '104.MW Feeder/cable installation 76-175m / Инсталляция MW Feeder/cable 76-175 м', '29403422', 'STD0117', NULL, '104.MW Feeder/cbl inst 76-175m', '104', 'TN-0502-48-0067', NULL, 'pc/шт', 2016, 5, 7, 1);
INSERT INTO a_work (id_, cost_type_, create_date_, currency_, display_service_name_, fa_class_, material_group_, net_price_, sap_po_service_name_, sap_service_number_, spp_, spp_sao_, units_, year_, contractor_, region_, service_) VALUES (105, 'CAPEX', '2017-06-05 00:00:00', 'KZT', '105.MW Feeder/cable installation 176- up m /  Инсталляция MW Feeder/cable 176 м и больше', '29403422', 'STD0118', NULL, '105.MW Feeder/cbl inst 176- up m', '105', 'TN-0502-48-0067', NULL, 'pc/шт', 2016, 5, 7, 1);
INSERT INTO a_work (id_, cost_type_, create_date_, currency_, display_service_name_, fa_class_, material_group_, net_price_, sap_po_service_name_, sap_service_number_, spp_, spp_sao_, units_, year_, contractor_, region_, service_) VALUES (106, 'CAPEX', '2017-06-05 00:00:00', 'KZT', '106.MW Feeder/cable change/replacement 0-75m / Замена/ перемещение MW Feeder/cable 0-75 м', '29403422', 'STD0119', NULL, '106.MW Feeder/cbl chge/repl 0-75m', '106', 'TN-0502-48-0067', NULL, 'pc/шт', 2016, 5, 7, 1);
INSERT INTO a_work (id_, cost_type_, create_date_, currency_, display_service_name_, fa_class_, material_group_, net_price_, sap_po_service_name_, sap_service_number_, spp_, spp_sao_, units_, year_, contractor_, region_, service_) VALUES (107, 'CAPEX', '2017-06-05 00:00:00', 'KZT', '107.MW Feeder/cable change/replacement 76-175m / Замена/ перемещение MW Feeder/cable 76-175 м', '29403422', 'STD0120', NULL, '107.MW Feeder/cbl chge/repl 76-175m', '107', 'TN-0502-48-0067', NULL, 'pc/шт', 2016, 5, 7, 1);
INSERT INTO a_work (id_, cost_type_, create_date_, currency_, display_service_name_, fa_class_, material_group_, net_price_, sap_po_service_name_, sap_service_number_, spp_, spp_sao_, units_, year_, contractor_, region_, service_) VALUES (108, 'CAPEX', '2017-06-05 00:00:00', 'KZT', '108.MW Feeder/cable change/replacement 176- up m / Замена/ перемещение MW Feeder/cable 176 м и больше', '29403422', 'STD0121', NULL, '108.MW Feeder/cbl chge/repl 176- up m', '108', 'TN-0502-48-0067', NULL, 'pc/шт', 2016, 5, 7, 1);
INSERT INTO a_work (id_, cost_type_, create_date_, currency_, display_service_name_, fa_class_, material_group_, net_price_, sap_po_service_name_, sap_service_number_, spp_, spp_sao_, units_, year_, contractor_, region_, service_) VALUES (109, 'OPEX', '2017-06-05 00:00:00', 'KZT', '109.MW Feeder/cable removal 0-75m / демонтаж MW Feeder/cable 0-75 м', '29403422', 'STD0122', NULL, '109. MW Feeder/cable removal 0-75m ', '109', '251-70160-1', '252-70160-1', 'pc/шт', 2016, 5, 7, NULL);
INSERT INTO a_work (id_, cost_type_, create_date_, currency_, display_service_name_, fa_class_, material_group_, net_price_, sap_po_service_name_, sap_service_number_, spp_, spp_sao_, units_, year_, contractor_, region_, service_) VALUES (110, 'OPEX', '2017-06-05 00:00:00', 'KZT', '110.MW Feeder/cable removal 75-175m/ демонтаж MW Feeder/cable 75-175 м', '29403422', 'STD0123', NULL, '110. MW Feeder/cable removal 75-175m', '110', '251-70160-1', '252-70160-1', 'pc/шт', 2016, 5, 7, NULL);
INSERT INTO a_work (id_, cost_type_, create_date_, currency_, display_service_name_, fa_class_, material_group_, net_price_, sap_po_service_name_, sap_service_number_, spp_, spp_sao_, units_, year_, contractor_, region_, service_) VALUES (111, 'OPEX', '2017-06-05 00:00:00', 'KZT', '111.MW Feeder/cable removal 176-up m/ демонтаж MW Feeder/cable 176 м и больше', '29403422', 'STD0124', NULL, '111. MW Feeder/cable removal 176-up m', '111', '251-70160-1', '252-70160-1', 'pc/шт', 2016, 5, 7, NULL);
INSERT INTO a_work (id_, cost_type_, create_date_, currency_, display_service_name_, fa_class_, material_group_, net_price_, sap_po_service_name_, sap_service_number_, spp_, spp_sao_, units_, year_, contractor_, region_, service_) VALUES (112, 'CAPEX', '2017-06-05 00:00:00', 'KZT', '112.Additional fastering with installing pipes of ML feeder cable (any length)/ Дополнительное усиление с инсталляцией труб ML feeder cable любой длины', '29403422', 'STD0125', NULL, '112.Add fast+instPipesMLfeeder cbl(*len)', '112', 'TN-0502-48-0067', NULL, 'pc/шт', 2016, 5, 7, 1);
INSERT INTO a_work (id_, cost_type_, create_date_, currency_, display_service_name_, fa_class_, material_group_, net_price_, sap_po_service_name_, sap_service_number_, spp_, spp_sao_, units_, year_, contractor_, region_, service_) VALUES (113, 'CAPEX', '2017-06-05 00:00:00', 'KZT', '113.PCM/UTP/KVSM/optical patchcord Cable installation 0-75m / Инсталляция пачкорда PCM/UTP/KVSM/optical 0-75 м', '29403422', 'STD0126', NULL, '113.PCM/UTP/KVSM/opt p.crd inst 0-75m', '113', 'RN-0502-33-0067', NULL, 'site/сайт', 2016, 5, 7, 1);
INSERT INTO a_work (id_, cost_type_, create_date_, currency_, display_service_name_, fa_class_, material_group_, net_price_, sap_po_service_name_, sap_service_number_, spp_, spp_sao_, units_, year_, contractor_, region_, service_) VALUES (114, 'CAPEX', '2017-06-05 00:00:00', 'KZT', '114.PCM/UTP/KVSM/optical patchcord Cable installation 76-175m / Инсталляция пачкорда PCM/UTP/KVSM/optical 76-175 м', '29403422', 'STD0127', NULL, '114.PCM/UTP/KVSM/opt p.crd inst 76-175m', '114', 'RN-0502-33-0067', NULL, 'site/сайт', 2016, 5, 7, 1);
INSERT INTO a_work (id_, cost_type_, create_date_, currency_, display_service_name_, fa_class_, material_group_, net_price_, sap_po_service_name_, sap_service_number_, spp_, spp_sao_, units_, year_, contractor_, region_, service_) VALUES (115, 'CAPEX', '2017-06-05 00:00:00', 'KZT', '115.PCM/UTP/KVSM/optical patchcord Cable installation 176-up m/ Инсталляция пачкорда PCM/UTP/KVSM/optical 176 м и больше', '29403422', 'STD0128', NULL, '115.PCM/UTP/KVSM/opt p.crd inst 176-^m', '115', 'RN-0502-33-0067', NULL, 'site/сайт', 2016, 5, 7, 1);
INSERT INTO a_work (id_, cost_type_, create_date_, currency_, display_service_name_, fa_class_, material_group_, net_price_, sap_po_service_name_, sap_service_number_, spp_, spp_sao_, units_, year_, contractor_, region_, service_) VALUES (116, 'CAPEX', '2017-06-05 00:00:00', 'KZT', '116.PCM/UTP/KVSM/optical patchcord Cable change/replacement 0-75m / замена/перемещение пачкорда PCM/UTP/KVSM/optical 0-75м', '29403422', 'STD0129', NULL, '116.PCM/UTP/KVSM/opt p.crd chg/rpl 0-75m', '116', 'RN-0502-33-0067', NULL, 'site/сайт', 2016, 5, 7, 1);
INSERT INTO a_work (id_, cost_type_, create_date_, currency_, display_service_name_, fa_class_, material_group_, net_price_, sap_po_service_name_, sap_service_number_, spp_, spp_sao_, units_, year_, contractor_, region_, service_) VALUES (117, 'CAPEX', '2017-06-05 00:00:00', 'KZT', '117.PCM/UTP/KVSM/optical patchcord Cable change/replacement  76-175m/ замена/перемещение пачкорда PCM/UTP/KVSM/optical 76-175м', '29403422', 'STD0130', NULL, '117.PCM/UTP/KVSM/optP.crdChg/rpl76-175m', '117', 'RN-0502-33-0067', NULL, 'site/сайт', 2016, 5, 7, 1);
INSERT INTO a_work (id_, cost_type_, create_date_, currency_, display_service_name_, fa_class_, material_group_, net_price_, sap_po_service_name_, sap_service_number_, spp_, spp_sao_, units_, year_, contractor_, region_, service_) VALUES (118, 'CAPEX', '2017-06-05 00:00:00', 'KZT', '118.PCM/UTP/KVSM/optical patchcord Cable change/replacement 176-up m/ замена/перемещение пачкорда PCM/UTP/KVSM/optical 176м и больше', '29403422', 'STD0131', NULL, '118.PCM/UTP/KVSM/opt p.crd chg/rpl 176-m', '118', 'RN-0502-33-0067', NULL, 'site/сайт', 2016, 5, 7, 1);
INSERT INTO a_work (id_, cost_type_, create_date_, currency_, display_service_name_, fa_class_, material_group_, net_price_, sap_po_service_name_, sap_service_number_, spp_, spp_sao_, units_, year_, contractor_, region_, service_) VALUES (119, 'OPEX', '2017-06-05 00:00:00', 'KZT', '119.PCM/UTP/KVSM/optical patchcord Cable removal 0-75m/ демонтаж пачкорда PCM/UTP/KVSM/optical 0-75м', '29403422', 'STD0132', NULL, '119. PCM/UTP/KVSM/optical patchcord Cable removal 0-75m', '119', '251-70160-1', '252-70160-1', 'site/сайт', 2016, 5, 7, NULL);
INSERT INTO a_work (id_, cost_type_, create_date_, currency_, display_service_name_, fa_class_, material_group_, net_price_, sap_po_service_name_, sap_service_number_, spp_, spp_sao_, units_, year_, contractor_, region_, service_) VALUES (120, 'OPEX', '2017-06-05 00:00:00', 'KZT', '120.PCM/UTP/KVSM/optical patchcord Cable removal 76-175m/ демонтаж пачкорда PCM/UTP/KVSM/optical 76-175м', '29403422', 'STD0133', NULL, '120. PCM/UTP/KVSM/optical patchcord Cable removal 76-175m', '120', '251-70160-1', '252-70160-1', 'site/сайт', 2016, 5, 7, NULL);
INSERT INTO a_work (id_, cost_type_, create_date_, currency_, display_service_name_, fa_class_, material_group_, net_price_, sap_po_service_name_, sap_service_number_, spp_, spp_sao_, units_, year_, contractor_, region_, service_) VALUES (121, 'OPEX', '2017-06-05 00:00:00', 'KZT', '121.PCM/UTP/KVSM/optical patchcord Cable removal 176-up m/ демонтаж пачкорда PCM/UTP/KVSM/optical 176м и больше', '29403422', 'STD0134', NULL, '121. PCM/UTP/KVSM/optical patchcord Cable removal 176-up m', '121', '251-70160-1', '252-70160-1', 'site/сайт', 2016, 5, 7, NULL);
INSERT INTO a_work (id_, cost_type_, create_date_, currency_, display_service_name_, fa_class_, material_group_, net_price_, sap_po_service_name_, sap_service_number_, spp_, spp_sao_, units_, year_, contractor_, region_, service_) VALUES (122, 'CAPEX', '2017-06-05 00:00:00', 'KZT', '122.DDF/plinth installation+ cabiling (for pair)/ инсталляция DDF/плинт + расшивка кабеля (за пару)', '29403422', 'STD0135', NULL, '122.DDF/plinth inst+ cabiling (for pair)', '122', 'TN-0502-48-0067', NULL, 'site/сайт', 2016, 5, 7, 1);
INSERT INTO a_work (id_, cost_type_, create_date_, currency_, display_service_name_, fa_class_, material_group_, net_price_, sap_po_service_name_, sap_service_number_, spp_, spp_sao_, units_, year_, contractor_, region_, service_) VALUES (123, 'CAPEX', '2017-06-05 00:00:00', 'KZT', '123.DDF/plinth change/replacement (for pair)/ замена/перемещение DDF/плинт (за пару)', '29403422', 'STD0136', NULL, '123.DDF/plinth chge/repl (for pair)', '123', 'TN-0502-48-0067', NULL, 'site/сайт', 2016, 5, 7, 1);
INSERT INTO a_work (id_, cost_type_, create_date_, currency_, display_service_name_, fa_class_, material_group_, net_price_, sap_po_service_name_, sap_service_number_, spp_, spp_sao_, units_, year_, contractor_, region_, service_) VALUES (124, 'OPEX', '2017-06-05 00:00:00', 'KZT', '124.DDF/plinth removal (for pair) / демонтаж DDF/плинт (за пару)', '29403422', 'STD0137', NULL, '124. DDF/plinth removal (for pair) ', '124', '251-70160-1', '252-70160-1', 'site/сайт', 2016, 5, 7, NULL);
INSERT INTO a_work (id_, cost_type_, create_date_, currency_, display_service_name_, fa_class_, material_group_, net_price_, sap_po_service_name_, sap_service_number_, spp_, spp_sao_, units_, year_, contractor_, region_, service_) VALUES (73, 'CAPEX', '2017-06-05 00:00:00', 'KZT', '73.MW Antenna change/replacement (0,3-1,2m)/ Замена/перемещение радиорелейной  антенны (0,3-1,2м)', '29403422', 'STD0086', NULL, '73.MW Antenna chg/repl (0,3-1,2m)', '73', 'TN-0502-48-0067', NULL, 'pc/шт', 2016, 5, 7, 2);
INSERT INTO a_work (id_, cost_type_, create_date_, currency_, display_service_name_, fa_class_, material_group_, net_price_, sap_po_service_name_, sap_service_number_, spp_, spp_sao_, units_, year_, contractor_, region_, service_) VALUES (125, 'CAPEX', '2017-06-05 00:00:00', 'KZT', '125.Indoor Cable tracking way installation/change/replacement/removal 0-50m (Except new site concept if it is needed installation for up to 10 meters, it will be the same price)/ инсталляция, замена, перемещение, демонтаж   кабеля и кабелегона внутри помещений 0-50 м (за искл. Новых сайтов, если необходима установка до 10 метров, цена будет та же самая)', '29403422', 'STD0138', NULL, '125.Ind cbl trac way i/c/r/rm 0-50m', '125', 'TN-0502-48-0067', NULL, 'site/сайт', 2016, 5, 7, 1);
INSERT INTO a_work (id_, cost_type_, create_date_, currency_, display_service_name_, fa_class_, material_group_, net_price_, sap_po_service_name_, sap_service_number_, spp_, spp_sao_, units_, year_, contractor_, region_, service_) VALUES (126, 'CAPEX', '2017-06-05 00:00:00', 'KZT', '126.Indoor Cable tracking way installation/change/replacement/removal 51-100m/ инсталляция, замена, перемещение, демонтаж   кабеля и кабелегона внутри помещений 51-100 м ', '29403422', 'STD0139', NULL, '126.Ind cbl trac way i/c/r/rm 51-100m', '126', 'TN-0502-48-0067', NULL, 'site/сайт', 2016, 5, 7, 1);
INSERT INTO a_work (id_, cost_type_, create_date_, currency_, display_service_name_, fa_class_, material_group_, net_price_, sap_po_service_name_, sap_service_number_, spp_, spp_sao_, units_, year_, contractor_, region_, service_) VALUES (127, 'CAPEX', '2017-06-05 00:00:00', 'KZT', '127.Indoor Cable tracking way installation/change/replacement/removal 101 - up m/ инсталляция, замена, перемещение, демонтаж   кабеля и кабелегона внутри помещений 101м  и более', '29403422', 'STD0140', NULL, '127.Ind cbl trac way i/c/r/rm 101-^m', '127', 'TN-0502-48-0067', NULL, 'site/сайт', 2016, 5, 7, 1);
INSERT INTO a_work (id_, cost_type_, create_date_, currency_, display_service_name_, fa_class_, material_group_, net_price_, sap_po_service_name_, sap_service_number_, spp_, spp_sao_, units_, year_, contractor_, region_, service_) VALUES (128, 'CAPEX', '2017-06-05 00:00:00', 'KZT', '128.outdoor Cable tracking way installation/change/replacement/removal 0-50 m (Except new site concept if it is needed installation for up to 10 meters, it will be the same price) / инсталляция, замена, перемещение, демонтаж   кабеля  вне помещений 0-50 м (за искл. Новых сайтов, если необходима установка до 10 метров, цена будет та же самая)', '29403422', 'STD0141', NULL, '128.Odoor cbl trac way i/c/r/rm 0-50m', '128', 'TN-0502-48-0067', NULL, 'site/сайт', 2016, 5, 7, 1);
INSERT INTO a_work (id_, cost_type_, create_date_, currency_, display_service_name_, fa_class_, material_group_, net_price_, sap_po_service_name_, sap_service_number_, spp_, spp_sao_, units_, year_, contractor_, region_, service_) VALUES (129, 'CAPEX', '2017-06-05 00:00:00', 'KZT', '129.outdoor Cable tracking way installation/change/replacement/removal 101 - up m/ инсталляция, замена, перемещение, демонтаж   кабеля вне помещений 101м  и более', '29403422', 'STD0142', NULL, '129.Odoor cbl trac way i/c/r/rm 101-^m', '129', 'TN-0502-48-0067', NULL, 'site/сайт', 2016, 5, 7, 1);
INSERT INTO a_work (id_, cost_type_, create_date_, currency_, display_service_name_, fa_class_, material_group_, net_price_, sap_po_service_name_, sap_service_number_, spp_, spp_sao_, units_, year_, contractor_, region_, service_) VALUES (130, 'CAPEX', '2017-06-05 00:00:00', 'KZT', '130.outdoor Cable tracking way installation/change/replacement/removal 51-100 m/ инсталляция, замена, перемещение, демонтаж   кабеля  вне помещений 51-100м  ', '29403422', 'STD0143', NULL, '130.Odoor cbl trac way i/c/r/rm 51-100 m', '130', 'RN-0502-33-0067', NULL, 'site/сайт', 2016, 5, 7, 1);
INSERT INTO a_work (id_, cost_type_, create_date_, currency_, display_service_name_, fa_class_, material_group_, net_price_, sap_po_service_name_, sap_service_number_, spp_, spp_sao_, units_, year_, contractor_, region_, service_) VALUES (131, 'CAPEX', '2017-06-05 00:00:00', 'KZT', '131.outdoor TR rack installation / инсталляция вне помещения кабинета для оборудования систем передачи данных ', '29403422', 'STD0144', NULL, '131.Odoor TR rack inst', '131', 'RN-0502-33-0067', NULL, 'pc/шт', 2016, 5, 7, 1);
INSERT INTO a_work (id_, cost_type_, create_date_, currency_, display_service_name_, fa_class_, material_group_, net_price_, sap_po_service_name_, sap_service_number_, spp_, spp_sao_, units_, year_, contractor_, region_, service_) VALUES (132, 'CAPEX', '2017-06-05 00:00:00', 'KZT', '132.outdoor TR rack change/replacement/ замена/перемещение вне помещения кабинета для оборудования систем передачи данных ', '29403422', 'STD0145', NULL, '132.Odoor TR rack chge/repl', '132', 'TN-0502-48-0067', NULL, 'pc/шт', 2016, 5, 7, 1);
INSERT INTO a_work (id_, cost_type_, create_date_, currency_, display_service_name_, fa_class_, material_group_, net_price_, sap_po_service_name_, sap_service_number_, spp_, spp_sao_, units_, year_, contractor_, region_, service_) VALUES (133, 'OPEX', '2017-06-05 00:00:00', 'KZT', '133.outdoor TR rack removal/ демонтаж вне помещения кабинета для оборудования систем передачи данных ', '29403422', 'STD0146', NULL, '133. outdoor TR rack removal', '133', '251-70160-1', '252-70160-1', 'pc/шт', 2016, 5, 7, NULL);
INSERT INTO a_work (id_, cost_type_, create_date_, currency_, display_service_name_, fa_class_, material_group_, net_price_, sap_po_service_name_, sap_service_number_, spp_, spp_sao_, units_, year_, contractor_, region_, service_) VALUES (134, 'CAPEX', '2017-06-05 00:00:00', 'KZT', '134.DC/DC converter installation, cabling connection/ инсталляция, подключение кабеля DC/DC converter', '29403422', 'STD0147', NULL, '134.DC/DC convert inst, cabling connect', '134', 'RN-0502-33-0067', NULL, 'pc/шт', 2016, 5, 7, 1);
INSERT INTO a_work (id_, cost_type_, create_date_, currency_, display_service_name_, fa_class_, material_group_, net_price_, sap_po_service_name_, sap_service_number_, spp_, spp_sao_, units_, year_, contractor_, region_, service_) VALUES (135, 'CAPEX', '2017-06-05 00:00:00', 'KZT', '135.DC/DC converter change/replacement/ замена/перемещение DC/DC converter', '29403422', 'STD0148', NULL, '135.DC/DC converter chge/repl', '135', 'TN-0502-48-0067', NULL, 'pc/шт', 2016, 5, 7, 1);
INSERT INTO a_work (id_, cost_type_, create_date_, currency_, display_service_name_, fa_class_, material_group_, net_price_, sap_po_service_name_, sap_service_number_, spp_, spp_sao_, units_, year_, contractor_, region_, service_) VALUES (136, 'OPEX', '2017-06-05 00:00:00', 'KZT', '136.DC/DC converter removal/ демонтаж DC/DC converter', '29403422', 'STD0149', NULL, '136. DC/DC converter removal', '136', '251-70160-1', '252-70160-1', 'pc/шт', 2016, 5, 7, NULL);
INSERT INTO a_work (id_, cost_type_, create_date_, currency_, display_service_name_, fa_class_, material_group_, net_price_, sap_po_service_name_, sap_service_number_, spp_, spp_sao_, units_, year_, contractor_, region_, service_) VALUES (137, 'CAPEX', '2017-06-05 00:00:00', 'KZT', '137.DDU installation/change/removal/ инсталляция/ замена/демонтаж DDU', '29403422', 'STD0150', NULL, '137.DDU inst/chge/rem', '137', NULL, NULL, 'pc/шт', 2016, 5, 7, 1);
INSERT INTO a_work (id_, cost_type_, create_date_, currency_, display_service_name_, fa_class_, material_group_, net_price_, sap_po_service_name_, sap_service_number_, spp_, spp_sao_, units_, year_, contractor_, region_, service_) VALUES (138, 'CAPEX', '2017-06-05 00:00:00', 'KZT', '138.Power cable installation (4x10mm2, 4x16mm2), per m (excluding material) / Проведение электрического кабеля(4x10mm2,    4x16mm2), за  м (не включая расходы на оборудование)', '29403422', 'STD0151', NULL, '138.PwrCblIns(4x10/,4x16)/m(exclMat)', '138', 'RN-0502-33-0067', NULL, 'm / м', 2016, 5, 7, 1);
INSERT INTO a_work (id_, cost_type_, create_date_, currency_, display_service_name_, fa_class_, material_group_, net_price_, sap_po_service_name_, sap_service_number_, spp_, spp_sao_, units_, year_, contractor_, region_, service_) VALUES (139, 'CAPEX', '2017-06-05 00:00:00', 'KZT', '139.Power cable change/replacement (4x10mm2, 4x16mm2), per m    /  замена/перемещение электрического кабеля(4x10mm2,    4x16mm2), за  м', '29403422', 'STD0152', NULL, '139.PwrCbl chg/rpl (4x10, 4x16),/m', '139', 'RN-0502-33-0067', NULL, 'm / м', 2016, 5, 7, 1);
INSERT INTO a_work (id_, cost_type_, create_date_, currency_, display_service_name_, fa_class_, material_group_, net_price_, sap_po_service_name_, sap_service_number_, spp_, spp_sao_, units_, year_, contractor_, region_, service_) VALUES (140, 'OPEX', '2017-06-05 00:00:00', 'KZT', '140.Power Cable Removal (4x10mm2, 4x16mm2), per m / демонтаж электрического кабеля(4x10mm2,    4x16mm2), за  м    ', '29403422', 'STD0153', NULL, '140. Power Cable Removal (4x10mm2, 4x16mm2), per m ', '140', '251-70160-1', '252-70160-1', 'm / м', 2016, 5, 7, NULL);
INSERT INTO a_work (id_, cost_type_, create_date_, currency_, display_service_name_, fa_class_, material_group_, net_price_, sap_po_service_name_, sap_service_number_, spp_, spp_sao_, units_, year_, contractor_, region_, service_) VALUES (141, 'CAPEX', '2017-06-05 00:00:00', 'KZT', '141.Power cable installation (4x25mm2), per m / Проведение электрического кабеля (4x25mm2), за м   (не включая расходы на оборудование)', '29403422', 'STD0154', NULL, '141.PwrCbl inst (4x25mm2),/m', '141', 'RN-0502-33-0067', NULL, 'm / м', 2016, 5, 7, 1);
INSERT INTO a_work (id_, cost_type_, create_date_, currency_, display_service_name_, fa_class_, material_group_, net_price_, sap_po_service_name_, sap_service_number_, spp_, spp_sao_, units_, year_, contractor_, region_, service_) VALUES (142, 'CAPEX', '2017-06-05 00:00:00', 'KZT', '142.Power cable change/replacement (4x25mm2), per m / замена/перемещение кабеля питания (4x25mm2), за м ', '29403422', 'STD0155', NULL, '142.PwrCbl chge/repl (4x25mm2),/m', '142', 'RN-0502-33-0067', NULL, 'm / м', 2016, 5, 7, 1);
INSERT INTO a_work (id_, cost_type_, create_date_, currency_, display_service_name_, fa_class_, material_group_, net_price_, sap_po_service_name_, sap_service_number_, spp_, spp_sao_, units_, year_, contractor_, region_, service_) VALUES (143, 'OPEX', '2017-06-05 00:00:00', 'KZT', '143.Power cable removal (4x25mm2), per m / демонтаж  кабеля питания (4x25mm2), за м ', '29403422', 'STD0156', NULL, '143. Power cable removal (4x25mm2), per m', '143', '251-70160-1', '252-70160-1', 'm / м', 2016, 5, 7, NULL);
INSERT INTO a_work (id_, cost_type_, create_date_, currency_, display_service_name_, fa_class_, material_group_, net_price_, sap_po_service_name_, sap_service_number_, spp_, spp_sao_, units_, year_, contractor_, region_, service_) VALUES (16, 'CAPEX', '2017-06-05 00:00:00', 'KZT', '16.Container installation / Установка контейнера', '29403422', 'STD0029', NULL, '16.Container inst', '16', 'RN-0502-33-0067', NULL, 'pc/шт', 2016, 5, 7, 2);
INSERT INTO a_work (id_, cost_type_, create_date_, currency_, display_service_name_, fa_class_, material_group_, net_price_, sap_po_service_name_, sap_service_number_, spp_, spp_sao_, units_, year_, contractor_, region_, service_) VALUES (44, 'OPEX', '2017-06-05 00:00:00', 'KZT', '44.GSM Antenna removal / Демонтаж GSM антенны', '29403422', 'STD0057', NULL, '44. GSM Antenna removal', '44', '251-70160-1', '252-70160-1', 'Per Sector / за сектор', 2016, 5, 7, NULL);
INSERT INTO a_work (id_, cost_type_, create_date_, currency_, display_service_name_, fa_class_, material_group_, net_price_, sap_po_service_name_, sap_service_number_, spp_, spp_sao_, units_, year_, contractor_, region_, service_) VALUES (144, 'CAPEX', '2017-06-05 00:00:00', 'KZT', '144.Actura/Rectifier Installation (any type) / Монтаж и установка Actura (любая модель)', '29403422', 'STD0157', NULL, '144.Actura/Rectifier inst (any type)', '144', 'RN-0502-33-0067', NULL, 'pc/шт', 2016, 5, 7, 1);
INSERT INTO a_work (id_, cost_type_, create_date_, currency_, display_service_name_, fa_class_, material_group_, net_price_, sap_po_service_name_, sap_service_number_, spp_, spp_sao_, units_, year_, contractor_, region_, service_) VALUES (145, 'CAPEX', '2017-06-05 00:00:00', 'KZT', '145.Actura/Rectifier Change (any type)/ замена Actura/Rectifier (любой тип)', '29403422', 'STD0158', NULL, '145.Actura/Rectifier chge (any type)', '145', 'RN-0502-33-0067', NULL, 'pc/шт', 2016, 5, 7, 1);
INSERT INTO a_work (id_, cost_type_, create_date_, currency_, display_service_name_, fa_class_, material_group_, net_price_, sap_po_service_name_, sap_service_number_, spp_, spp_sao_, units_, year_, contractor_, region_, service_) VALUES (146, 'OPEX', '2017-06-05 00:00:00', 'KZT', '146.Actura/Rectifier Removal (any type)/ демонтаж Actura/Rectifier (любой тип)', '29403422', 'STD0159', NULL, '146. Actura/Rectifier Removal (any type)', '146', '251-70160-1', '252-70160-1', 'pc/шт', 2016, 5, 7, NULL);
INSERT INTO a_work (id_, cost_type_, create_date_, currency_, display_service_name_, fa_class_, material_group_, net_price_, sap_po_service_name_, sap_service_number_, spp_, spp_sao_, units_, year_, contractor_, region_, service_) VALUES (147, 'CAPEX', '2017-06-05 00:00:00', 'KZT', '147.Power counter Installation/ установка электрического счетчика', '29403422', 'STD0160', NULL, '147.Power counter inst', '147', 'RN-0502-33-0067', NULL, 'pc/шт', 2016, 5, 7, 1);
INSERT INTO a_work (id_, cost_type_, create_date_, currency_, display_service_name_, fa_class_, material_group_, net_price_, sap_po_service_name_, sap_service_number_, spp_, spp_sao_, units_, year_, contractor_, region_, service_) VALUES (148, 'CAPEX', '2017-06-05 00:00:00', 'KZT', '148.Power counter change/replacement / Замена и перемещение электрического счетчика.', '29403422', 'STD0161', NULL, '148.Power counter chge/repl', '148', 'RN-0502-33-0067', NULL, 'site/сайт', 2016, 5, 7, 1);
INSERT INTO a_work (id_, cost_type_, create_date_, currency_, display_service_name_, fa_class_, material_group_, net_price_, sap_po_service_name_, sap_service_number_, spp_, spp_sao_, units_, year_, contractor_, region_, service_) VALUES (149, 'OPEX', '2017-06-05 00:00:00', 'KZT', '149.Power counter Removal/ демонтаж электрического счетчика.', '29403422', 'STD0162', NULL, '149. Power counter Removal', '149', '251-70160-1', '252-70160-1', 'pc/шт', 2016, 5, 7, NULL);
INSERT INTO a_work (id_, cost_type_, create_date_, currency_, display_service_name_, fa_class_, material_group_, net_price_, sap_po_service_name_, sap_service_number_, spp_, spp_sao_, units_, year_, contractor_, region_, service_) VALUES (150, 'CAPEX', '2017-06-05 00:00:00', 'KZT', '150.Circuit breaker installation per breaker / Установка автоматического выключателя', '29403422', 'STD0163', NULL, '150.Circuit breaker inst per breaker', '150', 'RN-0502-33-0067', NULL, 'pc/шт', 2016, 5, 7, 1);
INSERT INTO a_work (id_, cost_type_, create_date_, currency_, display_service_name_, fa_class_, material_group_, net_price_, sap_po_service_name_, sap_service_number_, spp_, spp_sao_, units_, year_, contractor_, region_, service_) VALUES (151, 'CAPEX', '2017-06-05 00:00:00', 'KZT', '151.Circuit breaker change/ replacement per breaker / Замена и перемещение автоматического выключателя', '29403422', 'STD0164', NULL, '151.Circuit break chge/ repl per breaker', '151', 'RN-0502-33-0067', NULL, 'pc/шт', 2016, 5, 7, 1);
INSERT INTO a_work (id_, cost_type_, create_date_, currency_, display_service_name_, fa_class_, material_group_, net_price_, sap_po_service_name_, sap_service_number_, spp_, spp_sao_, units_, year_, contractor_, region_, service_) VALUES (152, 'OPEX', '2017-06-05 00:00:00', 'KZT', '152.Cross Connection Checking / Проверка Cross Connection', '29403422', 'STD0165', NULL, '152. Cross Connection Checking ', '152', '251-70160-1', '252-70160-1', 'site/сайт', 2016, 5, 7, NULL);
INSERT INTO a_work (id_, cost_type_, create_date_, currency_, display_service_name_, fa_class_, material_group_, net_price_, sap_po_service_name_, sap_service_number_, spp_, spp_sao_, units_, year_, contractor_, region_, service_) VALUES (153, 'OPEX', '2017-06-05 00:00:00', 'KZT', '153.Lock installation/ Установка замка на сайт.', '29403422', 'STD0166', NULL, '153. Lock installation', '153', '251-70160-1', '252-70160-1', 'pc/шт', 2016, 5, 7, NULL);
INSERT INTO a_work (id_, cost_type_, create_date_, currency_, display_service_name_, fa_class_, material_group_, net_price_, sap_po_service_name_, sap_service_number_, spp_, spp_sao_, units_, year_, contractor_, region_, service_) VALUES (154, 'OPEX', '2017-06-05 00:00:00', 'KZT', '154.Lock change/replacement/ замена замка на сайте.', '29403422', 'STD0167', NULL, '154. Lock change/replacement', '154', '251-70160-1', '252-70160-1', 'pc/шт', 2016, 5, 7, NULL);
INSERT INTO a_work (id_, cost_type_, create_date_, currency_, display_service_name_, fa_class_, material_group_, net_price_, sap_po_service_name_, sap_service_number_, spp_, spp_sao_, units_, year_, contractor_, region_, service_) VALUES (155, 'CAPEX', '2017-06-05 00:00:00', 'KZT', '155.Mobile BTS installation (TR,Power,ON-AIR) / Установка мобильного BTS (TR,Power,ON-AIR)', '29403422', 'STD0168', NULL, '155.Mobile BTS inst (TR,Power,ON-AIR)', '155', NULL, NULL, 'site/сайт', 2016, 5, 7, 1);
INSERT INTO a_work (id_, cost_type_, create_date_, currency_, display_service_name_, fa_class_, material_group_, net_price_, sap_po_service_name_, sap_service_number_, spp_, spp_sao_, units_, year_, contractor_, region_, service_) VALUES (157, 'CAPEX', '2017-06-05 00:00:00', 'KZT', '157.Installation survey per building site (Including all design &installation& power drawings in Auto CAD)/ Проект установки и монтажа сайта (включая все чертежи дизайна, инсталляции, питания в Auto CAD)', '29403422', 'STD0170', NULL, '157.Inst surv/build site (incl a.design)', '157', 'RN-0502-33-0067', NULL, 'site/сайт', 2016, 5, 7, 1);
INSERT INTO a_work (id_, cost_type_, create_date_, currency_, display_service_name_, fa_class_, material_group_, net_price_, sap_po_service_name_, sap_service_number_, spp_, spp_sao_, units_, year_, contractor_, region_, service_) VALUES (158, 'CAPEX', '2017-06-05 00:00:00', 'KZT', '158.Implementation per indoor antenna (if total antenna amount will be 1-20 pcs per site)/ Ввод в эксплуатацию за антенну внутри помещения (если общее кол-во антенн составляет 1-20штук на 1 сайте)', '29403422', 'STD0171', NULL, '158.Impl/indoor ant (1-20 pcs per site)', '158', 'RN-0502-33-0067', NULL, 'site/сайт', 2016, 5, 7, 1);
INSERT INTO a_work (id_, cost_type_, create_date_, currency_, display_service_name_, fa_class_, material_group_, net_price_, sap_po_service_name_, sap_service_number_, spp_, spp_sao_, units_, year_, contractor_, region_, service_) VALUES (159, 'CAPEX', '2017-06-05 00:00:00', 'KZT', '159.Implementation per indoor antenna (if total antenna amount will be 21-50 pcs per site)/ Ввод в эксплуатацию за антенну внутри помещения (если общее кол-во антенн составляет 21-50штук на 1 сайте)', '29403422', 'STD0172', NULL, '159.Impl/indoor ant (21-50 pcs per site)', '159', 'RN-0502-33-0067', NULL, 'site/сайт', 2016, 5, 7, 1);
INSERT INTO a_work (id_, cost_type_, create_date_, currency_, display_service_name_, fa_class_, material_group_, net_price_, sap_po_service_name_, sap_service_number_, spp_, spp_sao_, units_, year_, contractor_, region_, service_) VALUES (160, 'CAPEX', '2017-06-05 00:00:00', 'KZT', '160.Implementation per indoor antenna (if total antenna amount will be 51 and up per site)/ Ввод в эксплуатацию за антенну внутри помещения (если общее кол-во антенн составляет 51 штуку и более)', '29403422', 'STD0173', NULL, '160.Impl/indoor antenna (51-^ per site)', '160', 'RN-0502-33-0067', NULL, 'site/сайт', 2016, 5, 7, 1);
INSERT INTO a_work (id_, cost_type_, create_date_, currency_, display_service_name_, fa_class_, material_group_, net_price_, sap_po_service_name_, sap_service_number_, spp_, spp_sao_, units_, year_, contractor_, region_, service_) VALUES (1, 'CAPEX', '2017-06-05 00:00:00', 'KZT', '1.BTS Macro/BTS Ultra installation (cabinet only) with on-air / Установка BTS Macro/BTS Ultra (только  кабинет) с активацией', '29403422', 'STD0014', NULL, '1.BTS Macro/BTS Ult inst(CabOnly) on-air', '1', 'RN-0502-33-0067', NULL, 'site/сайт', 2016, 5, 7, 2);
INSERT INTO a_work (id_, cost_type_, create_date_, currency_, display_service_name_, fa_class_, material_group_, net_price_, sap_po_service_name_, sap_service_number_, spp_, spp_sao_, units_, year_, contractor_, region_, service_) VALUES (2, 'CAPEX', '2017-06-05 00:00:00', 'KZT', '2.BTS Micro/BTS Midi installation (cabinet only) with on-air / Установка BTS Micro/BTS Midi (только кабинет) с активацией', '29403422', 'STD0015', NULL, '2.BTS Micro/BTS Midi inst(CabOnly)on-air', '2', 'RN-0502-33-0067', NULL, 'site/сайт', 2016, 5, 7, 2);
INSERT INTO a_work (id_, cost_type_, create_date_, currency_, display_service_name_, fa_class_, material_group_, net_price_, sap_po_service_name_, sap_service_number_, spp_, spp_sao_, units_, year_, contractor_, region_, service_) VALUES (156, 'CAPEX', '2017-06-05 00:00:00', 'KZT', '156.Installation and On-air Collocation of BTS on site. (including required GSM Sector cells , Battery Backup System, rectifiers, antennas, feeders,poles)/ установка и активация дополнительной (Collocation) BTS на сайте (включая необходимые GSM  сектора, системы резервирования аккумуляторных батарей, выпрямители, антенны, фидера, трубостойки)', '29403422', 'STD0169', NULL, '156.Inst&On-air Colloc BTS on site', '156', 'RN-0502-33-0067', NULL, 'site/сайт', 2016, 5, 7, 1);

update a_work set create_date_ = current_date;