insert into a_service(id_, name_, sap_code_) values(1, 'Revision', 'X');
insert into a_service(id_, name_, sap_code_) values(2, 'Rollout', 'Y');
insert into a_service(id_, name_, sap_code_) values(3, 'Power', 'Z');
insert into a_service(id_, name_, sap_code_) values(4, 'Field Maintainance', 'W');

insert into a_contractor(id_, name_, type_) values(1, 'ТОО Аврора Сервис', 'Contractor');
insert into a_contractor(id_, name_, type_) values(2, 'ТОО AICOM', 'Contractor');
insert into a_contractor(id_, name_, type_) values(3, 'ТОО Spectr energy group', 'Contractor');
insert into a_contractor(id_, name_, type_) values(4, 'TOO Line System Engineering', 'Contractor');
insert into a_contractor(id_, name_, type_) values(5, 'JSC Kcell', 'Kcell');

insert into a_reason(id_, name_) values(1,'Optimization works');
insert into a_reason(id_, name_) values(2,'Transmission works');
insert into a_reason(id_, name_) values(3,'Infrastructure works');
insert into a_reason(id_, name_) values(4,'Operation works');

insert into a_contract(id_, sap_id_, contractor_, service_) values(12345, '123456', 4, 1);
insert into a_contract(id_, sap_id_, contractor_, service_) values(12346, '123456', 4, 2);
insert into a_contract(id_, sap_id_, contractor_, service_) values(12347, '123457', 3, 3);
insert into a_contract(id_, sap_id_, contractor_, service_) values(12348, '123458', 2, 3);
insert into a_contract(id_, sap_id_, contractor_, service_) values(12349, '123459', 1, 3);
insert into a_contract(id_, sap_id_, contractor_, service_) values(12341, '123459', 1, 3);
insert into a_contract(id_, sap_id_, contractor_, service_) values(12342, '123452', 1, 4);

insert into a_contract_type(id_, name_) values(1,'Materials');
insert into a_contract_type(id_, name_) values(2,'Services');

insert into a_contract_2_type(contract_, contract_type_) values (12345, 1);
insert into a_contract_2_type(contract_, contract_type_) values (12345, 2);
insert into a_contract_2_type(contract_, contract_type_) values (12346, 1);
insert into a_contract_2_type(contract_, contract_type_) values (12346, 2);
insert into a_contract_2_type(contract_, contract_type_) values (12347, 1);
insert into a_contract_2_type(contract_, contract_type_) values (12347, 2);
insert into a_contract_2_type(contract_, contract_type_) values (12348, 1);
insert into a_contract_2_type(contract_, contract_type_) values (12348, 2);
insert into a_contract_2_type(contract_, contract_type_) values (12349, 2);
insert into a_contract_2_type(contract_, contract_type_) values (12341, 1);

insert into a_unit(value_, description_, dictionary_category_) values('AU','Activity Unit','Works quantities');
insert into a_unit(value_, description_, dictionary_category_) values('KG','Killograms','Materials quantities');
insert into a_unit(value_, description_, dictionary_category_) values('SET','Set of various materials','Materials quantities');
insert into a_unit(value_, description_, dictionary_category_) values('UNIT','Units','Materials quantities');
insert into a_unit(value_, description_, dictionary_category_) values('M','Meters (of wire for ex.)','Materials quantities');
insert into a_unit(value_, description_, dictionary_category_) values('PCS','Pieces of some equipment','Materials quantities');

insert into a_region(id_, name_) values(7, 'Almaty');

insert into a_work(id_, cost_type_, contractor_, region_,service_,sap_service_number_, sap_po_service_name_,net_price_, currency_,fa_class_,material_group_, year_,spp_,spp_sao_) values(nextval('hibernate_sequence'),'CAPEX',5,7,2,1,'BTS Macro/BTS Ult inst(CabOnly) on-air',null,'KZT','29403422','STD0014',2016,'RN-0502-33-0067',null);
insert into a_work(id_, cost_type_, contractor_, region_,service_,sap_service_number_, sap_po_service_name_,net_price_, currency_,fa_class_,material_group_, year_,spp_,spp_sao_) values(nextval('hibernate_sequence'),'CAPEX',5,7,2,2,'BTS Micro/BTS Midi inst(CabOnly)on-air',null,'KZT','29403422','STD0015',2016,'RN-0502-33-0067',null);
insert into a_work(id_, cost_type_, contractor_, region_,service_,sap_service_number_, sap_po_service_name_,net_price_, currency_,fa_class_,material_group_, year_,spp_,spp_sao_) values(nextval('hibernate_sequence'),'CAPEX',5,7,2,3,'RBS/BTS Extension inst(cab+batt)on-air',null,'KZT','29403422','STD0016',2016,'RN-0502-33-0067',null);
insert into a_work(id_, cost_type_, contractor_, region_,service_,sap_service_number_, sap_po_service_name_,net_price_, currency_,fa_class_,material_group_, year_,spp_,spp_sao_) values(nextval('hibernate_sequence'),'CAPEX',5,7,2,4,'RBS/BTS type chge (cab+batt)on-air',null,'KZT','29403422','STD0017',2016,'RN-0502-33-0067',null);
insert into a_work(id_, cost_type_, contractor_, region_,service_,sap_service_number_, sap_po_service_name_,net_price_, currency_,fa_class_,material_group_, year_,spp_,spp_sao_) values(nextval('hibernate_sequence'),'CAPEX',5,7,2,5,'RBS/BTS add(BBS+cab+ant+feed+pole)oair',null,'KZT','29403422','STD0018',2016,'RN-0502-33-0067',null);
insert into a_work(id_, cost_type_, contractor_, region_,service_,sap_service_number_, sap_po_service_name_,net_price_, currency_,fa_class_,material_group_, year_,spp_,spp_sao_) values(nextval('hibernate_sequence'),'OPEX',5,7,null,6,'BTS Macro removal ',null,'KZT','29403422','STD0019',2016,'251-70160-1','252-70160-1');
insert into a_work(id_, cost_type_, contractor_, region_,service_,sap_service_number_, sap_po_service_name_,net_price_, currency_,fa_class_,material_group_, year_,spp_,spp_sao_) values(nextval('hibernate_sequence'),'OPEX',5,7,null,7,'BTS Micro/BTS Midi removal ',null,'KZT','29403422','STD0020',2016,'251-70160-1','252-70160-1');
insert into a_work(id_, cost_type_, contractor_, region_,service_,sap_service_number_, sap_po_service_name_,net_price_, currency_,fa_class_,material_group_, year_,spp_,spp_sao_) values(nextval('hibernate_sequence'),'CAPEX',5,7,2,8,'Site chge/repl (All equips)',null,'KZT','29403422','STD0021',2016,'RN-0502-33-0067',null);
insert into a_work(id_, cost_type_, contractor_, region_,service_,sap_service_number_, sap_po_service_name_,net_price_, currency_,fa_class_,material_group_, year_,spp_,spp_sao_) values(nextval('hibernate_sequence'),'OPEX',5,7,null,9,'Site removal - all equipment including FE deinstallation',null,'KZT','29403422','STD0022',2016,'251-70160-1','252-70160-1');
insert into a_work(id_, cost_type_, contractor_, region_,service_,sap_service_number_, sap_po_service_name_,net_price_, currency_,fa_class_,material_group_, year_,spp_,spp_sao_) values(nextval('hibernate_sequence'),'CAPEX',5,7,2,10,'BTS Swap-Vend (incl pack Kcell req)',null,'KZT','29403422','STD0023',2016,'RN-0502-33-0067',null);
insert into a_work(id_, cost_type_, contractor_, region_,service_,sap_service_number_, sap_po_service_name_,net_price_, currency_,fa_class_,material_group_, year_,spp_,spp_sao_) values(nextval('hibernate_sequence'),'CAPEX',5,7,2,11,'BattBackSys inst BBS on-air (^2 sets)',null,'KZT','29403422','STD0024',2016,null,null);
insert into a_work(id_, cost_type_, contractor_, region_,service_,sap_service_number_, sap_po_service_name_,net_price_, currency_,fa_class_,material_group_, year_,spp_,spp_sao_) values(nextval('hibernate_sequence'),'CAPEX',5,7,2,12,'BattBackSys chg/repl on-air (^2 sets)',null,'KZT','29403422','STD0025',2016,'RN-0502-33-0067',null);
insert into a_work(id_, cost_type_, contractor_, region_,service_,sap_service_number_, sap_po_service_name_,net_price_, currency_,fa_class_,material_group_, year_,spp_,spp_sao_) values(nextval('hibernate_sequence'),'OPEX',5,7,null,13,'Battery Backup System Removal',null,'KZT','29403422','STD0026',2016,'251-70160-1','252-70160-1');
insert into a_work(id_, cost_type_, contractor_, region_,service_,sap_service_number_, sap_po_service_name_,net_price_, currency_,fa_class_,material_group_, year_,spp_,spp_sao_) values(nextval('hibernate_sequence'),'CAPEX',5,7,2,14,'BattChg (de&inst)/set (1set=4batt)',null,'KZT','29403422','STD0027',2016,null,null);
insert into a_work(id_, cost_type_, contractor_, region_,service_,sap_service_number_, sap_po_service_name_,net_price_, currency_,fa_class_,material_group_, year_,spp_,spp_sao_) values(nextval('hibernate_sequence'),'CAPEX',5,7,2,15,'Batt inst/deinst /set (1set=4batt)',null,'KZT','29403422','STD0028',2016,'RN-0502-33-0067',null);
insert into a_work(id_, cost_type_, contractor_, region_,service_,sap_service_number_, sap_po_service_name_,net_price_, currency_,fa_class_,material_group_, year_,spp_,spp_sao_) values(nextval('hibernate_sequence'),'CAPEX',5,7,2,16,'Container inst',null,'KZT','29403422','STD0029',2016,'RN-0502-33-0067',null);
insert into a_work(id_, cost_type_, contractor_, region_,service_,sap_service_number_, sap_po_service_name_,net_price_, currency_,fa_class_,material_group_, year_,spp_,spp_sao_) values(nextval('hibernate_sequence'),'CAPEX',5,7,2,17,'Container chge/repl',null,'KZT','29403422','STD0030',2016,'RN-0502-33-0067',null);
insert into a_work(id_, cost_type_, contractor_, region_,service_,sap_service_number_, sap_po_service_name_,net_price_, currency_,fa_class_,material_group_, year_,spp_,spp_sao_) values(nextval('hibernate_sequence'),'OPEX',5,7,null,18,'Container removal',null,'KZT','29403422','STD0031',2016,'251-70160-1','252-70160-1');
insert into a_work(id_, cost_type_, contractor_, region_,service_,sap_service_number_, sap_po_service_name_,net_price_, currency_,fa_class_,material_group_, year_,spp_,spp_sao_) values(nextval('hibernate_sequence'),'CAPEX',5,7,2,19,'Site Grounding System inst',null,'KZT','29403422','STD0032',2016,'RN-0502-33-0067',null);
insert into a_work(id_, cost_type_, contractor_, region_,service_,sap_service_number_, sap_po_service_name_,net_price_, currency_,fa_class_,material_group_, year_,spp_,spp_sao_) values(nextval('hibernate_sequence'),'CAPEX',5,7,2,20,'Site Grounding System сhange/repl',null,'KZT','29403422','STD0033',2016,null,null);
insert into a_work(id_, cost_type_, contractor_, region_,service_,sap_service_number_, sap_po_service_name_,net_price_, currency_,fa_class_,material_group_, year_,spp_,spp_sao_) values(nextval('hibernate_sequence'),'OPEX',5,7,null,21,'Site Grounding System removal',null,'KZT','29403422','STD0034',2016,'251-70160-1','252-70160-1');
insert into a_work(id_, cost_type_, contractor_, region_,service_,sap_service_number_, sap_po_service_name_,net_price_, currency_,fa_class_,material_group_, year_,spp_,spp_sao_) values(nextval('hibernate_sequence'),'CAPEX',5,7,2,22,'Site Lightning Protection inst',null,'KZT','29403422','STD0035',2016,null,null);
insert into a_work(id_, cost_type_, contractor_, region_,service_,sap_service_number_, sap_po_service_name_,net_price_, currency_,fa_class_,material_group_, year_,spp_,spp_sao_) values(nextval('hibernate_sequence'),'CAPEX',5,7,2,23,'Lighting rod chge/ repl',null,'KZT','29403422','STD0036',2016,null,null);
insert into a_work(id_, cost_type_, contractor_, region_,service_,sap_service_number_, sap_po_service_name_,net_price_, currency_,fa_class_,material_group_, year_,spp_,spp_sao_) values(nextval('hibernate_sequence'),'OPEX',5,7,null,24,'Lighting rod remove',null,'KZT','29403422','STD0037',2016,'251-70160-1','252-70160-1');
insert into a_work(id_, cost_type_, contractor_, region_,service_,sap_service_number_, sap_po_service_name_,net_price_, currency_,fa_class_,material_group_, year_,spp_,spp_sao_) values(nextval('hibernate_sequence'),'CAPEX',5,7,2,25,'Air Conditioning inst',null,'KZT','29403422','STD0038',2016,'RN-0502-33-0067',null);
insert into a_work(id_, cost_type_, contractor_, region_,service_,sap_service_number_, sap_po_service_name_,net_price_, currency_,fa_class_,material_group_, year_,spp_,spp_sao_) values(nextval('hibernate_sequence'),'CAPEX',5,7,2,26,'Air Conditioning chge/repl',null,'KZT','29403422','STD0039',2016,'RN-0502-33-0067',null);
insert into a_work(id_, cost_type_, contractor_, region_,service_,sap_service_number_, sap_po_service_name_,net_price_, currency_,fa_class_,material_group_, year_,spp_,spp_sao_) values(nextval('hibernate_sequence'),'OPEX',5,7,null,27,'Air Conditioning removal',null,'KZT','29403422','STD0040',2016,'251-70160-1','252-70160-1');
insert into a_work(id_, cost_type_, contractor_, region_,service_,sap_service_number_, sap_po_service_name_,net_price_, currency_,fa_class_,material_group_, year_,spp_,spp_sao_) values(nextval('hibernate_sequence'),'CAPEX',5,7,2,28,'TMA inst and testing',null,'KZT','29403422','STD0041',2016,'RN-0502-33-0067',null);
insert into a_work(id_, cost_type_, contractor_, region_,service_,sap_service_number_, sap_po_service_name_,net_price_, currency_,fa_class_,material_group_, year_,spp_,spp_sao_) values(nextval('hibernate_sequence'),'CAPEX',5,7,2,29,'TMA chge/repl',null,'KZT','29403422','STD0042',2016,'RN-0502-33-0067',null);
insert into a_work(id_, cost_type_, contractor_, region_,service_,sap_service_number_, sap_po_service_name_,net_price_, currency_,fa_class_,material_group_, year_,spp_,spp_sao_) values(nextval('hibernate_sequence'),'OPEX',5,7,null,30,'TMA remove and package',null,'KZT','29403422','STD0043',2016,'251-70160-1','252-70160-1');
insert into a_work(id_, cost_type_, contractor_, region_,service_,sap_service_number_, sap_po_service_name_,net_price_, currency_,fa_class_,material_group_, year_,spp_,spp_sao_) values(nextval('hibernate_sequence'),'CAPEX',5,7,2,31,'TRU/TRX addition inst and testing',null,'KZT','29403422','STD0044',2016,'RN-0502-33-0067',null);
insert into a_work(id_, cost_type_, contractor_, region_,service_,sap_service_number_, sap_po_service_name_,net_price_, currency_,fa_class_,material_group_, year_,spp_,spp_sao_) values(nextval('hibernate_sequence'),'CAPEX',5,7,2,32,'TRU/TRX chge/repl',null,'KZT','29403422','STD0045',2016,'RN-0502-33-0067',null);
insert into a_work(id_, cost_type_, contractor_, region_,service_,sap_service_number_, sap_po_service_name_,net_price_, currency_,fa_class_,material_group_, year_,spp_,spp_sao_) values(nextval('hibernate_sequence'),'OPEX',5,7,null,33,'TRU/TRX removal.',null,'KZT','29403422','STD0046',2016,'251-70160-1','252-70160-1');
insert into a_work(id_, cost_type_, contractor_, region_,service_,sap_service_number_, sap_po_service_name_,net_price_, currency_,fa_class_,material_group_, year_,spp_,spp_sao_) values(nextval('hibernate_sequence'),'CAPEX',5,7,2,34,'EDGE DTRU/TSGB Upgrade',null,'KZT','29403422','STD0047',2016,'RN-0502-33-0067',null);
insert into a_work(id_, cost_type_, contractor_, region_,service_,sap_service_number_, sap_po_service_name_,net_price_, currency_,fa_class_,material_group_, year_,spp_,spp_sao_) values(nextval('hibernate_sequence'),'CAPEX',5,7,2,35,'Repeater inst and testing',null,'KZT','29403422','STD0048',2016,'RN-0502-33-0067',null);
insert into a_work(id_, cost_type_, contractor_, region_,service_,sap_service_number_, sap_po_service_name_,net_price_, currency_,fa_class_,material_group_, year_,spp_,spp_sao_) values(nextval('hibernate_sequence'),'CAPEX',5,7,2,36,'Repeater chge/repl',null,'KZT','29403422','STD0049',2016,'RN-0502-33-0067',null);
insert into a_work(id_, cost_type_, contractor_, region_,service_,sap_service_number_, sap_po_service_name_,net_price_, currency_,fa_class_,material_group_, year_,spp_,spp_sao_) values(nextval('hibernate_sequence'),'OPEX',5,7,null,37,'Repeater removal.',null,'KZT','29403422','STD0050',2016,'251-70160-1','252-70160-1');
insert into a_work(id_, cost_type_, contractor_, region_,service_,sap_service_number_, sap_po_service_name_,net_price_, currency_,fa_class_,material_group_, year_,spp_,spp_sao_) values(nextval('hibernate_sequence'),'CAPEX',5,7,2,38,'GSM Antenna inst',null,'KZT','29403422','STD0051',2016,'RN-0502-33-0067',null);
insert into a_work(id_, cost_type_, contractor_, region_,service_,sap_service_number_, sap_po_service_name_,net_price_, currency_,fa_class_,material_group_, year_,spp_,spp_sao_) values(nextval('hibernate_sequence'),'CAPEX',5,7,2,39,'GSM Ant loc chge/repl (incl poles)',null,'KZT','29403422','STD0052',2016,'RN-0502-33-0067',null);
insert into a_work(id_, cost_type_, contractor_, region_,service_,sap_service_number_, sap_po_service_name_,net_price_, currency_,fa_class_,material_group_, year_,spp_,spp_sao_) values(nextval('hibernate_sequence'),'CAPEX',5,7,2,40,'GSM Antenna direction chge',null,'KZT','29403422','STD0053',2016,'RN-0502-33-0067',null);
insert into a_work(id_, cost_type_, contractor_, region_,service_,sap_service_number_, sap_po_service_name_,net_price_, currency_,fa_class_,material_group_, year_,spp_,spp_sao_) values(nextval('hibernate_sequence'),'CAPEX',5,7,2,41,'GSM Antenna tilting',null,'KZT','29403422','STD0054',2016,'RN-0502-33-0067',null);
insert into a_work(id_, cost_type_, contractor_, region_,service_,sap_service_number_, sap_po_service_name_,net_price_, currency_,fa_class_,material_group_, year_,spp_,spp_sao_) values(nextval('hibernate_sequence'),'CAPEX',5,7,2,42,'GSM Antenna chge (with pole)',null,'KZT','29403422','STD0055',2016,'RN-0502-33-0067',null);
insert into a_work(id_, cost_type_, contractor_, region_,service_,sap_service_number_, sap_po_service_name_,net_price_, currency_,fa_class_,material_group_, year_,spp_,spp_sao_) values(nextval('hibernate_sequence'),'CAPEX',5,7,2,43,'GSM Antenna height chge (up/down)',null,'KZT','29403422','STD0056',2016,'RN-0502-33-0067',null);
insert into a_work(id_, cost_type_, contractor_, region_,service_,sap_service_number_, sap_po_service_name_,net_price_, currency_,fa_class_,material_group_, year_,spp_,spp_sao_) values(nextval('hibernate_sequence'),'OPEX',5,7,null,44,'GSM Antenna removal',null,'KZT','29403422','STD0057',2016,'251-70160-1','252-70160-1');
insert into a_work(id_, cost_type_, contractor_, region_,service_,sap_service_number_, sap_po_service_name_,net_price_, currency_,fa_class_,material_group_, year_,spp_,spp_sao_) values(nextval('hibernate_sequence'),'CAPEX',5,7,2,45,'FeederInst 0-75m(/sect,noFeedBefor)',null,'KZT','29403422','STD0058',2016,'RN-0502-33-0067',null);
insert into a_work(id_, cost_type_, contractor_, region_,service_,sap_service_number_, sap_po_service_name_,net_price_, currency_,fa_class_,material_group_, year_,spp_,spp_sao_) values(nextval('hibernate_sequence'),'CAPEX',5,7,2,46,'FeederInst 76-175m(/sec,noFeedBefor)',null,'KZT','29403422','STD0059',2016,'RN-0502-33-0067',null);
insert into a_work(id_, cost_type_, contractor_, region_,service_,sap_service_number_, sap_po_service_name_,net_price_, currency_,fa_class_,material_group_, year_,spp_,spp_sao_) values(nextval('hibernate_sequence'),'CAPEX',5,7,2,47,'FeederInst 176-^m(/sec,noFeedBefor)',null,'KZT','29403422','STD0060',2016,'RN-0502-33-0067',null);
insert into a_work(id_, cost_type_, contractor_, region_,service_,sap_service_number_, sap_po_service_name_,net_price_, currency_,fa_class_,material_group_, year_,spp_,spp_sao_) values(nextval('hibernate_sequence'),'CAPEX',5,7,2,48,'Feeder chg/rpl 0-75m(/sect,chge feed)',null,'KZT','29403422','STD0061',2016,'RN-0502-33-0067',null);
insert into a_work(id_, cost_type_, contractor_, region_,service_,sap_service_number_, sap_po_service_name_,net_price_, currency_,fa_class_,material_group_, year_,spp_,spp_sao_) values(nextval('hibernate_sequence'),'CAPEX',5,7,2,49,'Feeder chg/rpl 76-175m(/sec,chge feed',null,'KZT','29403422','STD0062',2016,'RN-0502-33-0067',null);
insert into a_work(id_, cost_type_, contractor_, region_,service_,sap_service_number_, sap_po_service_name_,net_price_, currency_,fa_class_,material_group_, year_,spp_,spp_sao_) values(nextval('hibernate_sequence'),'CAPEX',5,7,2,50,'Feeder chg/repl 176-^m(/sec,chgeFeed)',null,'KZT','29403422','STD0063',2016,'RN-0502-33-0067',null);
insert into a_work(id_, cost_type_, contractor_, region_,service_,sap_service_number_, sap_po_service_name_,net_price_, currency_,fa_class_,material_group_, year_,spp_,spp_sao_) values(nextval('hibernate_sequence'),'OPEX',5,7,null,51,'Feeder removal 0-75m ',null,'KZT','29403422','STD0064',2016,'251-70160-1','252-70160-1');
insert into a_work(id_, cost_type_, contractor_, region_,service_,sap_service_number_, sap_po_service_name_,net_price_, currency_,fa_class_,material_group_, year_,spp_,spp_sao_) values(nextval('hibernate_sequence'),'OPEX',5,7,null,52,'Feeder removal 76-175m',null,'KZT','29403422','STD0065',2016,'251-70160-1','252-70160-1');
insert into a_work(id_, cost_type_, contractor_, region_,service_,sap_service_number_, sap_po_service_name_,net_price_, currency_,fa_class_,material_group_, year_,spp_,spp_sao_) values(nextval('hibernate_sequence'),'OPEX',5,7,null,53,'Feeder removal 176-up m',null,'KZT','29403422','STD0066',2016,'251-70160-1','252-70160-1');
insert into a_work(id_, cost_type_, contractor_, region_,service_,sap_service_number_, sap_po_service_name_,net_price_, currency_,fa_class_,material_group_, year_,spp_,spp_sao_) values(nextval('hibernate_sequence'),'CAPEX',5,7,2,54,'Isol&Inst&Impl grdShelRoofPoles 2-6m',null,'KZT','29403422','STD0067',2016,null,null);
insert into a_work(id_, cost_type_, contractor_, region_,service_,sap_service_number_, sap_po_service_name_,net_price_, currency_,fa_class_,material_group_, year_,spp_,spp_sao_) values(nextval('hibernate_sequence'),'CAPEX',5,7,2,55,'Isol&Inst&Impl grdShelRoofPoles 7-10m',null,'KZT','29403422','STD0068',2016,null,null);
insert into a_work(id_, cost_type_, contractor_, region_,service_,sap_service_number_, sap_po_service_name_,net_price_, currency_,fa_class_,material_group_, year_,spp_,spp_sao_) values(nextval('hibernate_sequence'),'CAPEX',5,7,2,56,'Chge/repl grd/shel/roof poles 2-6m',null,'KZT','29403422','STD0069',2016,null,null);
insert into a_work(id_, cost_type_, contractor_, region_,service_,sap_service_number_, sap_po_service_name_,net_price_, currency_,fa_class_,material_group_, year_,spp_,spp_sao_) values(nextval('hibernate_sequence'),'CAPEX',5,7,2,57,'Chge/repl grd/shel/roof poles 7-10m',null,'KZT','29403422','STD0070',2016,null,null);
insert into a_work(id_, cost_type_, contractor_, region_,service_,sap_service_number_, sap_po_service_name_,net_price_, currency_,fa_class_,material_group_, year_,spp_,spp_sao_) values(nextval('hibernate_sequence'),'OPEX',5,7,null,58,'Removal on ground/ on shelter / on roof for all type of Poles from 2m till 6m',null,'KZT','29403422','STD0071',2016,'251-70160-1','252-70160-1');
insert into a_work(id_, cost_type_, contractor_, region_,service_,sap_service_number_, sap_po_service_name_,net_price_, currency_,fa_class_,material_group_, year_,spp_,spp_sao_) values(nextval('hibernate_sequence'),'OPEX',5,7,null,59,'Removal on ground/ on shelter / on roof for all type of Poles from 7m till 10m',null,'KZT','29403422','STD0072',2016,'251-70160-1','252-70160-1');
insert into a_work(id_, cost_type_, contractor_, region_,service_,sap_service_number_, sap_po_service_name_,net_price_, currency_,fa_class_,material_group_, year_,spp_,spp_sao_) values(nextval('hibernate_sequence'),'CAPEX',5,7,2,60,'2Mb, connection of PCM cbl to DDF',null,'KZT','29403422','STD0073',2016,'TN-0502-48-0067',null);
insert into a_work(id_, cost_type_, contractor_, region_,service_,sap_service_number_, sap_po_service_name_,net_price_, currency_,fa_class_,material_group_, year_,spp_,spp_sao_) values(nextval('hibernate_sequence'),'CAPEX',5,7,2,61,'chg/rpl 2Mb conn of PCM cbl to DDF',null,'KZT','29403422','STD0074',2016,'TN-0502-48-0067',null);
insert into a_work(id_, cost_type_, contractor_, region_,service_,sap_service_number_, sap_po_service_name_,net_price_, currency_,fa_class_,material_group_, year_,spp_,spp_sao_) values(nextval('hibernate_sequence'),'CAPEX',5,7,2,62,'HDSLModem/rout ciscoDlink/SIU ins&tst',null,'KZT','29403422','STD0075',2016,'TN-0502-48-0067',null);
insert into a_work(id_, cost_type_, contractor_, region_,service_,sap_service_number_, sap_po_service_name_,net_price_, currency_,fa_class_,material_group_, year_,spp_,spp_sao_) values(nextval('hibernate_sequence'),'CAPEX',5,7,2,63,'HDSLModem/rout ciscoDlink/SIU chg/rpl',null,'KZT','29403422','STD0076',2016,'TN-0502-48-0067',null);
insert into a_work(id_, cost_type_, contractor_, region_,service_,sap_service_number_, sap_po_service_name_,net_price_, currency_,fa_class_,material_group_, year_,spp_,spp_sao_) values(nextval('hibernate_sequence'),'OPEX',5,7,null,64,'HDSL Modem/router cisco, d-link/SIU Removal',null,'KZT','29403422','STD0077',2016,'251-70160-1','252-70160-1');
insert into a_work(id_, cost_type_, contractor_, region_,service_,sap_service_number_, sap_po_service_name_,net_price_, currency_,fa_class_,material_group_, year_,spp_,spp_sao_) values(nextval('hibernate_sequence'),'CAPEX',5,7,2,65,'MW HOP ins&tst in/odoorActAdj03-1,2m',null,'KZT','29403422','STD0078',2016,'TN-0502-48-0067',null);
insert into a_work(id_, cost_type_, contractor_, region_,service_,sap_service_number_, sap_po_service_name_,net_price_, currency_,fa_class_,material_group_, year_,spp_,spp_sao_) values(nextval('hibernate_sequence'),'CAPEX',5,7,2,66,'MW HOP ins&tst in/odoorActAdj1,6-3,3m',null,'KZT','29403422','STD0079',2016,'TN-0502-48-0067',null);
insert into a_work(id_, cost_type_, contractor_, region_,service_,sap_service_number_, sap_po_service_name_,net_price_, currency_,fa_class_,material_group_, year_,spp_,spp_sao_) values(nextval('hibernate_sequence'),'CAPEX',5,7,2,67,'MW HOP chg/rpl in/odoorActAdj03-1,2m',null,'KZT','29403422','STD0080',2016,'TN-0502-48-0067',null);
insert into a_work(id_, cost_type_, contractor_, region_,service_,sap_service_number_, sap_po_service_name_,net_price_, currency_,fa_class_,material_group_, year_,spp_,spp_sao_) values(nextval('hibernate_sequence'),'CAPEX',5,7,2,68,'MW HOP chg/rpl in/odoorActAdj1,6-3,3m',null,'KZT','29403422','STD0081',2016,'TN-0502-48-0067',null);
insert into a_work(id_, cost_type_, contractor_, region_,service_,sap_service_number_, sap_po_service_name_,net_price_, currency_,fa_class_,material_group_, year_,spp_,spp_sao_) values(nextval('hibernate_sequence'),'OPEX',5,7,null,69,'MW HOP removal including indoor, outdoor (0,3-1,2m)',null,'KZT','29403422','STD0082',2016,'251-70160-1','252-70160-1');
insert into a_work(id_, cost_type_, contractor_, region_,service_,sap_service_number_, sap_po_service_name_,net_price_, currency_,fa_class_,material_group_, year_,spp_,spp_sao_) values(nextval('hibernate_sequence'),'OPEX',5,7,null,70,'MW HOP removal including indoor, outdoor (1,6-3,3m)',null,'KZT','29403422','STD0083',2016,'251-70160-1','252-70160-1');
insert into a_work(id_, cost_type_, contractor_, region_,service_,sap_service_number_, sap_po_service_name_,net_price_, currency_,fa_class_,material_group_, year_,spp_,spp_sao_) values(nextval('hibernate_sequence'),'CAPEX',5,7,2,71,'MW Ant inst and testing (0,3-1,2m)',null,'KZT','29403422','STD0084',2016,'TN-0502-48-0067',null);
insert into a_work(id_, cost_type_, contractor_, region_,service_,sap_service_number_, sap_po_service_name_,net_price_, currency_,fa_class_,material_group_, year_,spp_,spp_sao_) values(nextval('hibernate_sequence'),'CAPEX',5,7,2,72,'MW Ant inst and testing (1,6-3,3m)',null,'KZT','29403422','STD0085',2016,'TN-0502-48-0067',null);
insert into a_work(id_, cost_type_, contractor_, region_,service_,sap_service_number_, sap_po_service_name_,net_price_, currency_,fa_class_,material_group_, year_,spp_,spp_sao_) values(nextval('hibernate_sequence'),'CAPEX',5,7,2,73,'MW Antenna chg/repl (0,3-1,2m)',null,'KZT','29403422','STD0086',2016,'TN-0502-48-0067',null);
insert into a_work(id_, cost_type_, contractor_, region_,service_,sap_service_number_, sap_po_service_name_,net_price_, currency_,fa_class_,material_group_, year_,spp_,spp_sao_) values(nextval('hibernate_sequence'),'CAPEX',5,7,2,74,'MW Antenna chg/repl (1,6-3,3m)',null,'KZT','29403422','STD0087',2016,'TN-0502-48-0067',null);
insert into a_work(id_, cost_type_, contractor_, region_,service_,sap_service_number_, sap_po_service_name_,net_price_, currency_,fa_class_,material_group_, year_,spp_,spp_sao_) values(nextval('hibernate_sequence'),'OPEX',5,7,null,75,'MW Antenna removal (0,3-1,2m)',null,'KZT','29403422','STD0088',2016,'251-70160-1','252-70160-1');
insert into a_work(id_, cost_type_, contractor_, region_,service_,sap_service_number_, sap_po_service_name_,net_price_, currency_,fa_class_,material_group_, year_,spp_,spp_sao_) values(nextval('hibernate_sequence'),'OPEX',5,7,null,76,'MW Antenna removal (1,6-3,3m)',null,'KZT','29403422','STD0089',2016,'251-70160-1','252-70160-1');
insert into a_work(id_, cost_type_, contractor_, region_,service_,sap_service_number_, sap_po_service_name_,net_price_, currency_,fa_class_,material_group_, year_,spp_,spp_sao_) values(nextval('hibernate_sequence'),'CAPEX',5,7,2,77,'MW Antenna dir chg incl adj(0,3-1,2m)',null,'KZT','29403422','STD0090',2016,'TN-0502-48-0067',null);
insert into a_work(id_, cost_type_, contractor_, region_,service_,sap_service_number_, sap_po_service_name_,net_price_, currency_,fa_class_,material_group_, year_,spp_,spp_sao_) values(nextval('hibernate_sequence'),'CAPEX',5,7,2,78,'MW Ant dir chge incl adj(1,6-3,3m)',null,'KZT','29403422','STD0091',2016,'TN-0502-48-0067',null);
insert into a_work(id_, cost_type_, contractor_, region_,service_,sap_service_number_, sap_po_service_name_,net_price_, currency_,fa_class_,material_group_, year_,spp_,spp_sao_) values(nextval('hibernate_sequence'),'CAPEX',5,7,2,79,'Power Splitter chge',null,'KZT','29403422','STD0092',2016,'TN-0502-48-0067',null);
insert into a_work(id_, cost_type_, contractor_, region_,service_,sap_service_number_, sap_po_service_name_,net_price_, currency_,fa_class_,material_group_, year_,spp_,spp_sao_) values(nextval('hibernate_sequence'),'CAPEX',5,7,2,80,'Add fastening by metal pipe (/1pipe)',null,'KZT','29403422','STD0093',2016,'TN-0502-48-0067',null);
insert into a_work(id_, cost_type_, contractor_, region_,service_,sap_service_number_, sap_po_service_name_,net_price_, currency_,fa_class_,material_group_, year_,spp_,spp_sao_) values(nextval('hibernate_sequence'),'CAPEX',5,7,1,81,'LTU/ETU/PFU inst cabl&test (any type)',null,'KZT','29403422','STD0094',2016,'TN-0502-48-0067',null);
insert into a_work(id_, cost_type_, contractor_, region_,service_,sap_service_number_, sap_po_service_name_,net_price_, currency_,fa_class_,material_group_, year_,spp_,spp_sao_) values(nextval('hibernate_sequence'),'CAPEX',5,7,1,82,'LTU/ETU/PFU chge/repl (any type)',null,'KZT','29403422','STD0095',2016,'TN-0502-48-0067',null);
insert into a_work(id_, cost_type_, contractor_, region_,service_,sap_service_number_, sap_po_service_name_,net_price_, currency_,fa_class_,material_group_, year_,spp_,spp_sao_) values(nextval('hibernate_sequence'),'OPEX',5,7,null,83,'LTU/ETU/PFU removal (any type)',null,'KZT','29403422','STD0096',2016,'251-70160-1','252-70160-1');
insert into a_work(id_, cost_type_, contractor_, region_,service_,sap_service_number_, sap_po_service_name_,net_price_, currency_,fa_class_,material_group_, year_,spp_,spp_sao_) values(nextval('hibernate_sequence'),'CAPEX',5,7,1,84,'NPU inst/chge/repl',null,'KZT','29403422','STD0097',2016,'TN-0502-48-0067',null);
insert into a_work(id_, cost_type_, contractor_, region_,service_,sap_service_number_, sap_po_service_name_,net_price_, currency_,fa_class_,material_group_, year_,spp_,spp_sao_) values(nextval('hibernate_sequence'),'CAPEX',5,7,1,85,'FAU inst/chge/rem',null,'KZT','29403422','STD0098',2016,'TN-0502-48-0067',null);
insert into a_work(id_, cost_type_, contractor_, region_,service_,sap_service_number_, sap_po_service_name_,net_price_, currency_,fa_class_,material_group_, year_,spp_,spp_sao_) values(nextval('hibernate_sequence'),'CAPEX',5,7,1,86,'UpgrChngConf MWequip(capProtSoftMod)',null,'KZT','29403422','STD0099',2016,'TN-0502-48-0067',null);
insert into a_work(id_, cost_type_, contractor_, region_,service_,sap_service_number_, sap_po_service_name_,net_price_, currency_,fa_class_,material_group_, year_,spp_,spp_sao_) values(nextval('hibernate_sequence'),'CAPEX',5,7,1,87,'TraffNode 2p/6p/FIU19 inst and tst',null,'KZT','29403422','STD0100',2016,'TN-0502-48-0067',null);
insert into a_work(id_, cost_type_, contractor_, region_,service_,sap_service_number_, sap_po_service_name_,net_price_, currency_,fa_class_,material_group_, year_,spp_,spp_sao_) values(nextval('hibernate_sequence'),'CAPEX',5,7,1,88,'TraffNode 20p/Metro HUB inst and tst',null,'KZT','29403422','STD0101',2016,'TN-0502-48-0067',null);
insert into a_work(id_, cost_type_, contractor_, region_,service_,sap_service_number_, sap_po_service_name_,net_price_, currency_,fa_class_,material_group_, year_,spp_,spp_sao_) values(nextval('hibernate_sequence'),'CAPEX',5,7,1,89,'TraffNod FIU19MetroHUB chgRpl(atypes',null,'KZT','29403422','STD0102',2016,'TN-0502-48-0067',null);
insert into a_work(id_, cost_type_, contractor_, region_,service_,sap_service_number_, sap_po_service_name_,net_price_, currency_,fa_class_,material_group_, year_,spp_,spp_sao_) values(nextval('hibernate_sequence'),'OPEX',5,7,null,90,'Traffic Node all type/MetroHUB/FIU19 removal',null,'KZT','29403422','STD0103',2016,'251-70160-1','252-70160-1');
insert into a_work(id_, cost_type_, contractor_, region_,service_,sap_service_number_, sap_po_service_name_,net_price_, currency_,fa_class_,material_group_, year_,spp_,spp_sao_) values(nextval('hibernate_sequence'),'CAPEX',5,7,1,91,'MMU/SMU inst and testing',null,'KZT','29403422','STD0104',2016,'TN-0502-48-0067',null);
insert into a_work(id_, cost_type_, contractor_, region_,service_,sap_service_number_, sap_po_service_name_,net_price_, currency_,fa_class_,material_group_, year_,spp_,spp_sao_) values(nextval('hibernate_sequence'),'CAPEX',5,7,1,92,'MMU/SMU chge/repl',null,'KZT','29403422','STD0105',2016,'TN-0502-48-0067',null);
insert into a_work(id_, cost_type_, contractor_, region_,service_,sap_service_number_, sap_po_service_name_,net_price_, currency_,fa_class_,material_group_, year_,spp_,spp_sao_) values(nextval('hibernate_sequence'),'OPEX',5,7,null,93,'MMU/SMU removal',null,'KZT','29403422','STD0106',2016,'251-70160-1','252-70160-1');
insert into a_work(id_, cost_type_, contractor_, region_,service_,sap_service_number_, sap_po_service_name_,net_price_, currency_,fa_class_,material_group_, year_,spp_,spp_sao_) values(nextval('hibernate_sequence'),'CAPEX',5,7,1,94,'RAU inst+ power splitter (any type)',null,'KZT','29403422','STD0107',2016,'TN-0502-48-0067',null);
insert into a_work(id_, cost_type_, contractor_, region_,service_,sap_service_number_, sap_po_service_name_,net_price_, currency_,fa_class_,material_group_, year_,spp_,spp_sao_) values(nextval('hibernate_sequence'),'CAPEX',5,7,1,95,'RAU chge (any type)',null,'KZT','29403422','STD0108',2016,'TN-0502-48-0067',null);
insert into a_work(id_, cost_type_, contractor_, region_,service_,sap_service_number_, sap_po_service_name_,net_price_, currency_,fa_class_,material_group_, year_,spp_,spp_sao_) values(nextval('hibernate_sequence'),'OPEX',5,7,null,96,'RAU removal with power splitter (any type)',null,'KZT','29403422','STD0109',2016,'251-70160-1','252-70160-1');
insert into a_work(id_, cost_type_, contractor_, region_,service_,sap_service_number_, sap_po_service_name_,net_price_, currency_,fa_class_,material_group_, year_,spp_,spp_sao_) values(nextval('hibernate_sequence'),'CAPEX',5,7,1,97,'AMM 2U/4U/14U inst (incl grounding)',null,'KZT','29403422','STD0110',2016,'TN-0502-48-0067',null);
insert into a_work(id_, cost_type_, contractor_, region_,service_,sap_service_number_, sap_po_service_name_,net_price_, currency_,fa_class_,material_group_, year_,spp_,spp_sao_) values(nextval('hibernate_sequence'),'CAPEX',5,7,1,98,'AMM 2U/4U/14U chge/repl (incl grnd)',null,'KZT','29403422','STD0111',2016,'TN-0502-48-0067',null);
insert into a_work(id_, cost_type_, contractor_, region_,service_,sap_service_number_, sap_po_service_name_,net_price_, currency_,fa_class_,material_group_, year_,spp_,spp_sao_) values(nextval('hibernate_sequence'),'OPEX',5,7,null,99,'AMM 2U/4U/14U removal (including grounding)',null,'KZT','29403422','STD0112',2016,'251-70160-1','252-70160-1');
insert into a_work(id_, cost_type_, contractor_, region_,service_,sap_service_number_, sap_po_service_name_,net_price_, currency_,fa_class_,material_group_, year_,spp_,spp_sao_) values(nextval('hibernate_sequence'),'CAPEX',5,7,1,100,'Transmiss rack 19" inst (incl grnd)',null,'KZT','29403422','STD0113',2016,'TN-0502-48-0067',null);
insert into a_work(id_, cost_type_, contractor_, region_,service_,sap_service_number_, sap_po_service_name_,net_price_, currency_,fa_class_,material_group_, year_,spp_,spp_sao_) values(nextval('hibernate_sequence'),'CAPEX',5,7,1,101,'Transm rack 19" che/rpl (incl grnd)',null,'KZT','29403422','STD0114',2016,'TN-0502-48-0067',null);
insert into a_work(id_, cost_type_, contractor_, region_,service_,sap_service_number_, sap_po_service_name_,net_price_, currency_,fa_class_,material_group_, year_,spp_,spp_sao_) values(nextval('hibernate_sequence'),'OPEX',5,7,null,102,'Transmission rack 19" removal (including grounding)',null,'KZT','29403422','STD0115',2016,'251-70160-1','252-70160-1');
insert into a_work(id_, cost_type_, contractor_, region_,service_,sap_service_number_, sap_po_service_name_,net_price_, currency_,fa_class_,material_group_, year_,spp_,spp_sao_) values(nextval('hibernate_sequence'),'CAPEX',5,7,1,103,'MW Feeder/cbl inst 0-75m',null,'KZT','29403422','STD0116',2016,'TN-0502-48-0067',null);
insert into a_work(id_, cost_type_, contractor_, region_,service_,sap_service_number_, sap_po_service_name_,net_price_, currency_,fa_class_,material_group_, year_,spp_,spp_sao_) values(nextval('hibernate_sequence'),'CAPEX',5,7,1,104,'MW Feeder/cbl inst 76-175m',null,'KZT','29403422','STD0117',2016,'TN-0502-48-0067',null);
insert into a_work(id_, cost_type_, contractor_, region_,service_,sap_service_number_, sap_po_service_name_,net_price_, currency_,fa_class_,material_group_, year_,spp_,spp_sao_) values(nextval('hibernate_sequence'),'CAPEX',5,7,1,105,'MW Feeder/cbl inst 176- up m',null,'KZT','29403422','STD0118',2016,'TN-0502-48-0067',null);
insert into a_work(id_, cost_type_, contractor_, region_,service_,sap_service_number_, sap_po_service_name_,net_price_, currency_,fa_class_,material_group_, year_,spp_,spp_sao_) values(nextval('hibernate_sequence'),'CAPEX',5,7,1,106,'MW Feeder/cbl chge/repl 0-75m',null,'KZT','29403422','STD0119',2016,'TN-0502-48-0067',null);
insert into a_work(id_, cost_type_, contractor_, region_,service_,sap_service_number_, sap_po_service_name_,net_price_, currency_,fa_class_,material_group_, year_,spp_,spp_sao_) values(nextval('hibernate_sequence'),'CAPEX',5,7,1,107,'MW Feeder/cbl chge/repl 76-175m',null,'KZT','29403422','STD0120',2016,'TN-0502-48-0067',null);
insert into a_work(id_, cost_type_, contractor_, region_,service_,sap_service_number_, sap_po_service_name_,net_price_, currency_,fa_class_,material_group_, year_,spp_,spp_sao_) values(nextval('hibernate_sequence'),'CAPEX',5,7,1,108,'MW Feeder/cbl chge/repl 176- up m',null,'KZT','29403422','STD0121',2016,'TN-0502-48-0067',null);
insert into a_work(id_, cost_type_, contractor_, region_,service_,sap_service_number_, sap_po_service_name_,net_price_, currency_,fa_class_,material_group_, year_,spp_,spp_sao_) values(nextval('hibernate_sequence'),'OPEX',5,7,null,109,'MW Feeder/cable removal 0-75m ',null,'KZT','29403422','STD0122',2016,'251-70160-1','252-70160-1');
insert into a_work(id_, cost_type_, contractor_, region_,service_,sap_service_number_, sap_po_service_name_,net_price_, currency_,fa_class_,material_group_, year_,spp_,spp_sao_) values(nextval('hibernate_sequence'),'OPEX',5,7,null,110,'MW Feeder/cable removal 75-175m',null,'KZT','29403422','STD0123',2016,'251-70160-1','252-70160-1');
insert into a_work(id_, cost_type_, contractor_, region_,service_,sap_service_number_, sap_po_service_name_,net_price_, currency_,fa_class_,material_group_, year_,spp_,spp_sao_) values(nextval('hibernate_sequence'),'OPEX',5,7,null,111,'MW Feeder/cable removal 176-up m',null,'KZT','29403422','STD0124',2016,'251-70160-1','252-70160-1');
insert into a_work(id_, cost_type_, contractor_, region_,service_,sap_service_number_, sap_po_service_name_,net_price_, currency_,fa_class_,material_group_, year_,spp_,spp_sao_) values(nextval('hibernate_sequence'),'CAPEX',5,7,1,112,'Add fast+instPipesMLfeeder cbl(*len)',null,'KZT','29403422','STD0125',2016,'TN-0502-48-0067',null);
insert into a_work(id_, cost_type_, contractor_, region_,service_,sap_service_number_, sap_po_service_name_,net_price_, currency_,fa_class_,material_group_, year_,spp_,spp_sao_) values(nextval('hibernate_sequence'),'CAPEX',5,7,1,113,'PCM/UTP/KVSM/opt p.crd inst 0-75m',null,'KZT','29403422','STD0126',2016,'RN-0502-33-0067',null);
insert into a_work(id_, cost_type_, contractor_, region_,service_,sap_service_number_, sap_po_service_name_,net_price_, currency_,fa_class_,material_group_, year_,spp_,spp_sao_) values(nextval('hibernate_sequence'),'CAPEX',5,7,1,114,'PCM/UTP/KVSM/opt p.crd inst 76-175m',null,'KZT','29403422','STD0127',2016,'RN-0502-33-0067',null);
insert into a_work(id_, cost_type_, contractor_, region_,service_,sap_service_number_, sap_po_service_name_,net_price_, currency_,fa_class_,material_group_, year_,spp_,spp_sao_) values(nextval('hibernate_sequence'),'CAPEX',5,7,1,115,'PCM/UTP/KVSM/opt p.crd inst 176-^m',null,'KZT','29403422','STD0128',2016,'RN-0502-33-0067',null);
insert into a_work(id_, cost_type_, contractor_, region_,service_,sap_service_number_, sap_po_service_name_,net_price_, currency_,fa_class_,material_group_, year_,spp_,spp_sao_) values(nextval('hibernate_sequence'),'CAPEX',5,7,1,116,'PCM/UTP/KVSM/opt p.crd chg/rpl 0-75m',null,'KZT','29403422','STD0129',2016,'RN-0502-33-0067',null);
insert into a_work(id_, cost_type_, contractor_, region_,service_,sap_service_number_, sap_po_service_name_,net_price_, currency_,fa_class_,material_group_, year_,spp_,spp_sao_) values(nextval('hibernate_sequence'),'CAPEX',5,7,1,117,'PCM/UTP/KVSM/optP.crdChg/rpl76-175m',null,'KZT','29403422','STD0130',2016,'RN-0502-33-0067',null);
insert into a_work(id_, cost_type_, contractor_, region_,service_,sap_service_number_, sap_po_service_name_,net_price_, currency_,fa_class_,material_group_, year_,spp_,spp_sao_) values(nextval('hibernate_sequence'),'CAPEX',5,7,1,118,'PCM/UTP/KVSM/opt p.crd chg/rpl 176-m',null,'KZT','29403422','STD0131',2016,'RN-0502-33-0067',null);
insert into a_work(id_, cost_type_, contractor_, region_,service_,sap_service_number_, sap_po_service_name_,net_price_, currency_,fa_class_,material_group_, year_,spp_,spp_sao_) values(nextval('hibernate_sequence'),'OPEX',5,7,null,119,'PCM/UTP/KVSM/optical patchcord Cable removal 0-75m',null,'KZT','29403422','STD0132',2016,'251-70160-1','252-70160-1');
insert into a_work(id_, cost_type_, contractor_, region_,service_,sap_service_number_, sap_po_service_name_,net_price_, currency_,fa_class_,material_group_, year_,spp_,spp_sao_) values(nextval('hibernate_sequence'),'OPEX',5,7,null,120,'PCM/UTP/KVSM/optical patchcord Cable removal 76-175m',null,'KZT','29403422','STD0133',2016,'251-70160-1','252-70160-1');
insert into a_work(id_, cost_type_, contractor_, region_,service_,sap_service_number_, sap_po_service_name_,net_price_, currency_,fa_class_,material_group_, year_,spp_,spp_sao_) values(nextval('hibernate_sequence'),'OPEX',5,7,null,121,'PCM/UTP/KVSM/optical patchcord Cable removal 176-up m',null,'KZT','29403422','STD0134',2016,'251-70160-1','252-70160-1');
insert into a_work(id_, cost_type_, contractor_, region_,service_,sap_service_number_, sap_po_service_name_,net_price_, currency_,fa_class_,material_group_, year_,spp_,spp_sao_) values(nextval('hibernate_sequence'),'CAPEX',5,7,1,122,'DDF/plinth inst+ cabiling (for pair)',null,'KZT','29403422','STD0135',2016,'TN-0502-48-0067',null);
insert into a_work(id_, cost_type_, contractor_, region_,service_,sap_service_number_, sap_po_service_name_,net_price_, currency_,fa_class_,material_group_, year_,spp_,spp_sao_) values(nextval('hibernate_sequence'),'CAPEX',5,7,1,123,'DDF/plinth chge/repl (for pair)',null,'KZT','29403422','STD0136',2016,'TN-0502-48-0067',null);
insert into a_work(id_, cost_type_, contractor_, region_,service_,sap_service_number_, sap_po_service_name_,net_price_, currency_,fa_class_,material_group_, year_,spp_,spp_sao_) values(nextval('hibernate_sequence'),'OPEX',5,7,null,124,'DDF/plinth removal (for pair) ',null,'KZT','29403422','STD0137',2016,'251-70160-1','252-70160-1');
insert into a_work(id_, cost_type_, contractor_, region_,service_,sap_service_number_, sap_po_service_name_,net_price_, currency_,fa_class_,material_group_, year_,spp_,spp_sao_) values(nextval('hibernate_sequence'),'CAPEX',5,7,1,125,'Ind cbl trac way i/c/r/rm 0-50m',null,'KZT','29403422','STD0138',2016,'TN-0502-48-0067',null);
insert into a_work(id_, cost_type_, contractor_, region_,service_,sap_service_number_, sap_po_service_name_,net_price_, currency_,fa_class_,material_group_, year_,spp_,spp_sao_) values(nextval('hibernate_sequence'),'CAPEX',5,7,1,126,'Ind cbl trac way i/c/r/rm 51-100m',null,'KZT','29403422','STD0139',2016,'TN-0502-48-0067',null);
insert into a_work(id_, cost_type_, contractor_, region_,service_,sap_service_number_, sap_po_service_name_,net_price_, currency_,fa_class_,material_group_, year_,spp_,spp_sao_) values(nextval('hibernate_sequence'),'CAPEX',5,7,1,127,'Ind cbl trac way i/c/r/rm 101-^m',null,'KZT','29403422','STD0140',2016,'TN-0502-48-0067',null);
insert into a_work(id_, cost_type_, contractor_, region_,service_,sap_service_number_, sap_po_service_name_,net_price_, currency_,fa_class_,material_group_, year_,spp_,spp_sao_) values(nextval('hibernate_sequence'),'CAPEX',5,7,1,128,'Odoor cbl trac way i/c/r/rm 0-50m',null,'KZT','29403422','STD0141',2016,'TN-0502-48-0067',null);
insert into a_work(id_, cost_type_, contractor_, region_,service_,sap_service_number_, sap_po_service_name_,net_price_, currency_,fa_class_,material_group_, year_,spp_,spp_sao_) values(nextval('hibernate_sequence'),'CAPEX',5,7,1,129,'Odoor cbl trac way i/c/r/rm 101-^m',null,'KZT','29403422','STD0142',2016,'TN-0502-48-0067',null);
insert into a_work(id_, cost_type_, contractor_, region_,service_,sap_service_number_, sap_po_service_name_,net_price_, currency_,fa_class_,material_group_, year_,spp_,spp_sao_) values(nextval('hibernate_sequence'),'CAPEX',5,7,1,130,'Odoor cbl trac way i/c/r/rm 51-100 m',null,'KZT','29403422','STD0143',2016,'RN-0502-33-0067',null);
insert into a_work(id_, cost_type_, contractor_, region_,service_,sap_service_number_, sap_po_service_name_,net_price_, currency_,fa_class_,material_group_, year_,spp_,spp_sao_) values(nextval('hibernate_sequence'),'CAPEX',5,7,1,131,'Odoor TR rack inst',null,'KZT','29403422','STD0144',2016,'RN-0502-33-0067',null);
insert into a_work(id_, cost_type_, contractor_, region_,service_,sap_service_number_, sap_po_service_name_,net_price_, currency_,fa_class_,material_group_, year_,spp_,spp_sao_) values(nextval('hibernate_sequence'),'CAPEX',5,7,1,132,'Odoor TR rack chge/repl',null,'KZT','29403422','STD0145',2016,'TN-0502-48-0067',null);
insert into a_work(id_, cost_type_, contractor_, region_,service_,sap_service_number_, sap_po_service_name_,net_price_, currency_,fa_class_,material_group_, year_,spp_,spp_sao_) values(nextval('hibernate_sequence'),'OPEX',5,7,null,133,'Outdoor TR rack removal',null,'KZT','29403422','STD0146',2016,'251-70160-1','252-70160-1');
insert into a_work(id_, cost_type_, contractor_, region_,service_,sap_service_number_, sap_po_service_name_,net_price_, currency_,fa_class_,material_group_, year_,spp_,spp_sao_) values(nextval('hibernate_sequence'),'CAPEX',5,7,1,134,'DC/DC convert inst, cabling connect',null,'KZT','29403422','STD0147',2016,'RN-0502-33-0067',null);
insert into a_work(id_, cost_type_, contractor_, region_,service_,sap_service_number_, sap_po_service_name_,net_price_, currency_,fa_class_,material_group_, year_,spp_,spp_sao_) values(nextval('hibernate_sequence'),'CAPEX',5,7,1,135,'DC/DC converter chge/repl',null,'KZT','29403422','STD0148',2016,'TN-0502-48-0067',null);
insert into a_work(id_, cost_type_, contractor_, region_,service_,sap_service_number_, sap_po_service_name_,net_price_, currency_,fa_class_,material_group_, year_,spp_,spp_sao_) values(nextval('hibernate_sequence'),'OPEX',5,7,null,136,'DC/DC converter removal',null,'KZT','29403422','STD0149',2016,'251-70160-1','252-70160-1');
insert into a_work(id_, cost_type_, contractor_, region_,service_,sap_service_number_, sap_po_service_name_,net_price_, currency_,fa_class_,material_group_, year_,spp_,spp_sao_) values(nextval('hibernate_sequence'),'CAPEX',5,7,1,137,'DDU inst/chge/rem',null,'KZT','29403422','STD0150',2016,null,null);
insert into a_work(id_, cost_type_, contractor_, region_,service_,sap_service_number_, sap_po_service_name_,net_price_, currency_,fa_class_,material_group_, year_,spp_,spp_sao_) values(nextval('hibernate_sequence'),'CAPEX',5,7,1,138,'PwrCblIns(4x10/,4x16)/m(exclMat)',null,'KZT','29403422','STD0151',2016,'RN-0502-33-0067',null);
insert into a_work(id_, cost_type_, contractor_, region_,service_,sap_service_number_, sap_po_service_name_,net_price_, currency_,fa_class_,material_group_, year_,spp_,spp_sao_) values(nextval('hibernate_sequence'),'CAPEX',5,7,1,139,'PwrCbl chg/rpl (4x10, 4x16),/m',null,'KZT','29403422','STD0152',2016,'RN-0502-33-0067',null);
insert into a_work(id_, cost_type_, contractor_, region_,service_,sap_service_number_, sap_po_service_name_,net_price_, currency_,fa_class_,material_group_, year_,spp_,spp_sao_) values(nextval('hibernate_sequence'),'OPEX',5,7,null,140,'Power Cable Removal (4x10mm2, 4x16mm2), per m ',null,'KZT','29403422','STD0153',2016,'251-70160-1','252-70160-1');
insert into a_work(id_, cost_type_, contractor_, region_,service_,sap_service_number_, sap_po_service_name_,net_price_, currency_,fa_class_,material_group_, year_,spp_,spp_sao_) values(nextval('hibernate_sequence'),'CAPEX',5,7,1,141,'PwrCbl inst (4x25mm2),/m',null,'KZT','29403422','STD0154',2016,'RN-0502-33-0067',null);
insert into a_work(id_, cost_type_, contractor_, region_,service_,sap_service_number_, sap_po_service_name_,net_price_, currency_,fa_class_,material_group_, year_,spp_,spp_sao_) values(nextval('hibernate_sequence'),'CAPEX',5,7,1,142,'PwrCbl chge/repl (4x25mm2),/m',null,'KZT','29403422','STD0155',2016,'RN-0502-33-0067',null);
insert into a_work(id_, cost_type_, contractor_, region_,service_,sap_service_number_, sap_po_service_name_,net_price_, currency_,fa_class_,material_group_, year_,spp_,spp_sao_) values(nextval('hibernate_sequence'),'OPEX',5,7,null,143,'Power cable removal (4x25mm2), per m',null,'KZT','29403422','STD0156',2016,'251-70160-1','252-70160-1');
insert into a_work(id_, cost_type_, contractor_, region_,service_,sap_service_number_, sap_po_service_name_,net_price_, currency_,fa_class_,material_group_, year_,spp_,spp_sao_) values(nextval('hibernate_sequence'),'CAPEX',5,7,1,144,'Actura/Rectifier inst (any type)',null,'KZT','29403422','STD0157',2016,'RN-0502-33-0067',null);
insert into a_work(id_, cost_type_, contractor_, region_,service_,sap_service_number_, sap_po_service_name_,net_price_, currency_,fa_class_,material_group_, year_,spp_,spp_sao_) values(nextval('hibernate_sequence'),'CAPEX',5,7,1,145,'Actura/Rectifier chge (any type)',null,'KZT','29403422','STD0158',2016,'RN-0502-33-0067',null);
insert into a_work(id_, cost_type_, contractor_, region_,service_,sap_service_number_, sap_po_service_name_,net_price_, currency_,fa_class_,material_group_, year_,spp_,spp_sao_) values(nextval('hibernate_sequence'),'OPEX',5,7,null,146,'Actura/Rectifier Removal (any type)',null,'KZT','29403422','STD0159',2016,'251-70160-1','252-70160-1');
insert into a_work(id_, cost_type_, contractor_, region_,service_,sap_service_number_, sap_po_service_name_,net_price_, currency_,fa_class_,material_group_, year_,spp_,spp_sao_) values(nextval('hibernate_sequence'),'CAPEX',5,7,1,147,'Power counter inst',null,'KZT','29403422','STD0160',2016,'RN-0502-33-0067',null);
insert into a_work(id_, cost_type_, contractor_, region_,service_,sap_service_number_, sap_po_service_name_,net_price_, currency_,fa_class_,material_group_, year_,spp_,spp_sao_) values(nextval('hibernate_sequence'),'CAPEX',5,7,1,148,'Power counter chge/repl',null,'KZT','29403422','STD0161',2016,'RN-0502-33-0067',null);
insert into a_work(id_, cost_type_, contractor_, region_,service_,sap_service_number_, sap_po_service_name_,net_price_, currency_,fa_class_,material_group_, year_,spp_,spp_sao_) values(nextval('hibernate_sequence'),'OPEX',5,7,null,149,'Power counter Removal',null,'KZT','29403422','STD0162',2016,'251-70160-1','252-70160-1');
insert into a_work(id_, cost_type_, contractor_, region_,service_,sap_service_number_, sap_po_service_name_,net_price_, currency_,fa_class_,material_group_, year_,spp_,spp_sao_) values(nextval('hibernate_sequence'),'CAPEX',5,7,1,150,'Circuit breaker inst per breaker',null,'KZT','29403422','STD0163',2016,'RN-0502-33-0067',null);
insert into a_work(id_, cost_type_, contractor_, region_,service_,sap_service_number_, sap_po_service_name_,net_price_, currency_,fa_class_,material_group_, year_,spp_,spp_sao_) values(nextval('hibernate_sequence'),'CAPEX',5,7,1,151,'Circuit break chge/ repl per breaker',null,'KZT','29403422','STD0164',2016,'RN-0502-33-0067',null);
insert into a_work(id_, cost_type_, contractor_, region_,service_,sap_service_number_, sap_po_service_name_,net_price_, currency_,fa_class_,material_group_, year_,spp_,spp_sao_) values(nextval('hibernate_sequence'),'OPEX',5,7,null,152,'Cross Connection Checking ',null,'KZT','29403422','STD0165',2016,'251-70160-1','252-70160-1');
insert into a_work(id_, cost_type_, contractor_, region_,service_,sap_service_number_, sap_po_service_name_,net_price_, currency_,fa_class_,material_group_, year_,spp_,spp_sao_) values(nextval('hibernate_sequence'),'OPEX',5,7,null,153,'Lock installation',null,'KZT','29403422','STD0166',2016,'251-70160-1','252-70160-1');
insert into a_work(id_, cost_type_, contractor_, region_,service_,sap_service_number_, sap_po_service_name_,net_price_, currency_,fa_class_,material_group_, year_,spp_,spp_sao_) values(nextval('hibernate_sequence'),'OPEX',5,7,null,154,'Lock change/replacement',null,'KZT','29403422','STD0167',2016,'251-70160-1','252-70160-1');
insert into a_work(id_, cost_type_, contractor_, region_,service_,sap_service_number_, sap_po_service_name_,net_price_, currency_,fa_class_,material_group_, year_,spp_,spp_sao_) values(nextval('hibernate_sequence'),'CAPEX',5,7,1,155,'Mobile BTS inst (TR,Power,ON-AIR)',null,'KZT','29403422','STD0168',2016,null,null);
insert into a_work(id_, cost_type_, contractor_, region_,service_,sap_service_number_, sap_po_service_name_,net_price_, currency_,fa_class_,material_group_, year_,spp_,spp_sao_) values(nextval('hibernate_sequence'),'CAPEX',5,7,1,156,'Inst&On-air Colloc BTS on site',null,'KZT','29403422','STD0169',2016,'RN-0502-33-0067',null);
insert into a_work(id_, cost_type_, contractor_, region_,service_,sap_service_number_, sap_po_service_name_,net_price_, currency_,fa_class_,material_group_, year_,spp_,spp_sao_) values(nextval('hibernate_sequence'),'CAPEX',5,7,1,157,'Inst surv/build site (incl a.design)',null,'KZT','29403422','STD0170',2016,'RN-0502-33-0067',null);
insert into a_work(id_, cost_type_, contractor_, region_,service_,sap_service_number_, sap_po_service_name_,net_price_, currency_,fa_class_,material_group_, year_,spp_,spp_sao_) values(nextval('hibernate_sequence'),'CAPEX',5,7,1,158,'Impl/indoor ant (1-20 pcs per site)',null,'KZT','29403422','STD0171',2016,'RN-0502-33-0067',null);
insert into a_work(id_, cost_type_, contractor_, region_,service_,sap_service_number_, sap_po_service_name_,net_price_, currency_,fa_class_,material_group_, year_,spp_,spp_sao_) values(nextval('hibernate_sequence'),'CAPEX',5,7,1,159,'Impl/indoor ant (21-50 pcs per site)',null,'KZT','29403422','STD0172',2016,'RN-0502-33-0067',null);
insert into a_work(id_, cost_type_, contractor_, region_,service_,sap_service_number_, sap_po_service_name_,net_price_, currency_,fa_class_,material_group_, year_,spp_,spp_sao_) values(nextval('hibernate_sequence'),'CAPEX',5,7,1,160,'Impl/indoor antenna (51-^ per site)',null,'KZT','29403422','STD0173',2016,'RN-0502-33-0067',null);
update a_work set create_date_ = current_date;